"split","size","interval","interval_start","interval_end","taxa","interval_includes_0"
1,1," (0.357,0.378)",0.357,0.378,"  1 2 3 4 5 6 7 8 9 10 11 12 13 14 15 16 18 19 20 21 22 23 24 25 26 27 28 29 30",FALSE
2,2," (-0.011,0.011)",-0.011,0.011,"  1 2 3 4 5 6 7 8 10 11 12 13 14 15 16 18 19 20 21 22 23 24 25 26 27 28 29 30",TRUE
3,14," (-0.001,0.001)",-0.001,0.001,"  1 2 3 4 5 7 8 11 12 13 14 15 16 30",TRUE
4,4," (-0.008,0.008)",-0.008,0.008,"  1 2 4 5",TRUE
5,2," (-0.011,0.011)",-0.011,0.011,"  1 2",TRUE
6,1," (0.356,0.374)",0.356,0.374,"  1",FALSE
7,1," (0.33,0.351)",0.33,0.351,"  1 2 3 4 5 6 7 8 10 11 12 13 14 15 16 17 18 19 20 21 22 23 24 25 26 27 28 29 30",FALSE
8,2," (0.016,0.036)",0.016,0.036,"  1 2 3 4 5 6 7 8 11 12 13 14 15 16 17 18 19 20 21 22 23 24 25 26 27 28 29 30",FALSE
9,3," (-0.007,0.007)",-0.007,0.007,"  1 2 3 4 5 7 8 11 12 13 14 15 16 17 18 19 20 21 22 23 24 25 26 27 28 29 30",TRUE
10,4," (-0.002,0.002)",-0.002,0.002,"  1 2 3 4 5 7 8 11 12 13 14 15 16 17 18 19 20 22 23 24 25 26 27 28 29 30",TRUE
11,1," (0.332,0.352)",0.332,0.352,"  1 2 3 4 5 6 7 8 9 11 12 13 14 15 16 17 18 19 20 21 22 23 24 25 26 27 28 29 30",FALSE
12,1," (0.355,0.377)",0.355,0.377,"  1 2 3 4 5 7 8 9 10 11 12 13 14 15 16 17 18 19 20 21 22 23 24 25 26 27 28 29 30",FALSE
13,2," (-0.007,0.007)",-0.007,0.007,"  1 2 3 4 5 7 8 9 10 11 12 13 14 15 16 17 18 19 20 22 23 24 25 26 27 28 29 30",TRUE
14,4," (-0.007,0.007)",-0.007,0.007,"  1 2 3 4 5 7 8 9 10 11 12 13 14 15 16 17 18 19 20 24 25 26 27 28 29 30",TRUE
15,4," (-0.006,0.006)",-0.006,0.006,"  1 9 10 17",TRUE
16,1," (0.317,0.344)",0.317,0.344,"  1 2 3 4 5 6 7 8 9 10 11 12 13 14 15 16 17 18 19 20 22 23 24 25 26 27 28 29 30",FALSE
17,2," (0.017,0.04)",0.017,0.04,"  1 2 3 4 5 6 7 8 9 10 11 12 13 14 15 16 17 18 19 20 23 24 25 26 27 28 29 30",FALSE
18,3," (0,0.019)",0,0.019,"  1 2 3 4 5 6 7 8 9 10 11 12 13 14 15 16 17 18 19 20 24 25 26 27 28 29 30",TRUE
19,9," (-0.002,0.002)",-0.002,0.002,"  1 2 3 4 5 6 7 8 9 10 11 12 13 14 15 16 17 18 19 25 30",TRUE
20,1," (0.317,0.336)",0.317,0.336,"  1 2 3 4 5 6 7 8 9 10 11 12 13 14 15 16 17 18 19 20 21 23 24 25 26 27 28 29 30",FALSE
21,2," (-0.011,0.019)",-0.011,0.019,"  1 2 3 4 5 6 7 8 9 10 11 12 13 14 15 16 17 18 19 20 21 24 25 26 27 28 29 30",TRUE
22,15," (-0.001,0.001)",-0.001,0.001,"  1 2 3 4 5 6 8 9 10 11 12 13 14 17 21",TRUE
23,1," (0.346,0.368)",0.346,0.368,"  1 2 3 4 5 6 7 8 9 10 11 12 13 14 15 16 17 18 19 20 21 22 24 25 26 27 28 29 30",FALSE
24,7," (-0.004,0.004)",-0.004,0.004,"  1 2 3 4 5 6 7 8 9 10 11 12 13 14 15 16 17 18 19 21 22 25 30",TRUE
25,1," (0.357,0.368)",0.357,0.368,"  1 2 3 4 5 6 7 8 9 10 11 12 13 14 15 16 17 18 19 20 21 22 23 24 25 26 27 28 30",FALSE
26,5," (-0.002,0.008)",-0.002,0.008,"  1 2 3 4 5 6 7 8 9 10 11 12 13 14 15 16 17 18 19 21 22 23 25 27 30",TRUE
27,6," (-0.002,0.011)",-0.002,0.011,"  1 2 3 4 5 6 7 8 9 10 11 12 13 14 15 16 17 18 19 21 22 23 25 30",TRUE
28,9," (-0.001,0.001)",-0.001,0.001,"  1 2 3 4 5 6 7 8 9 10 11 12 13 14 15 16 17 21 22 23 30",TRUE
29,1," (0.328,0.355)",0.328,0.355,"  1 2 3 4 5 6 7 8 9 10 11 12 13 14 15 16 17 18 19 20 21 22 23 25 26 27 28 29 30",FALSE
30,2," (0,0.032)",0,0.032,"  1 2 3 4 5 6 7 8 9 10 11 12 13 14 15 16 17 18 19 21 22 23 25 26 27 28 29 30",TRUE
31,5," (-0.004,0.011)",-0.004,0.011,"  1 2 3 4 5 6 7 8 9 10 11 12 13 14 15 16 17 18 19 21 22 23 25 29 30",TRUE
32,9," (0,0)",0,0,"  1 2 3 4 5 6 7 8 9 10 11 12 13 14 15 16 17 21 22 23 29",TRUE
33,1," (0.292,0.322)",0.292,0.322,"  1 2 3 4 5 6 7 8 9 10 11 12 13 14 15 16 17 18 19 21 22 23 24 25 26 27 28 29 30",FALSE
34,3," (0.013,0.029)",0.013,0.029,"  1 2 3 4 5 6 7 8 9 10 11 12 13 14 15 16 17 18 19 21 22 23 24 25 27 29 30",FALSE
35,5," (0,0.025)",0,0.025,"  1 2 3 4 5 6 7 8 9 10 11 12 13 14 15 16 17 18 19 21 22 23 24 29 30",TRUE
36,1," (0.272,0.286)",0.272,0.286,"  1 2 3 4 5 6 7 8 9 10 11 12 13 14 15 16 17 18 19 20 21 22 23 24 25 26 27 29 30",FALSE
37,2," (-0.002,0.014)",-0.002,0.014,"  1 2 3 4 5 6 7 8 9 10 11 12 13 14 15 16 17 18 19 20 21 22 23 24 25 27 29 30",TRUE
38,3," (0.028,0.046)",0.028,0.046,"  1 2 3 4 5 6 7 8 9 10 11 12 13 14 15 16 17 18 19 20 21 22 23 24 25 29 30",FALSE
39,1," (0.258,0.275)",0.258,0.275,"  1 2 3 4 5 6 7 8 9 10 11 12 13 14 15 16 17 18 19 20 21 22 23 24 25 27 28 29 30",FALSE
40,2," (-0.005,0.015)",-0.005,0.015,"  1 2 3 4 5 6 7 8 9 10 11 12 13 14 15 16 17 18 19 20 21 22 23 24 25 28 29 30",TRUE
41,3," (-0.005,0.01)",-0.005,0.01,"  1 2 3 4 5 6 7 8 9 10 11 12 13 14 15 16 17 18 19 20 21 22 23 24 28 29 30",TRUE
42,1," (0.292,0.315)",0.292,0.315,"  1 2 3 4 5 6 7 8 9 10 11 12 13 14 15 16 17 18 19 20 21 22 23 24 25 26 28 29 30",FALSE
43,1," (0.343,0.361)",0.343,0.361,"  1 2 3 4 5 6 7 8 9 10 11 12 13 14 15 16 17 18 19 20 21 22 23 24 26 27 28 29 30",FALSE
44,2," (-0.008,0.008)",-0.008,0.008,"  1 2 3 4 5 6 7 8 9 10 11 12 13 14 15 16 17 18 20 21 22 23 24 26 27 28 29 30",TRUE
45,1," (0.356,0.372)",0.356,0.372,"  1 2 3 4 5 6 7 8 9 10 11 12 13 14 15 16 17 18 20 21 22 23 24 25 26 27 28 29 30",FALSE
46,2," (-0.001,0.015)",-0.001,0.015,"  1 2 3 4 5 6 7 8 9 10 11 12 13 14 15 16 17 20 21 22 23 24 25 26 27 28 29 30",TRUE
47,1," (0.35,0.375)",0.35,0.375,"  1 2 3 4 5 6 7 8 9 10 11 12 13 14 15 16 17 19 20 21 22 23 24 25 26 27 28 29 30",FALSE
48,3," (-0.005,0.005)",-0.005,0.005,"  1 2 3 4 5 6 7 8 9 10 11 12 13 14 16 17 19 20 21 22 23 24 25 26 27 28 29",TRUE
49,1," (0.359,0.377)",0.359,0.377,"  1 2 3 4 5 6 7 8 9 10 11 12 13 14 15 16 17 18 19 20 21 22 23 24 25 26 27 28 29",FALSE
50,6," (-0.002,0.002)",-0.002,0.002,"  1 2 3 4 5 6 9 10 12 13 14 17 18 19 20 21 22 23 24 25 26 27 28 29",TRUE
51,1," (0.355,0.375)",0.355,0.375,"  1 2 3 4 5 6 7 8 9 10 11 12 13 14 16 17 18 19 20 21 22 23 24 25 26 27 28 29 30",FALSE
52,3," (-0.004,0.004)",-0.004,0.004,"  1 2 3 4 5 6 8 9 10 11 12 13 14 17 18 19 20 21 22 23 24 25 26 27 28 29 30",TRUE
53,1," (0.358,0.376)",0.358,0.376,"  1 2 3 4 5 6 7 8 9 10 11 12 13 14 15 17 18 19 20 21 22 23 24 25 26 27 28 29 30",FALSE
54,1," (0.348,0.375)",0.348,0.375,"  1 2 3 4 5 6 8 9 10 11 12 13 14 15 16 17 18 19 20 21 22 23 24 25 26 27 28 29 30",FALSE
55,2," (-0.002,0.014)",-0.002,0.014,"  1 2 3 4 5 6 9 10 11 12 13 14 15 16 17 18 19 20 21 22 23 24 25 26 27 28 29 30",TRUE
56,6," (-0.003,0.003)",-0.003,0.003,"  1 2 3 4 5 6 9 10 15 16 17 18 19 20 21 22 23 24 25 26 27 28 29 30",TRUE
57,1," (0.352,0.371)",0.352,0.371,"  1 2 3 4 5 6 7 9 10 11 12 13 14 15 16 17 18 19 20 21 22 23 24 25 26 27 28 29 30",FALSE
58,3," (-0.001,0.001)",-0.001,0.001,"  1 2 3 4 5 6 7 9 10 13 14 15 16 17 18 19 20 21 22 23 24 25 26 27 28 29 30",TRUE
59,1," (0.355,0.378)",0.355,0.378,"  1 2 3 4 5 6 7 8 9 10 12 13 14 15 16 17 18 19 20 21 22 23 24 25 26 27 28 29 30",FALSE
60,3," (-0.007,0.007)",-0.007,0.007,"  1 2 3 4 5 6 7 8 9 10 14 15 16 17 18 19 20 21 22 23 24 25 26 27 28 29 30",TRUE
61,4," (-0.004,0.004)",-0.004,0.004,"  1 2 3 4 5 6 7 8 9 10 15 16 17 18 19 20 21 22 23 24 25 26 27 28 29 30",TRUE
62,1," (0.349,0.369)",0.349,0.369,"  1 2 3 4 5 6 7 8 9 10 11 13 14 15 16 17 18 19 20 21 22 23 24 25 26 27 28 29 30",FALSE
63,2," (0,0.018)",0,0.018,"  1 2 3 4 5 6 7 8 9 10 11 14 15 16 17 18 19 20 21 22 23 24 25 26 27 28 29 30",TRUE
64,1," (0.347,0.367)",0.347,0.367,"  1 2 3 4 5 6 7 8 9 10 11 12 14 15 16 17 18 19 20 21 22 23 24 25 26 27 28 29 30",FALSE
65,2," (-0.01,0.013)",-0.01,0.013,"  1 2 3 4 5 6 7 8 9 10 11 12 15 16 17 18 19 20 21 22 23 24 25 26 27 28 29 30",TRUE
66,1," (0.354,0.378)",0.354,0.378,"  1 2 3 4 5 6 7 8 9 10 11 12 13 15 16 17 18 19 20 21 22 23 24 25 26 27 28 29 30",FALSE
67,2," (-0.009,0.009)",-0.009,0.009,"  1 2 4 5 6 7 8 9 10 11 12 13 15 16 17 18 19 20 21 22 23 24 25 26 27 28 29 30",TRUE
68,5," (-0.001,0.001)",-0.001,0.001,"  1 6 7 8 9 10 11 12 13 15 16 17 18 19 20 21 22 23 24 25 26 27 28 29 30",TRUE
69,1," (0.323,0.348)",0.323,0.348,"  1 2 4 5 6 7 8 9 10 11 12 13 14 15 16 17 18 19 20 21 22 23 24 25 26 27 28 29 30",FALSE
70,2," (0.01,0.036)",0.01,0.036,"  1 2 5 6 7 8 9 10 11 12 13 14 15 16 17 18 19 20 21 22 23 24 25 26 27 28 29 30",FALSE
71,3," (0,0.017)",0,0.017,"  1 2 6 7 8 9 10 11 12 13 14 15 16 17 18 19 20 21 22 23 24 25 26 27 28 29 30",TRUE
72,1," (0.324,0.343)",0.324,0.343,"  1 2 3 5 6 7 8 9 10 11 12 13 14 15 16 17 18 19 20 21 22 23 24 25 26 27 28 29 30",FALSE
73,2," (-0.009,0.011)",-0.009,0.011,"  1 2 3 6 7 8 9 10 11 12 13 14 15 16 17 18 19 20 21 22 23 24 25 26 27 28 29 30",TRUE
74,3," (-0.008,0.01)",-0.008,0.01,"  1 3 6 7 8 9 10 11 12 13 14 15 16 17 18 19 20 21 22 23 24 25 26 27 28 29 30",TRUE
75,1," (0.344,0.363)",0.344,0.363,"  1 2 3 4 6 7 8 9 10 11 12 13 14 15 16 17 18 19 20 21 22 23 24 25 26 27 28 29 30",FALSE
76,2," (-0.011,0.011)",-0.011,0.011,"  1 3 4 6 7 8 9 10 11 12 13 14 15 16 17 18 19 20 21 22 23 24 25 26 27 28 29 30",TRUE
77,1," (0.353,0.37)",0.353,0.37,"  1 3 4 5 6 7 8 9 10 11 12 13 14 15 16 17 18 19 20 21 22 23 24 25 26 27 28 29 30",FALSE
78,3," (-0.006,0.006)",-0.006,0.006,"  1 2 3 4 5 6 7 8 11 12 13 14 15 16 18 19 20 21 22 23 24 25 26 27 28 29 30",TRUE
79,3," (-0.008,0.008)",-0.008,0.008,"  1 2 5",TRUE
80,2," (-0.003,0.003)",-0.003,0.003,"  1 2 3 4 5 6 7 8 9 11 12 13 14 15 16 18 19 20 21 22 23 24 25 26 27 28 29 30",TRUE
81,6," (-0.001,0.001)",-0.001,0.001,"  1 2 3 4 5 6 7 8 9 11 12 13 14 15 18 19 20 24 25 26 27 28 29 30",TRUE
82,5," (-0.004,0.004)",-0.004,0.004,"  1 2 4 5 9",TRUE
83,3," (-0.002,0.002)",-0.002,0.002,"  1 2 9",TRUE
84,2," (-0.007,0.007)",-0.007,0.007,"  1 2 3 4 5 6 7 8 9 10 11 12 13 14 15 18 19 20 21 22 23 24 25 26 27 28 29 30",TRUE
85,3," (-0.005,0.005)",-0.005,0.005,"  1 9 10",TRUE
86,3," (-0.006,0.006)",-0.006,0.006,"  1 2 3 4 5 6 7 8 9 10 11 12 13 14 15 17 18 19 20 23 24 25 26 27 28 29 30",TRUE
87,7," (0,0)",0,0,"  1 2 3 4 5 6 7 8 9 10 15 16 17 18 19 20 24 25 26 27 28 29 30",TRUE
88,6," (0,0)",0,0,"  1 2 3 4 5 6 7 8 9 10 15 16 17 18 19 20 21 24 25 26 27 28 29 30",TRUE
89,2," (-0.006,0.006)",-0.006,0.006,"  1 2 3 4 5 6 7 8 9 10 12 13 14 15 16 17 18 19 20 21 22 24 25 26 27 28 29 30",TRUE
90,11," (-0.001,0.001)",-0.001,0.001,"  1 2 3 4 5 6 7 8 9 10 16 17 18 19 20 21 22 25 30",TRUE
91,2," (-0.005,0.005)",-0.005,0.005,"  1 2 3 4 5 6 7 8 9 10 13 14 15 16 17 18 19 20 21 22 23 24 25 26 27 28 29 30",TRUE
92,3," (-0.006,0.006)",-0.006,0.006,"  1 2 3 4 5 6 7 8 9 10 11 15 16 17 18 19 20 21 22 23 24 25 26 27 28 29 30",TRUE
93,10," (-0.001,0.001)",-0.001,0.001,"  1 2 3 4 5 6 7 8 9 10 11 16 17 18 19 21 22 23 25 30",TRUE
94,2," (-0.006,0.006)",-0.006,0.006,"  1 2 3 4 5 6 7 8 9 10 11 12 13 16 17 18 19 20 21 22 23 24 25 26 27 28 29 30",TRUE
95,10," (-0.001,0.001)",-0.001,0.001,"  1 2 3 4 5 6 7 8 9 10 11 12 13 14 16 17 21 22 23 30",TRUE
96,4," (-0.003,0.003)",-0.003,0.003,"  1 2 3 4 5 6 7 8 9 10 11 12 13 14 15 16 17 18 19 20 21 22 23 25 28 30",TRUE
97,7," (-0.004,0.004)",-0.004,0.004,"  1 2 3 4 5 6 7 8 9 10 11 12 13 14 15 16 17 18 19 21 22 23 30",TRUE
98,8," (-0.002,0.002)",-0.002,0.002,"  1 2 3 4 5 6 7 8 9 10 11 12 13 14 15 16 17 18 21 22 23 30",TRUE
99,14," (-0.001,0.001)",-0.001,0.001,"  1 2 9 10 11 12 13 14 15 16 17 21 22 23",TRUE
100,4," (-0.004,0.004)",-0.004,0.004,"  1 2 3 4 5 6 7 8 9 10 11 12 13 14 15 16 17 18 19 21 22 23 24 27 29 30",TRUE
101,2," (-0.006,0.006)",-0.006,0.006,"  1 2 3 4 5 6 7 8 9 10 11 12 13 14 15 16 17 18 19 21 22 23 24 26 27 28 29 30",TRUE
102,4," (-0.001,0.001)",-0.001,0.001,"  1 2 3 4 5 6 7 9 10 11 12 13 14 15 16 17 20 21 22 23 24 26 27 28 29 30",TRUE
103,2," (-0.001,0.001)",-0.001,0.001,"  1 2 3 4 5 6 7 9 10 11 12 13 14 15 16 17 19 20 21 22 23 24 25 26 27 28 29 30",TRUE
104,4," (-0.002,0.002)",-0.002,0.002,"  1 2 3 4 5 9 10 11 12 13 14 15 16 17 19 20 21 22 23 24 25 26 27 28 29 30",TRUE
105,2," (-0.008,0.008)",-0.008,0.008,"  1 2 3 4 5 8 9 10 11 12 13 14 15 16 17 18 19 20 21 22 23 24 25 26 27 28 29 30",TRUE
106,3," (-0.002,0.002)",-0.002,0.002,"  1 2 3 4 5 8 9 10 11 12 13 14 15 16 17 18 19 20 21 22 23 24 25 26 27 28 29",TRUE
107,6," (-0.003,0.003)",-0.003,0.003,"  1 7 8 9 10 11 12 13 14 15 16 17 18 19 20 21 22 23 24 25 26 27 28 29",TRUE
108,2," (-0.008,0.008)",-0.008,0.008,"  1 2 4 5 6 7 8 9 10 11 12 13 14 15 16 17 18 19 20 21 22 23 24 25 26 27 28 29",TRUE
109,2," (-0.007,0.007)",-0.007,0.007,"  1 3 4 5 6 7 8 9 10 11 12 13 14 15 16 17 18 19 20 22 23 24 25 26 27 28 29 30",TRUE
110,6," (-0.002,0.002)",-0.002,0.002,"  1 20 24 26 27 28",TRUE
111,4," (-0.002,0.002)",-0.002,0.002,"  1 2 3 4 5 6 7 8 9 10 11 12 13 14 15 16 17 19 20 24 25 26 27 28 29 30",TRUE
112,9," (0,0)",0,0,"  1 2 3 4 5 6 7 8 9 11 12 13 14 16 20 24 25 26 27 28 29",TRUE
113,4," (-0.002,0.002)",-0.002,0.002,"  1 2 3 4 5 6 7 8 9 10 11 12 13 14 15 16 17 20 21 24 25 26 27 28 29 30",TRUE
114,4," (-0.004,0.004)",-0.004,0.004,"  1 2 3 4 5 6 7 8 9 10 11 12 13 14 16 17 20 21 22 23 24 25 26 27 28 29",TRUE
115,11," (0,0)",0,0,"  1 2 3 4 5 11 12 13 16 20 21 22 23 24 25 26 27 28 29",TRUE
116,2," (-0.006,0.006)",-0.006,0.006,"  1 2 3 4 5 6 7 8 9 10 11 12 13 14 15 16 17 18 20 21 22 23 24 25 26 27 28 29",TRUE
117,3," (-0.002,0.002)",-0.002,0.002,"  1 2 3 4 5 6 7 8 9 10 11 12 13 14 16 18 19 20 21 22 23 24 25 26 27 28 29",TRUE
118,4," (-0.001,0.001)",-0.001,0.001,"  1 2 3 4 5 6 7 8 11 12 13 14 16 18 19 20 21 22 23 24 25 26 27 28 29 30",TRUE
119,14," (-0.001,0.001)",-0.001,0.001,"  1 2 11 16 18 19 20 21 22 23 24 25 26 27 28 30",TRUE
120,4," (-0.004,0.004)",-0.004,0.004,"  1 2 3 4 5 7 8 11 12 13 14 15 16 18 19 20 21 22 23 24 25 26 27 28 29 30",TRUE
121,5," (-0.002,0.002)",-0.002,0.002,"  1 2 3 4 5 11 12 13 14 15 16 17 18 19 20 21 22 23 24 25 26 27 28 29 30",TRUE
122,10," (-0.001,0.001)",-0.001,0.001,"  1 2 9 10 11 15 16 17 18 19 20 21 22 23 24 25 26 27 28 30",TRUE
123,13," (0,0)",0,0,"  1 2 9 10 15 17 18 19 21 22 23 24 30",TRUE
124,3," (-0.004,0.004)",-0.004,0.004,"  1 2 3 4 5 6 9 10 11 12 13 15 16 17 18 19 20 21 22 23 24 25 26 27 28 29 30",TRUE
125,5," (-0.002,0.002)",-0.002,0.002,"  1 2 5 6 7 9 10 11 12 13 15 16 17 18 19 20 21 22 23 24 25 26 27 28 30",TRUE
126,3," (0,0)",0,0,"  1 2 4 5 6 7 8 9 10 11 12 13 15 16 17 18 19 20 21 22 23 24 25 26 27 28 30",TRUE
127,7," (-0.001,0.001)",-0.001,0.001,"  1 2 6 7 8 9 10 11 15 16 17 18 19 20 21 22 23 24 25 26 27 28 30",TRUE
128,2," (-0.001,0.001)",-0.001,0.001,"  1 2 4 5 6 7 8 9 10 11 12 13 14 15 16 17 18 19 20 21 22 23 24 25 26 27 28 30",TRUE
129,4," (-0.002,0.002)",-0.002,0.002,"  1 2 6 7 8 9 10 11 13 14 15 16 17 18 19 20 21 22 23 24 25 26 27 28 29 30",TRUE
130,3," (0,0)",0,0,"  1 2 3 6 7 8 9 10 11 13 14 15 16 17 18 19 20 21 22 23 24 25 26 27 28 29 30",TRUE
131,7," (-0.001,0.001)",-0.001,0.001,"  1 2 3 4 5 6 7 8 9 10 14 15 17 18 19 20 21 22 23 24 28 29 30",TRUE
132,3," (-0.004,0.004)",-0.004,0.004,"  1 2 3 4 5 6 7 8 9 10 12 14 15 17 18 19 20 21 22 23 24 25 26 27 28 29 30",TRUE
133,3," (-0.003,0.003)",-0.003,0.003,"  1 2 3 4 5 6 7 8 9 10 12 13 14 15 17 18 19 20 21 22 23 24 26 27 28 29 30",TRUE
134,8," (-0.001,0.001)",-0.001,0.001,"  1 2 3 4 5 6 7 8 9 10 12 13 14 15 17 18 19 21 22 23 29 30",TRUE
135,2," (-0.001,0.001)",-0.001,0.001,"  1 2 3 4 5 6 7 8 9 10 11 12 13 14 15 17 18 19 20 21 22 23 24 26 27 28 29 30",TRUE
136,6," (-0.002,0.002)",-0.002,0.002,"  1 2 3 4 5 6 7 8 9 10 11 12 13 14 15 17 18 19 21 22 23 24 29 30",TRUE
137,6," (-0.009,0.009)",-0.009,0.009,"  1 2 3 4 5 6 7 8 9 10 11 12 13 14 15 16 17 18 19 21 22 23 29 30",TRUE
138,4," (-0.009,0.009)",-0.009,0.009,"  1 2 3 4 5 6 7 8 9 10 11 12 13 14 15 16 17 18 19 21 22 23 25 27 29 30",TRUE
139,6," (-0.003,0.003)",-0.003,0.003,"  1 7 8 9 10 11 12 13 15 16 17 18 19 20 21 22 23 24 25 26 27 28 29 30",TRUE
140,6," (-0.001,0.001)",-0.001,0.001,"  1 16 17 21 22 23",TRUE
141,3," (-0.001,0.001)",-0.001,0.001,"  1 16 17",TRUE
142,4," (-0.005,0.005)",-0.005,0.005,"  1 3 7 8 9 10 11 12 13 14 15 16 17 18 19 20 21 22 23 24 25 26 27 28 29 30",TRUE
143,12," (0,0)",0,0,"  1 3 10 16 17 18 19 20 21 22 23 24 25 26 27 28 29 30",TRUE
144,6," (0,0)",0,0,"  1 3 16 17 21 22",TRUE
145,5," (-0.002,0.002)",-0.002,0.002,"  1 3 4 7 8 9 10 11 12 15 16 17 18 19 20 21 22 23 24 25 26 27 28 29 30",TRUE
146,2," (-0.009,0.009)",-0.009,0.009,"  1 3 4 5 7 8 9 10 11 12 13 14 15 16 17 18 19 20 21 22 23 24 25 26 27 28 29 30",TRUE
147,6," (-0.001,0.001)",-0.001,0.001,"  1 3 4 5 16 17",TRUE
148,7," (-0.003,0.003)",-0.003,0.003,"  1 2 3 4 5 9 10 15 16 17 18 19 20 21 22 23 24 25 26 27 28 29 30",TRUE
149,6," (-0.002,0.002)",-0.002,0.002,"  1 2 3 4 5 16",TRUE
150,13," (0,0)",0,0,"  1 2 3 4 5 6 16 17 21 22 23 29 30",TRUE
151,15," (0,0)",0,0,"  1 2 3 4 5 6 14 16 17 21 22 23 24 29 30",TRUE
152,3," (-0.006,0.006)",-0.006,0.006,"  1 2 3 4 5 6 9 10 12 13 14 15 16 17 18 19 20 21 22 23 24 25 26 27 28 29 30",TRUE
153,3," (-0.007,0.007)",-0.007,0.007,"  1 2 3 4 5 6 9 10 11 12 13 14 16 17 18 19 20 21 22 23 24 25 26 27 28 29 30",TRUE
154,6," (0,0)",0,0,"  1 2 3 4 5 6 11 12 13 14 16 17 19 20 21 22 23 24 25 26 27 28 29 30",TRUE
155,2," (-0.016,0.016)",-0.016,0.016,"  1 2 3 4 5 6 8 9 10 11 12 13 14 16 17 18 19 20 21 22 23 24 25 26 27 28 29 30",TRUE
156,3," (-0.003,0.003)",-0.003,0.003,"  1 2 3 4 5 6 8 10 11 12 13 14 16 17 18 19 20 21 22 23 24 25 26 27 28 29 30",TRUE
157,14," (0,0)",0,0,"  1 2 3 4 5 6 8 11 12 13 14 16 17 21",TRUE
158,3," (-0.005,0.005)",-0.005,0.005,"  1 2 3 4 5 6 7 8 9 11 12 13 14 15 16 17 20 21 22 23 24 25 26 27 28 29 30",TRUE
159,7," (-0.001,0.001)",-0.001,0.001,"  1 2 3 4 5 6 7 8 9 10 11 12 13 14 15 16 17 18 21 22 23 29 30",TRUE
160,10," (0,0)",0,0,"  1 2 3 4 5 6 7 8 9 10 11 12 13 14 15 16 17 18 19 21",TRUE
161,8," (-0.001,0.001)",-0.001,0.001,"  1 2 3 4 5 6 7 8 9 10 11 12 13 14 15 16 17 18 19 21 22 25",TRUE
162,9," (-0.001,0.001)",-0.001,0.001,"  1 2 3 4 5 6 7 8 9 10 11 12 13 14 15 16 17 18 19 21 25",TRUE
163,11," (-0.002,0.002)",-0.002,0.002,"  1 2 3 4 5 6 7 8 9 10 11 12 13 14 15 16 18 19 25",TRUE
164,2," (-0.002,0.002)",-0.002,0.002,"  1 2 3 4 5 6 7 8 9 10 11 12 13 14 15 16 17 18 19 20 21 22 24 25 26 27 28 29",TRUE
165,4," (-0.007,0.007)",-0.007,0.007,"  1 2 3 4 5 6 7 8 9 10 11 12 13 14 15 16 18 19 20 24 25 26 27 28 29 30",TRUE
166,3," (-0.007,0.007)",-0.007,0.007,"  1 2 3 4 5 6 7 8 9 10 11 12 13 14 15 16 18 19 20 23 24 25 26 27 28 29 30",TRUE
167,4," (-0.003,0.003)",-0.003,0.003,"  1 2 3 4 5 6 7 8 9 10 11 12 13 14 15 18 19 20 23 24 25 26 27 28 29 30",TRUE
168,10," (0,0)",0,0,"  1 7 9 10 15 16 17 18 19 20 21 22 23 24 25 26 27 28 29 30",TRUE
169,11," (0,0)",0,0,"  1 7 9 10 15 16 17 18 19 20 21 22 23 24 26 27 28 29 30",TRUE
170,7," (0,0)",0,0,"  1 7 15 16 22 23 30",TRUE
171,2," (-0.007,0.007)",-0.007,0.007,"  1 16",TRUE
172,4," (-0.003,0.003)",-0.003,0.003,"  1 7 8 16",TRUE
173,3," (-0.003,0.003)",-0.003,0.003,"  1 3 4 6 7 8 9 10 12 13 14 15 16 17 18 19 20 21 22 23 24 25 26 27 28 29 30",TRUE
174,3," (-0.003,0.003)",-0.003,0.003,"  1 8 12",TRUE
175,5," (-0.004,0.004)",-0.004,0.004,"  1 7 8 9 10 11 12 13 14 15 16 17 18 19 20 21 22 23 24 25 26 27 28 29 30",TRUE
176,7," (-0.002,0.002)",-0.002,0.002,"  1 7 8 9 10 11 12 15 16 17 18 19 20 21 22 23 24 25 26 27 28 29 30",TRUE
177,7," (0,0)",0,0,"  1 7 8 11 12 15 16",TRUE
178,5," (0,0)",0,0,"  1 2 8 11 12",TRUE
179,3," (-0.007,0.007)",-0.007,0.007,"  1 2 5 7 8 9 10 11 12 13 14 15 16 17 18 19 20 21 22 23 24 25 26 27 28 29 30",TRUE
180,6," (-0.001,0.001)",-0.001,0.001,"  1 2 5 8 11 12",TRUE
181,11," (0,0)",0,0,"  1 2 4 5 7 8 9 10 11 12 15 16 17 18 19 21 22 23 30",TRUE
182,8," (-0.001,0.001)",-0.001,0.001,"  1 2 4 5 8 11 12 16",TRUE
183,7," (0,0)",0,0,"  1 2 4 5 8 11 12",TRUE
184,2," (-0.01,0.01)",-0.01,0.01,"  1 2 3 4 5 7 8 9 10 11 12 14 15 16 17 18 19 20 21 22 23 24 25 26 27 28 29 30",TRUE
185,3," (-0.002,0.002)",-0.002,0.002,"  1 2 3 4 5 7 8 9 10 11 12 15 16 17 18 19 20 21 22 23 24 25 26 27 28 29 30",TRUE
186,8," (0,0)",0,0,"  1 2 3 4 5 8 11 12",TRUE
187,8," (-0.001,0.001)",-0.001,0.001,"  1 2 3 4 5 6 7 8 9 10 11 12 15 16 17 18 19 21 22 23 29 30",TRUE
188,2," (-0.008,0.008)",-0.008,0.008,"  1 2 3 4 5 6 7 8 9 10 11 12 13 15 16 17 18 19 20 21 22 23 24 26 27 28 29 30",TRUE
189,10," (-0.001,0.001)",-0.001,0.001,"  1 2 3 4 5 6 8 11 12 13",TRUE
190,11," (0,0)",0,0,"  1 2 3 4 5 6 8 11 12 13 14",TRUE
191,4," (-0.012,0.012)",-0.012,0.012,"  1 2 3 4 5 6 7 8 9 10 11 12 13 14 15 16 17 18 19 21 22 23 24 25 29 30",TRUE
192,7," (-0.005,0.005)",-0.005,0.005,"  1 2 3 4 5 6 7 8 9 10 11 12 13 14 15 16 17 19 21 22 23 25 30",TRUE
193,14," (-0.001,0.001)",-0.001,0.001,"  1 2 3 4 5 6 7 8 11 12 13 14 15 16 25 30",TRUE
194,12," (0,0)",0,0,"  1 2 3 4 5 6 8 11 12 13 14 25",TRUE
195,13," (0,0)",0,0,"  1 2 3 4 5 6 8 11 12 13 14 25 27",TRUE
196,4," (-0.003,0.003)",-0.003,0.003,"  1 2 3 4 5 6 7 8 9 10 11 12 13 14 15 16 17 20 21 22 23 25 26 27 28 30",TRUE
197,6," (-0.001,0.001)",-0.001,0.001,"  1 2 3 4 5 6 7 8 11 12 13 14 15 16 20 21 22 23 24 25 26 27 28 30",TRUE
198,4," (-0.004,0.004)",-0.004,0.004,"  1 2 3 4 5 6 7 8 11 12 13 14 15 16 17 20 21 22 23 24 25 26 27 28 29 30",TRUE
199,5," (-0.003,0.003)",-0.003,0.003,"  1 2 3 4 5 6 7 8 11 12 13 14 15 16 20 21 22 23 24 25 26 27 28 29 30",TRUE
200,2," (-0.01,0.01)",-0.01,0.01,"  1 2 3 4 5 6 7 8 9 11 12 13 14 15 16 17 18 20 21 22 23 24 25 26 27 28 29 30",TRUE
201,3," (-0.005,0.005)",-0.005,0.005,"  1 2 3 4 5 6 7 8 11 12 13 14 15 16 17 18 20 21 22 23 24 25 26 27 28 29 30",TRUE
202,3," (-0.001,0.001)",-0.001,0.001,"  1 2 3 4 5 6 7 8 10 11 12 13 14 15 16 18 19 20 22 23 24 25 26 27 28 29 30",TRUE
203,2," (-0.012,0.012)",-0.012,0.012,"  1 2 3 4 5 6 7 8 9 10 11 12 13 14 16 17 18 19 20 21 22 23 24 25 26 27 28 29",TRUE
204,3," (-0.003,0.003)",-0.003,0.003,"  1 2 3 4 5 7 8 9 10 11 12 13 14 15 16 17 18 19 20 22 24 25 26 27 28 29 30",TRUE
205,5," (-0.001,0.001)",-0.001,0.001,"  1 2 3 4 5 6 7 8 9 10 11 12 13 14 17 18 19 20 24 25 26 27 28 29 30",TRUE
206,6," (-0.002,0.002)",-0.002,0.002,"  1 2 3 4 5 6",TRUE
207,6," (0,0)",0,0,"  1 2 3 4 5 6 9 10 11 12 13 14 17 18 19 20 23 24 25 26 27 28 29 30",TRUE
208,9," (0,0)",0,0,"  1 2 3 4 5 6 9 10 11 12 13 14 19 20 23 24 25 26 27 28 29",TRUE
209,6," (-0.001,0.001)",-0.001,0.001,"  1 2 4 5 6 23",TRUE
210,2," (-0.007,0.007)",-0.007,0.007,"  1 2 3 4 5 6 7 8 9 10 11 12 13 14 15 17 18 19 20 21 23 24 25 26 27 28 29 30",TRUE
211,4," (-0.003,0.003)",-0.003,0.003,"  1 2 3 4 5 6 8 9 10 11 12 13 14 17 18 19 20 21 23 24 25 26 27 28 29 30",TRUE
212,8," (-0.001,0.001)",-0.001,0.001,"  1 2 3 4 5 6 21 23",TRUE
213,2," (-0.01,0.01)",-0.01,0.01,"  1 2 3 4 5 6 7 8 9 10 11 12 13 14 17 18 19 20 21 22 23 24 25 26 27 28 29 30",TRUE
214,9," (0,0)",0,0,"  1 2 3 4 5 6 9 10 12 13 14 20 21 22 23 24 25 26 27 28 29",TRUE
215,4," (-0.003,0.003)",-0.003,0.003,"  1 2 3 4 5 6 9 10 11 12 13 14 16 17 18 19 20 21 22 23 24 25 26 27 28 29",TRUE
216,15," (0,0)",0,0,"  1 2 3 4 5 6 16 20 21 22 23 25 26 27 28",TRUE
217,7," (0,0)",0,0,"  1 2 6 16 21 22 23",TRUE
218,4," (-0.001,0.001)",-0.001,0.001,"  1 2 3 4 5 6 9 10 11 12 13 14 15 16 18 19 20 21 22 23 24 25 26 27 28 29",TRUE
219,2," (-0.005,0.005)",-0.005,0.005,"  1 2 3 4 5 6 7 9 10 11 12 13 14 15 16 17 18 19 20 21 22 23 24 25 26 27 28 29",TRUE
220,2," (-0.006,0.006)",-0.006,0.006,"  1 2 3 4 5 6 7 8 9 10 11 12 13 14 15 16 18 19 20 21 22 23 24 25 26 27 28 29",TRUE
221,3," (-0.004,0.004)",-0.004,0.004,"  1 2 3 4 5 6 7 8 9 10 11 12 13 14 15 16 19 20 21 22 23 24 25 26 27 28 29",TRUE
222,4," (-0.002,0.002)",-0.002,0.002,"  1 2 3 4 5 6 7 8 9 10 11 12 13 14 15 16 20 21 22 23 24 25 26 27 28 29",TRUE
223,3," (-0.001,0.001)",-0.001,0.001,"  1 2 3 4 5 6 7 8 9 10 11 12 13 14 15 16 20 21 22 23 24 25 26 27 28 29 30",TRUE
224,15," (0,0)",0,0,"  1 2 3 4 5 6 7 8 15 16 21 22 23 25 30",TRUE
225,2," (-0.006,0.006)",-0.006,0.006,"  1 2 3 4 5 6 7 8 9 10 12 13 14 15 16 17 18 20 21 22 23 24 25 26 27 28 29 30",TRUE
226,5," (0,0)",0,0,"  1 2 3 4 5 6 7 8 9 14 15 16 17 18 20 21 22 23 24 25 26 27 28 29 30",TRUE
227,14," (0,0)",0,0,"  1 2 3 4 5 6 7 8 15 16 17 18 21 22 23 30",TRUE
228,4," (-0.001,0.001)",-0.001,0.001,"  1 2 3 4 5 6 7 8 9 14 15 16 17 18 19 20 21 22 23 24 25 26 27 28 29 30",TRUE
229,4," (-0.001,0.001)",-0.001,0.001,"  1 2 3 4 5 6 7 8 11 14 15 16 17 18 19 20 21 22 23 24 25 26 27 28 29 30",TRUE
230,2," (-0.004,0.004)",-0.004,0.004,"  1 2 3 4 5 6 7 8 9 11 12 14 15 16 17 18 19 20 21 22 23 24 25 26 27 28 29 30",TRUE
231,4," (-0.002,0.002)",-0.002,0.002,"  1 2 3 4 5 6 7 8 11 12 15 16 17 18 19 20 21 22 23 24 25 26 27 28 29 30",TRUE
232,3," (-0.002,0.002)",-0.002,0.002,"  1 2 3 4 5 6 7 8 10 11 12 13 15 16 17 18 19 20 21 22 23 24 25 26 27 28 30",TRUE
233,10," (-0.001,0.001)",-0.001,0.001,"  1 2 4 5 6 7 8 10 11 12 13 15 16 17 18 19 21 22 23 30",TRUE
234,6," (-0.003,0.003)",-0.003,0.003,"  1 2 4 5 6 7 8 9 10 11 12 13 14 15 16 17 18 19 21 22 23 24 29 30",TRUE
235,6," (-0.001,0.001)",-0.001,0.001,"  1 2 6 7 8 9 10 11 12 13 14 15 16 17 18 19 20 21 22 23 24 28 29 30",TRUE
236,2," (-0.002,0.002)",-0.002,0.002,"  1 2 4 5 6 7 8 9 10 11 12 13 14 15 16 17 18 19 20 21 22 23 24 26 27 28 29 30",TRUE
237,3," (-0.004,0.004)",-0.004,0.004,"  1 2 5 6 7 8 9 10 11 12 13 14 15 16 17 18 19 20 21 22 23 24 26 27 28 29 30",TRUE
238,2," (-0.007,0.007)",-0.007,0.007,"  1 3 4 5 6 7 8 9 10 11 12 13 14 15 16 17 18 19 20 21 22 23 24 25 26 27 28 29",TRUE
239,12," (0,0)",0,0,"  1 3 4 5 6 7 8 9 10 14 15 17 20 24 26 27 28 29",TRUE
240,2," (-0.001,0.001)",-0.001,0.001,"  1 2 3 4 5 6 7 8 9 10 11 13 14 15 16 17 18 19 20 21 22 23 24 25 26 27 28 29",TRUE
241,4," (-0.001,0.001)",-0.001,0.001,"  1 2 3 4 5 6 7 8 9 10 14 15 17 18 19 20 21 22 23 24 25 26 27 28 29 30",TRUE
242,5," (-0.001,0.001)",-0.001,0.001,"  1 2 4 5 30",TRUE
243,4," (-0.002,0.002)",-0.002,0.002,"  1 2 5 30",TRUE
244,4," (-0.002,0.002)",-0.002,0.002,"  1 2 3 4 5 6 7 8 9 10 12 14 15 17 18 20 21 22 23 24 25 26 27 28 29 30",TRUE
245,3," (-0.003,0.003)",-0.003,0.003,"  1 2 3 4 5 6 7 8 9 10 12 13 14 15 17 18 20 21 22 23 24 25 26 27 28 29 30",TRUE
246,5," (-0.004,0.004)",-0.004,0.004,"  1 2 3 4 5 6 7 8 9 10 11 12 13 14 15 17 20 23 24 25 26 27 28 29 30",TRUE
247,11," (-0.001,0.001)",-0.001,0.001,"  1 2 3 4 5 6 8 11 12 13 30",TRUE
248,11," (-0.001,0.001)",-0.001,0.001,"  1 2 3 4 5 6 7 8 9 10 11 12 13 14 15 16 17 29 30",TRUE
249,13," (-0.001,0.001)",-0.001,0.001,"  1 2 3 4 5 6 8 11 12 13 16 19 30",TRUE
250,9," (-0.002,0.002)",-0.002,0.002,"  1 2 3 4 5 6 7 8 9 10 11 12 13 14 15 16 17 18 19 29 30",TRUE
251,7," (0,0)",0,0,"  1 2 3 4 5 6 7 8 9 10 11 12 13 14 15 16 17 18 19 21 24 29 30",TRUE
252,8," (-0.001,0.001)",-0.001,0.001,"  1 2 3 4 5 6 7 8 9 10 11 12 13 14 15 16 17 18 19 21 29 30",TRUE
253,2," (-0.003,0.003)",-0.003,0.003,"  1 2 3 4 5 6 7 8 9 10 11 12 13 14 15 16 17 18 19 20 21 22 24 26 27 28 29 30",TRUE
254,8," (-0.002,0.002)",-0.002,0.002,"  1 2 3 4 5 6 7 8 9 10 11 12 13 14 15 16 17 18 19 21 22 30",TRUE
255,7," (0,0)",0,0,"  1 2 3 4 5 6 7 8 9 10 11 12 13 15 16 17 18 19 21 22 23 25 30",TRUE
256,9," (-0.001,0.001)",-0.001,0.001,"  1 2 3 4 5 6 7 8 10 11 12 13 15 16 18 19 21 22 23 25 30",TRUE
257,4," (-0.001,0.001)",-0.001,0.001,"  1 2 3 4 5 6 7 8 9 10 11 12 13 15 16 18 19 20 21 22 23 25 26 27 28 30",TRUE
258,2," (-0.005,0.005)",-0.005,0.005,"  1 2 3 4 5 6 7 8 9 10 11 12 13 15 16 17 18 19 20 21 22 23 24 25 26 27 28 30",TRUE
259,12," (-0.001,0.001)",-0.001,0.001,"  1 2 11 12 13 16 18 19 20 21 22 23 24 25 26 27 28 30",TRUE
260,3," (-0.005,0.005)",-0.005,0.005,"  1 2 3 4 5 6 7 8 11 12 13 14 16 17 18 19 20 21 22 23 24 25 26 27 28 29 30",TRUE
261,2," (-0.002,0.002)",-0.002,0.002,"  1 2 3 4 5 6 7 8 9 11 12 13 14 16 17 18 19 20 21 22 23 24 25 26 27 28 29 30",TRUE
262,4," (-0.003,0.003)",-0.003,0.003,"  1 2 3 4 5 6 9 11 12 13 14 16 17 18 19 20 21 22 23 24 25 26 27 28 29 30",TRUE
263,3," (-0.004,0.004)",-0.004,0.004,"  1 2 3 4 5 9 10 11 12 13 14 15 16 17 18 19 20 21 22 23 24 25 26 27 28 29 30",TRUE
264,6," (-0.002,0.002)",-0.002,0.002,"  1 2 9 10 11 12 13 14 15 16 17 18 19 20 21 22 23 24 25 26 27 28 29 30",TRUE
265,2," (-0.005,0.005)",-0.005,0.005,"  1 2 4 5 7 8 9 10 11 12 13 14 15 16 17 18 19 20 21 22 23 24 25 26 27 28 29 30",TRUE
266,4," (-0.004,0.004)",-0.004,0.004,"  1 2 7 8 9 10 11 12 13 14 15 16 17 18 19 20 21 22 23 24 25 26 27 28 29 30",TRUE
267,6," (-0.002,0.002)",-0.002,0.002,"  1 7 8 9 10 11 12 13 14 15 16 17 18 19 20 22 23 24 25 26 27 28 29 30",TRUE
268,9," (-0.001,0.001)",-0.001,0.001,"  1 7 8 9 10 11 12 13 14 15 16 17 18 19 20 24 25 26 27 28 30",TRUE
269,14," (0,0)",0,0,"  1 7 8 10 11 12 13 14 15 16 17 18 19 30",TRUE
270,5," (-0.001,0.001)",-0.001,0.001,"  1 7 8 16 17",TRUE
271,2," (-0.01,0.01)",-0.01,0.01,"  1 8",TRUE
272,5," (-0.001,0.001)",-0.001,0.001,"  1 5 7 8 9 10 11 12 13 14 15 16 17 18 19 20 22 23 24 25 26 27 28 29 30",TRUE
273,2," (-0.005,0.005)",-0.005,0.005,"  1 5",TRUE
274,3," (-0.005,0.005)",-0.005,0.005,"  1 4 5",TRUE
275,3," (-0.004,0.004)",-0.004,0.004,"  1 3 4 5 7 8 9 10 11 12 13 14 15 16 17 18 19 20 22 23 24 25 26 27 28 29 30",TRUE
276,6," (0,0)",0,0,"  1 3 4 5 7 8 9 10 11 12 13 14 15 16 17 18 19 20 24 25 26 27 28 30",TRUE
277,5," (0,0)",0,0,"  1 3 4 5 8",TRUE
278,4," (-0.002,0.002)",-0.002,0.002,"  1 3 4 5 6 7 8 9 10 11 12 13 14 15 16 17 18 19 20 24 25 26 27 28 29 30",TRUE
279,8," (-0.001,0.001)",-0.001,0.001,"  1 2 3 4 5 6 8 21",TRUE
280,2," (-0.001,0.001)",-0.001,0.001,"  1 2 3 4 5 6 7 8 9 10 11 12 13 14 15 16 17 18 19 20 21 22 24 25 26 27 28 30",TRUE
281,3," (-0.003,0.003)",-0.003,0.003,"  1 2 3 4 5 6 7 8 9 10 11 12 13 14 15 16 17 18 19 20 21 22 25 26 27 28 30",TRUE
282,6," (-0.003,0.003)",-0.003,0.003,"  1 2 3 4 5 6 7 8 9 10 11 12 13 14 15 16 17 18 19 21 22 25 27 30",TRUE
283,9," (-0.001,0.001)",-0.001,0.001,"  1 2 3 4 5 6 7 8 10 11 12 13 14 15 16 17 18 19 21 22 30",TRUE
284,14," (-0.001,0.001)",-0.001,0.001,"  1 2 3 4 5 6 7 8 15 16 17 21 22 23",TRUE
285,8," (-0.003,0.003)",-0.003,0.003,"  1 2 3 4 5 6 7 8 11 12 13 14 15 16 17 18 19 21 22 23 29 30",TRUE
286,10," (0,0)",0,0,"  1 2 3 4 5 6 7 8 11 12 15 16 17 18 19 21 22 23 29 30",TRUE
287,11," (0,0)",0,0,"  1 2 3 4 5 6 7 8 11 15 16 17 18 19 21 22 23 29 30",TRUE
288,2," (0,0)",0,0,"  1 2 3 4 5 6 7 8 9 11 12 13 15 16 17 18 19 20 21 22 23 24 25 26 27 28 29 30",TRUE
289,3," (-0.001,0.001)",-0.001,0.001,"  1 2 3 4 5 6 7 8 9 11 12 15 16 17 18 19 20 21 22 23 24 25 26 27 28 29 30",TRUE
290,5," (-0.001,0.001)",-0.001,0.001,"  1 2 3 4 5 6 7 8 9 10 15 16 17 18 19 20 21 22 23 24 25 26 27 28 29",TRUE
291,5," (0,0)",0,0,"  1 2 3 4 5 6 7 8 9 10 13 14 15 16 17 20 21 22 23 24 25 26 27 28 29",TRUE
292,4," (-0.001,0.001)",-0.001,0.001,"  1 2 3 4 5 6 7 8 9 10 11 12 13 14 17 20 21 22 23 24 25 26 27 28 29 30",TRUE
293,2," (-0.01,0.01)",-0.01,0.01,"  1 2 3 4 5 6 7 8 9 10 11 12 13 14 16 17 19 20 21 22 23 24 25 26 27 28 29 30",TRUE
294,4," (0,0)",0,0,"  1 2 3 4 5 6 7 8 9 10 11 12 13 14 19 20 21 22 23 24 25 26 27 28 29 30",TRUE
295,6," (-0.001,0.001)",-0.001,0.001,"  1 2 3 4 5 6 9 10 11 12 13 14 19 20 21 22 23 24 25 26 27 28 29 30",TRUE
296,4," (0,0)",0,0,"  1 2 3 4 5 6 8 9 10 11 12 13 14 18 19 20 21 22 23 24 25 26 27 28 29 30",TRUE
297,3," (-0.003,0.003)",-0.003,0.003,"  1 2 3 4 5 6 9 10 11 12 13 14 15 16 18 19 20 21 22 23 24 25 26 27 28 29 30",TRUE
298,10," (0,0)",0,0,"  1 2 3 4 5 6 21 22 23 25",TRUE
299,6," (-0.001,0.001)",-0.001,0.001,"  1 2 3 4 5 6 10 11 12 13 16 18 19 20 21 22 23 24 25 26 27 28 29 30",TRUE
300,2," (-0.012,0.012)",-0.012,0.012,"  1 10",TRUE
301,6," (-0.002,0.002)",-0.002,0.002,"  1 2 4 5 9 10",TRUE
302,9," (0,0)",0,0,"  1 2 3 4 5 6 9 10 17 18 19 20 21 22 23 24 25 26 27 28 29",TRUE
303,2," (-0.006,0.006)",-0.006,0.006,"  1 2 3 4 5 6 7 9 10 11 12 13 15 16 17 18 19 20 21 22 23 24 25 26 27 28 29 30",TRUE
304,4," (-0.001,0.001)",-0.001,0.001,"  1 2 3 4 5 6 7 9 10 11 15 16 17 18 19 20 21 22 23 24 25 26 27 28 29 30",TRUE
305,10," (-0.001,0.001)",-0.001,0.001,"  1 2 4 5 7 8 9 10 15 17",TRUE
306,13," (-0.001,0.001)",-0.001,0.001,"  1 2 3 4 5 6 7 8 9 10 14 15 17 21 22 23 25",TRUE
307,3," (0,0)",0,0,"  1 2 3 4 5 6 7 8 9 10 13 14 15 17 18 19 20 21 22 23 24 25 26 27 28 29 30",TRUE
308,3," (-0.003,0.003)",-0.003,0.003,"  1 2 3 4 5 6 7 8 9 10 12 13 14 15 17 18 19 20 21 22 23 24 25 26 27 28 29",TRUE
309,10," (0,0)",0,0,"  1 7 8 9 10 12 13 14 15 17",TRUE
310,3," (-0.002,0.002)",-0.002,0.002,"  1 2 3 4 5 6 7 8 9 10 12 13 14 15 16 17 18 20 21 22 23 24 25 26 27 28 29",TRUE
311,4," (-0.002,0.002)",-0.002,0.002,"  1 2 3 4 5 6 7 8 9 10 12 13 14 15 16 17 20 21 22 23 24 25 26 27 28 29",TRUE
312,9," (-0.001,0.001)",-0.001,0.001,"  1 2 3 4 5 6 7 8 9 10 11 12 13 14 15 16 17 21 22 23 25",TRUE
313,10," (0,0)",0,0,"  1 2 3 4 5 6 7 8 9 10 11 12 13 14 15 16 17 21 22 23",TRUE
314,3," (-0.003,0.003)",-0.003,0.003,"  1 2 3 4 5 6 7 8 9 10 11 12 13 14 15 16 17 20 21 22 23 24 25 26 27 28 30",TRUE
315,8," (-0.002,0.002)",-0.002,0.002,"  1 2 3 4 5 6 7 8 9 10 11 12 13 14 15 16 17 21 22 23 25 30",TRUE
316,12," (0,0)",0,0,"  1 2 3 4 5 6 7 8 9 10 11 12 13 14 15 16 17 30",TRUE
317,9," (0,0)",0,0,"  1 2 3 4 5 6 7 8 9 10 11 12 13 14 15 16 17 18 19 21 30",TRUE
318,10," (-0.001,0.001)",-0.001,0.001,"  1 2 3 4 5 6 7 8 9 10 11 12 13 14 15 16 17 18 19 30",TRUE
319,12," (-0.001,0.001)",-0.001,0.001,"  1 2 7 8 9 10 11 12 13 14 15 16 17 18 19 24 29 30",TRUE
320,3," (-0.003,0.003)",-0.003,0.003,"  1 2 3 4 5 6 7 8 9 10 11 12 13 14 15 16 17 18 19 20 21 24 26 27 28 29 30",TRUE
321,5," (-0.001,0.001)",-0.001,0.001,"  1 2 7 8 9 10 11 12 13 14 15 16 17 18 19 20 22 23 24 25 26 27 28 29 30",TRUE
322,6," (0,0)",0,0,"  1 2 3 4 5 6 7 8 12 13 14 15 16 20 21 22 23 24 25 26 27 28 29 30",TRUE
323,7," (-0.001,0.001)",-0.001,0.001,"  1 2 3 4 5 6 14",TRUE
324,4," (-0.001,0.001)",-0.001,0.001,"  1 2 3 4 5 6 7 8 9 10 12 13 14 15 17 20 21 22 23 24 25 26 27 28 29 30",TRUE
325,13," (0,0)",0,0,"  1 2 3 4 5 6 7 8 9 10 12 13 14 15 17 29 30",TRUE
326,4," (0,0)",0,0,"  1 2 3 4 5 6 7 8 9 10 12 13 14 15 17 18 20 22 23 24 25 26 27 28 29 30",TRUE
327,5," (-0.001,0.001)",-0.001,0.001,"  1 2 3 4 5 6 7 8 9 10 12 13 14 15 17 18 20 23 24 25 26 27 28 29 30",TRUE
328,7," (-0.001,0.001)",-0.001,0.001,"  1 2 3 4 5 6 7 8 9 10 12 13 14 15 17 18 20 24 26 27 28 29 30",TRUE
329,2," (-0.007,0.007)",-0.007,0.007,"  1 2 3 4 5 6 7 8 9 10 12 13 14 15 17 18 19 20 21 22 23 24 25 26 27 28 29 30",TRUE
330,2," (-0.003,0.003)",-0.003,0.003,"  1 2 3 4 5 6 7 8 9 10 11 12 13 14 15 17 18 19 20 22 23 24 25 26 27 28 29 30",TRUE
331,5," (-0.002,0.002)",-0.002,0.002,"  1 2 3 4 5 6 7 8 9 10 11 12 13 14 15 16 17 18 19 20 21 24 28 29 30",TRUE
332,10," (0,0)",0,0,"  1 2 3 4 5 6 8 9 10 11 12 13 14 15 16 17 18 19 21 30",TRUE
333,12," (0,0)",0,0,"  1 2 4 5 9 10 11 16 17 18 19 21",TRUE
334,7," (-0.002,0.002)",-0.002,0.002,"  1 2 3 4 5 6 8 9 10 11 12 13 14 15 16 17 18 19 21 22 23 25 30",TRUE
335,12," (0,0)",0,0,"  1 2 3 4 5 6 9 10 11 14 16 17 18 19 21 22 23 25",TRUE
336,2," (-0.007,0.007)",-0.007,0.007,"  1 2 3 4 5 6 7 9 10 11 13 14 15 16 17 18 19 20 21 22 23 24 25 26 27 28 29 30",TRUE
337,9," (0,0)",0,0,"  1 2 5 7 9 10 11 16 17 18 19 20 21 22 23 24 25 26 27 28 29",TRUE
338,4," (-0.002,0.002)",-0.002,0.002,"  1 2 3 4 5 6 7 8 9 10 11 12 16 17 18 19 20 21 22 23 24 25 26 27 28 29",TRUE
339,5," (-0.002,0.002)",-0.002,0.002,"  1 2 3 4 5 7 8 9 10 11 12 16 17 18 19 20 21 22 23 24 25 26 27 28 29",TRUE
340,5," (0,0)",0,0,"  1 2 4 5 7 8 9 10 11 12 13 16 17 18 19 20 21 22 23 24 25 26 27 28 29",TRUE
341,5," (0,0)",0,0,"  1 2 5 7 8 9 10 11 12 13 16 17 18 19 20 21 22 23 24 25 26 27 28 29 30",TRUE
342,5," (-0.002,0.002)",-0.002,0.002,"  1 2 7 8 9 10 11 12 13 15 16 17 18 19 20 21 22 23 24 25 26 27 28 29 30",TRUE
343,14," (0,0)",0,0,"  1 7 8 9 10 12 13 14 15 20 24 26 28 29",TRUE
344,2," (-0.007,0.007)",-0.007,0.007,"  1 12",TRUE
345,3," (-0.001,0.001)",-0.001,0.001,"  1 2 12",TRUE
346,4," (-0.002,0.002)",-0.002,0.002,"  1 2 5 7 8 9 10 11 12 13 14 15 16 17 18 19 20 22 23 24 25 26 27 28 29 30",TRUE
347,4," (-0.002,0.002)",-0.002,0.002,"  1 2 4 5 7 8 9 10 11 12 13 14 15 16 17 18 19 20 23 24 25 26 27 28 29 30",TRUE
348,6," (-0.002,0.002)",-0.002,0.002,"  1 2 4 5 7 8 9 10 11 12 13 14 15 16 18 19 20 24 25 26 27 28 29 30",TRUE
349,6," (-0.001,0.001)",-0.001,0.001,"  1 2 4 5 12 13",TRUE
350,15," (-0.001,0.001)",-0.001,0.001,"  1 2 3 4 5 6 7 8 9 10 12 13 14 15 29",TRUE
351,4," (-0.003,0.003)",-0.003,0.003,"  1 2 3 4 5 6 7 8 9 10 11 12 13 14 15 18 19 20 21 24 25 26 27 28 29 30",TRUE
352,14," (0,0)",0,0,"  1 2 3 4 5 6 7 8 9 10 12 13 14 15 21 29",TRUE
353,12," (0,0)",0,0,"  1 2 3 4 5 6 9 12 13 14 15 21",TRUE
354,2," (-0.006,0.006)",-0.006,0.006,"  1 2 3 4 5 6 7 8 9 10 11 12 13 14 15 16 18 19 20 21 22 24 25 26 27 28 29 30",TRUE
355,4," (-0.002,0.002)",-0.002,0.002,"  1 2 3 4 5 6 7 8 9 10 12 13 14 15 17 18 20 21 22 23 24 25 26 27 28 29",TRUE
356,10," (0,0)",0,0,"  1 2 3 4 5 6 7 8 9 10 12 13 14 15 17 21 22 23 24 29",TRUE
357,2," (-0.007,0.007)",-0.007,0.007,"  1 2 3 4 5 6 7 8 9 10 12 13 14 15 16 17 18 19 20 21 22 23 24 25 26 27 28 29",TRUE
358,3," (-0.003,0.003)",-0.003,0.003,"  1 2 3 4 5 6 7 8 9 10 11 12 13 14 15 16 17 20 21 22 23 24 25 26 27 28 29",TRUE
359,3," (-0.003,0.003)",-0.003,0.003,"  1 2 3 4 5 6 7 8 9 10 11 12 13 14 15 16 17 20 21 22 23 24 26 27 28 29 30",TRUE
360,7," (-0.003,0.003)",-0.003,0.003,"  1 2 3 4 5 6 7 8 9 10 11 12 13 14 15 16 17 19 21 22 23 29 30",TRUE
361,9," (-0.001,0.001)",-0.001,0.001,"  1 2 3 4 5 6 8 9 10 11 12 13 14 15 16 17 19 21 22 23 30",TRUE
362,8," (-0.001,0.001)",-0.001,0.001,"  1 2 3 4 5 6 8 9 10 11 12 13 14 15 16 17 18 19 21 22 23 30",TRUE
363,10," (0,0)",0,0,"  1 2 3 4 5 6 11 12 13 14 15 16 17 18 19 21 22 23 25 30",TRUE
364,6," (0,0)",0,0,"  1 2 3 4 5 6 8 9 10 11 12 13 14 15 16 17 18 19 21 22 23 25 27 30",TRUE
365,2," (-0.008,0.008)",-0.008,0.008,"  1 2 3 4 5 6 7 9 11 12 13 14 15 16 17 18 19 20 21 22 23 24 25 26 27 28 29 30",TRUE
366,5," (-0.001,0.001)",-0.001,0.001,"  1 2 3 4 5 6 7 8 11 12 16 17 18 19 20 21 22 23 24 25 26 27 28 29 30",TRUE
367,2," (-0.006,0.006)",-0.006,0.006,"  1 2 3 4 5 6 7 8 10 11 12 13 14 16 17 18 19 20 21 22 23 24 25 26 27 28 29 30",TRUE
368,3," (-0.003,0.003)",-0.003,0.003,"  1 2 3 4 5 6 7 8 9 10 11 12 16 17 18 19 20 21 22 23 24 25 26 27 28 29 30",TRUE
369,4," (-0.003,0.003)",-0.003,0.003,"  1 2 3 4 5 6 7 8 9 10 11 16 17 18 19 20 21 22 23 24 25 26 27 28 29 30",TRUE
370,7," (-0.001,0.001)",-0.001,0.001,"  1 2 3 4 5 6 9 10 12 13 17 18 19 20 21 22 23 24 25 26 27 28 29",TRUE
371,9," (-0.001,0.001)",-0.001,0.001,"  1 2 3 4 5 8 18 19 29",TRUE
372,5," (-0.004,0.004)",-0.004,0.004,"  1 2 4 5 8",TRUE
373,3," (-0.005,0.005)",-0.005,0.005,"  1 2 3 4 5 6 7 8 9 10 11 12 13 14 17 18 19 20 21 22 23 24 25 26 27 28 29",TRUE
374,5," (-0.002,0.002)",-0.002,0.002,"  1 2 5 7 8",TRUE
375,9," (0,0)",0,0,"  1 2 3 4 5 7 8 15 18",TRUE
376,4," (-0.003,0.003)",-0.003,0.003,"  1 7 8 15",TRUE
377,3," (-0.003,0.003)",-0.003,0.003,"  1 2 3 4 5 6 7 8 9 10 12 13 15 16 17 18 19 20 21 22 23 24 25 26 27 28 29",TRUE
378,10," (0,0)",0,0,"  1 2 3 4 5 7 8 9 10 15 16 18 19 20 24 25 26 27 28 29",TRUE
379,12," (0,0)",0,0,"  1 2 3 4 5 7 8 15 16 18 19 29",TRUE
380,3," (-0.005,0.005)",-0.005,0.005,"  1 2 3 4 5 6 7 8 9 10 12 15 16 17 18 19 20 21 22 23 24 25 26 27 28 29 30",TRUE
381,14," (0,0)",0,0,"  1 2 3 4 5 7 8 11 14 15 16 18 19 24 29 30",TRUE
382,2," (-0.001,0.001)",-0.001,0.001,"  1 2 3 4 5 6 7 8 9 10 11 13 14 15 16 17 18 19 20 21 22 24 25 26 27 28 29 30",TRUE
383,5," (-0.002,0.002)",-0.002,0.002,"  1 2 3 4 5 6 7 8 9 10 11 13 14 15 16 18 19 20 24 25 26 27 28 29 30",TRUE
384,6," (-0.001,0.001)",-0.001,0.001,"  1 2 3 4 5 7 8 11 12 13 14 15 16 18 19 20 23 24 25 26 27 28 29 30",TRUE
385,15," (-0.001,0.001)",-0.001,0.001,"  1 2 3 4 5 7 8 11 12 13 14 15 16 23 30",TRUE
386,4," (-0.001,0.001)",-0.001,0.001,"  1 2 3 4 5 7 8 10 11 12 13 14 15 16 18 19 20 22 23 24 25 26 27 28 29 30",TRUE
387,3," (-0.002,0.002)",-0.002,0.002,"  1 2 3 4 5 7 8 10 11 12 13 14 15 16 18 19 20 21 22 23 24 25 26 27 28 29 30",TRUE
388,5," (-0.001,0.001)",-0.001,0.001,"  1 2 3 4 5 7 8 11 12 13 14 15 16 18 19 20 21 22 23 24 26 27 28 29 30",TRUE
389,3," (-0.002,0.002)",-0.002,0.002,"  1 2 3 4 5 6 7 8 11 12 13 14 15 16 17 18 19 20 21 22 23 24 26 27 28 29 30",TRUE
390,4," (0,0)",0,0,"  1 2 3 4 5 6 7 8 11 12 13 14 15 16 17 18 19 20 21 22 23 24 26 28 29 30",TRUE
391,10," (-0.002,0.002)",-0.002,0.002,"  1 2 3 4 5 6 7 8 11 12 13 14 15 16 17 18 21 22 23 30",TRUE
392,4," (-0.003,0.003)",-0.003,0.003,"  1 2 3 4 5 6 7 8 9 11 12 13 14 15 16 17 18 19 20 21 22 23 24 28 29 30",TRUE
393,10," (-0.001,0.001)",-0.001,0.001,"  1 2 4 5 6 7 8 9 10 11 12 13 14 15 16 17 21 22 23 30",TRUE
394,2," (-0.006,0.006)",-0.006,0.006,"  1 2 4 5 6 7 8 9 10 11 12 13 14 15 16 17 19 20 21 22 23 24 25 26 27 28 29 30",TRUE
395,7," (-0.001,0.001)",-0.001,0.001,"  1 7 8 11 12 13 14",TRUE
396,5," (-0.001,0.001)",-0.001,0.001,"  1 7 8 13 14",TRUE
397,2," (-0.007,0.007)",-0.007,0.007,"  1 7",TRUE
398,11," (0,0)",0,0,"  1 2 7 8 11 12 13 14 15 16 30",TRUE
399,4," (0,0)",0,0,"  1 2 7 8",TRUE
400,12," (0,0)",0,0,"  1 2 5 7 8 11 12 13 14 15 16 30",TRUE
401,2," (-0.01,0.01)",-0.01,0.01,"  1 2 3 4 5 7 8 10 11 12 13 14 15 16 17 18 19 20 21 22 23 24 25 26 27 28 29 30",TRUE
402,8," (0,0)",0,0,"  1 2 3 4 5 6 7 8 11 12 13 14 15 16 18 19 21 22 23 25 27 30",TRUE
403,12," (-0.001,0.001)",-0.001,0.001,"  1 2 3 4 5 6 7 8 11 12 13 14 15 16 18 19 21 30",TRUE
404,15," (0,0)",0,0,"  1 2 3 4 5 6 7 8 9 11 12 13 14 15 30",TRUE
405,11," (0,0)",0,0,"  1 2 3 4 5 6 7 8 9 10 17",TRUE
406,15," (-0.001,0.001)",-0.001,0.001,"  1 2 3 4 5 6 7 8 9 10 12 13 14 17 29",TRUE
407,8," (-0.001,0.001)",-0.001,0.001,"  1 2 3 4 5 6 7 8 9 10 11 12 13 14 15 16 17 18 19 24 29 30",TRUE
408,11," (0,0)",0,0,"  1 2 3 4 5 6 7 8 9 10 11 12 13 14 15 17 24 29 30",TRUE
409,3," (-0.005,0.005)",-0.005,0.005,"  1 2 3 4 5 6 7 8 9 10 11 12 13 14 15 16 17 19 20 23 24 25 26 27 28 29 30",TRUE
410,3," (-0.002,0.002)",-0.002,0.002,"  1 2 3 4 5 6 7 8 9 10 11 12 13 14 15 16 17 20 22 23 24 25 26 27 28 29 30",TRUE
411,5," (-0.001,0.001)",-0.001,0.001,"  1 2 3 4 5 6 7 8 9 10 11 12 13 14 17 20 21 22 23 24 25 26 27 28 29",TRUE
412,2," (-0.005,0.005)",-0.005,0.005,"  1 2 3 4 5 6 7 8 9 10 11 12 13 14 15 17 18 20 21 22 23 24 25 26 27 28 29 30",TRUE
413,8," (0,0)",0,0,"  1 2 3 4 5 6 9 10 16 17 18 19 20 21 22 23 24 25 26 27 28 29",TRUE
414,3," (0,0)",0,0,"  1 2 3 4 5 6 7 8 9 10 13 14 15 16 17 18 19 20 21 22 23 24 25 26 27 28 29",TRUE
415,15," (-0.001,0.001)",-0.001,0.001,"  1 2 3 4 5 6 7 8 11 12 13 14 15 16 30",TRUE
416,11," (-0.001,0.001)",-0.001,0.001,"  1 2 3 4 5 6 7 8 11 12 13",TRUE
417,7," (-0.001,0.001)",-0.001,0.001,"  1 2 3 4 5 6 7 8 11 12 13 14 15 16 20 23 24 25 26 27 28 29 30",TRUE
418,5," (-0.003,0.003)",-0.003,0.003,"  1 2 4 5 23",TRUE
419,5," (-0.001,0.001)",-0.001,0.001,"  1 2 5 22 23",TRUE
420,3," (-0.008,0.008)",-0.008,0.008,"  1 22 23",TRUE
421,10," (0,0)",0,0,"  1 2 3 4 5 6 7 8 11 12 13 14 15 16 21 22 23 25 27 30",TRUE
422,5," (-0.002,0.002)",-0.002,0.002,"  1 2 21 22 23",TRUE
423,3," (0,0)",0,0,"  1 2 3 4 5 6 7 8 10 11 12 13 14 15 16 17 20 21 22 23 24 25 26 27 28 29 30",TRUE
424,12," (-0.001,0.001)",-0.001,0.001,"  1 2 3 4 5 6 9 10 17 21 22 23",TRUE
425,11," (0,0)",0,0,"  1 2 3 4 5 6 7 8 9 10 12 13 17 18 19 21 22 23 29",TRUE
426,12," (-0.001,0.001)",-0.001,0.001,"  1 2 3 4 5 6 7 8 9 10 12 17 18 19 21 22 23 29",TRUE
427,4," (-0.002,0.002)",-0.002,0.002,"  1 2 3 4 5 6 7 8 9 10 11 12 13 14 15 17 18 19 20 21 22 23 24 28 29 30",TRUE
428,6," (-0.001,0.001)",-0.001,0.001,"  1 2 3 4 5 6 7 8 9 10 12 17 18 19 20 21 22 23 24 25 26 27 28 29",TRUE
429,8," (-0.001,0.001)",-0.001,0.001,"  1 2 3 4 5 6 7 9 10 17 18 19 20 21 22 23 24 25 26 27 28 29",TRUE
430,5," (0,0)",0,0,"  1 2 3 4 5 6 7 8 9 10 12 16 17 18 19 20 21 22 23 24 25 26 27 28 29",TRUE
431,6," (-0.001,0.001)",-0.001,0.001,"  1 2 3 4 5 6 7 9 10 15 16 17 18 19 20 21 22 23 24 25 26 27 28 29",TRUE
432,11," (0,0)",0,0,"  1 9 10 15 16 17 18 19 20 21 22 23 24 25 26 27 28 29 30",TRUE
433,2," (-0.008,0.008)",-0.008,0.008,"  1 2 3 4 5 6 7 8 9 10 12 14 15 16 17 18 19 20 21 22 23 24 25 26 27 28 29 30",TRUE
434,6," (-0.002,0.002)",-0.002,0.002,"  1 2 3 4 5 9 10 14 15 16 17 18 19 20 21 22 23 24 25 26 27 28 29 30",TRUE
435,3," (-0.005,0.005)",-0.005,0.005,"  1 2 3 4 5 6 7 9 10 11 14 15 16 17 18 19 20 21 22 23 24 25 26 27 28 29 30",TRUE
436,6," (-0.002,0.002)",-0.002,0.002,"  1 2 5 9 10 11 13 14 15 16 17 18 19 20 21 22 23 24 25 26 27 28 29 30",TRUE
437,3," (-0.001,0.001)",-0.001,0.001,"  1 2 4 5 8 9 10 11 12 13 14 15 16 17 18 19 20 21 22 23 24 25 26 27 28 29 30",TRUE
438,8," (-0.001,0.001)",-0.001,0.001,"  1 6 7 8 9 10 11 15 16 17 18 19 20 21 22 23 24 25 26 27 28 30",TRUE
439,4," (-0.001,0.001)",-0.001,0.001,"  1 2 5 6 7 8 9 10 11 14 15 16 17 18 19 20 21 22 23 24 25 26 27 28 29 30",TRUE
440,5," (0,0)",0,0,"  1 2 5 6 7 8 9 10 11 15 16 17 18 19 20 21 22 23 24 25 26 27 28 29 30",TRUE
441,12," (0,0)",0,0,"  1 2 5 6 7 8 9 10 11 15 16 17 18 19 21 22 23 30",TRUE
442,13," (0,0)",0,0,"  1 2 5 6 7 8 9 10 11 15 16 17 19 21 22 23 30",TRUE
443,2," (-0.003,0.003)",-0.003,0.003,"  1 2 4 5 6 7 8 9 10 11 13 14 15 16 17 18 19 20 21 22 23 24 25 26 27 28 29 30",TRUE
444,12," (0,0)",0,0,"  1 2 4 5 6 7 8 9 10 11 15 16 17 19 21 22 23 30",TRUE
445,6," (-0.001,0.001)",-0.001,0.001,"  1 2 4 5 22 23",TRUE
446,11," (0,0)",0,0,"  1 2 3 4 5 6 7 8 9 10 11 15 16 17 19 21 22 23 30",TRUE
447,14," (-0.001,0.001)",-0.001,0.001,"  1 2 3 4 5 6 7 8 11 15 16 17 21 22 23 30",TRUE
448,9," (0,0)",0,0,"  1 2 3 4 5 16 21 22 23",TRUE
449,5," (-0.004,0.004)",-0.004,0.004,"  1 2 3 4 5",TRUE
450,3," (-0.001,0.001)",-0.001,0.001,"  1 2 3 4 5 6 7 8 9 10 11 12 15 16 17 18 19 20 21 22 23 24 25 26 27 28 30",TRUE
451,3," (-0.004,0.004)",-0.004,0.004,"  1 2 3 4 5 6 7 8 9 10 11 12 13 15 16 17 18 19 20 21 22 23 25 26 27 28 30",TRUE
452,11," (-0.002,0.002)",-0.002,0.002,"  1 2 3 4 5 6 7 8 11 12 13 14 15 16 17 21 22 23 30",TRUE
453,7," (0,0)",0,0,"  1 2 3 4 5 6 7 8 9 10 11 12 13 14 15 16 17 21 22 23 24 29 30",TRUE
454,9," (0,0)",0,0,"  1 2 3 4 5 6 7 8 11 12 13 14 15 16 17 21 22 23 24 29 30",TRUE
455,8," (0,0)",0,0,"  1 2 3 4 5 7 8 11 12 13 14 15 16 20 21 22 23 24 26 27 28 29",TRUE
456,10," (-0.001,0.001)",-0.001,0.001,"  1 2 3 4 5 11 12 13 14 16 20 21 22 23 24 25 26 27 28 29",TRUE
457,8," (0,0)",0,0,"  1 2 3 4 5 11 12 13 14 16 18 19 20 21 22 23 24 25 26 27 28 29",TRUE
458,2," (-0.008,0.008)",-0.008,0.008,"  1 2 3 4 5 7 8 9 10 11 12 13 14 15 16 17 18 19 20 21 22 23 24 25 26 27 28 29",TRUE
459,6," (0,0)",0,0,"  1 2 3 4 5 6 9 10 12 13 14 15 17 18 19 20 23 24 25 26 27 28 29 30",TRUE
460,2," (-0.008,0.008)",-0.008,0.008,"  1 2 3 4 5 6 7 9 10 12 13 14 15 16 17 18 19 20 21 22 23 24 25 26 27 28 29 30",TRUE
461,2," (-0.007,0.007)",-0.007,0.007,"  1 2 3 4 5 6 7 8 9 10 11 12 13 14 15 16 19 20 21 22 23 24 25 26 27 28 29 30",TRUE
462,12," (0,0)",0,0,"  1 2 3 4 5 6 7 8 9 10 11 12 13 14 15 21 22 23",TRUE
463,2," (-0.004,0.004)",-0.004,0.004,"  1 23",TRUE
464,8," (0,0)",0,0,"  1 2 3 4 5 6 7 8 9 10 11 12 13 14 15 16 17 21 22 23 24 30",TRUE
465,15," (0,0)",0,0,"  1 2 3 4 5 6 7 8 9 10 15 17 21 22 23",TRUE
466,14," (0,0)",0,0,"  1 2 3 4 5 6 7 8 9 10 17 21 22 23",TRUE
467,3," (-0.001,0.001)",-0.001,0.001,"  1 17 23",TRUE
468,11," (-0.001,0.001)",-0.001,0.001,"  1 2 3 4 5 6 7 8 9 10 12 13 14 15 17 18 21 22 23",TRUE
469,13," (0,0)",0,0,"  1 2 3 4 5 6 7 8 9 10 14 15 17 18 21 22 23",TRUE
470,5," (-0.002,0.002)",-0.002,0.002,"  1 17 18 22 23",TRUE
471,4," (-0.004,0.004)",-0.004,0.004,"  1 2 3 4 5 6 7 8 9 10 11 12 13 14 15 16 17 18 19 20 21 22 23 24 28 30",TRUE
472,6," (-0.005,0.005)",-0.005,0.005,"  1 2 3 4 5 6 7 8 9 10 11 12 13 14 15 16 17 18 19 21 22 23 24 30",TRUE
473,15," (0,0)",0,0,"  1 2 3 4 5 6 8 9 10 17 18 19 21 22 23",TRUE
474,7," (0,0)",0,0,"  1 2 3 4 5 6 7 8 9 10 11 12 13 14 15 17 18 19 21 22 23 29 30",TRUE
475,8," (0,0)",0,0,"  1 2 3 4 5 6 7 8 9 10 12 13 14 15 17 18 19 21 22 23 25 29",TRUE
476,9," (0,0)",0,0,"  1 2 3 4 5 6 7 8 9 10 14 15 17 18 19 21 22 23 25 27 29",TRUE
477,4," (-0.001,0.001)",-0.001,0.001,"  1 2 3 4 5 6 7 8 9 10 12 13 14 15 17 18 19 20 21 22 23 25 26 27 28 29",TRUE
478,5," (0,0)",0,0,"  1 2 3 4 5 6 7 8 9 10 14 15 17 18 19 20 21 22 23 24 25 26 27 28 29",TRUE
479,7," (0,0)",0,0,"  1 2 3 4 5 6 7 8 9 10 17 18 19 20 21 22 23 24 25 26 27 28 29",TRUE
480,12," (-0.001,0.001)",-0.001,0.001,"  1 3 6 9 10 17 18 19 20 21 22 23 24 25 26 27 28 29",TRUE
481,14," (-0.001,0.001)",-0.001,0.001,"  1 16 17 18 19 20 22 23 24 25 26 27 28 29",TRUE
482,7," (-0.001,0.001)",-0.001,0.001,"  1 2 3 4 5 6 9 10 16 17 18 19 20 21 22 23 24 25 26 27 28 29 30",TRUE
483,10," (-0.001,0.001)",-0.001,0.001,"  1 9 10 11 12 16 17 18 19 20 21 22 23 24 25 26 27 28 29 30",TRUE
484,2," (-0.002,0.002)",-0.002,0.002,"  1 3 4 5 6 7 9 10 11 12 13 14 15 16 17 18 19 20 21 22 23 24 25 26 27 28 29 30",TRUE
485,4," (-0.003,0.003)",-0.003,0.003,"  1 3 6 7 9 10 11 12 13 14 15 16 17 18 19 20 21 22 23 24 25 26 27 28 29 30",TRUE
486,6," (0,0)",0,0,"  1 7 9 10 11 12 13 14 15 16 17 18 19 20 21 22 23 24 25 26 27 28 29 30",TRUE
487,3," (0,0)",0,0,"  1 2 4 5 7 8 10 11 12 13 14 15 16 17 18 19 20 21 22 23 24 25 26 27 28 29 30",TRUE
488,6," (-0.001,0.001)",-0.001,0.001,"  1 2 3 4 5 7 8 11 12 13 14 15 16 17 18 19 20 24 25 26 27 28 29 30",TRUE
489,3," (-0.002,0.002)",-0.002,0.002,"  1 2 3 4 5 6 7 8 11 12 13 14 15 16 17 18 19 20 22 23 24 25 26 27 28 29 30",TRUE
490,2," (-0.004,0.004)",-0.004,0.004,"  1 2 3 4 5 6 7 8 9 11 12 13 14 15 16 17 18 19 20 22 23 24 25 26 27 28 29 30",TRUE
491,3," (-0.005,0.005)",-0.005,0.005,"  1 2 3 4 5 6 7 8 9 11 12 13 14 15 16 17 18 19 20 23 24 25 26 27 28 29 30",TRUE
492,3," (-0.007,0.007)",-0.007,0.007,"  1 2 5 6 7 9 10 11 12 13 14 15 16 17 18 19 20 21 22 23 24 25 26 27 28 29 30",TRUE
493,12," (-0.001,0.001)",-0.001,0.001,"  1 6 7 8 9 10 17 18 19 21 22 23",TRUE
494,5," (-0.001,0.001)",-0.001,0.001,"  1 7 8 9 10",TRUE
495,3," (0,0)",0,0,"  1 3 4 6 7 8 9 10 11 12 13 14 15 16 17 18 19 20 21 22 23 24 25 26 27 28 29",TRUE
496,10," (0,0)",0,0,"  1 3 4 6 7 8 9 10 17 18 19 20 21 22 23 24 25 26 27 28",TRUE
497,9," (-0.001,0.001)",-0.001,0.001,"  1 3 4 6 7 8 9 10 17",TRUE
498,3," (-0.001,0.001)",-0.001,0.001,"  1 3 4 5 6 7 8 9 10 11 12 13 14 16 17 18 19 20 21 22 23 24 25 26 27 28 29",TRUE
499,4," (-0.001,0.001)",-0.001,0.001,"  1 3 4 5 6 7 8 9 10 11 12 13 14 17 18 19 20 21 22 23 24 25 26 27 28 29",TRUE
500,14," (0,0)",0,0,"  1 2 3 4 5 6 7 8 9 10 17 18 19 21 22 23",TRUE
501,15," (0,0)",0,0,"  1 2 3 4 5 6 7 8 9 10 17 18 21 22 23",TRUE
502,13," (0,0)",0,0,"  1 2 3 4 5 6 7 8 9 10 17 21 22",TRUE
503,12," (0,0)",0,0,"  1 2 3 4 5 6 7 8 9 10 17 21",TRUE
504,4," (-0.002,0.002)",-0.002,0.002,"  1 2 3 4 5 6 7 8 9 10 11 14 17 18 19 20 21 22 23 24 25 26 27 28 29 30",TRUE
505,13," (0,0)",0,0,"  1 2 3 4 5 6 7 8 9 10 17 18 19 21 22 23 30",TRUE
506,14," (0,0)",0,0,"  1 2 3 4 5 6 7 8 9 10 17 18 21 22 23 30",TRUE
507,14," (0,0)",0,0,"  1 2 3 4 5 6 7 8 9 10 17 21 22 30",TRUE
508,13," (0,0)",0,0,"  1 2 3 4 5 6 7 8 9 10 17 21 30",TRUE
509,3," (-0.003,0.003)",-0.003,0.003,"  1 2 3 4 5 6 7 8 9 10 11 14 15 17 18 19 20 21 22 23 24 25 26 27 28 29 30",TRUE
510,10," (0,0)",0,0,"  1 2 3 4 5 6 7 8 9 10 12 15 16 17 18 19 21 22 23 30",TRUE
511,11," (0,0)",0,0,"  1 2 3 4 5 6 7 8 9 10 12 15 16 17 18 21 22 23 30",TRUE
512,4," (-0.001,0.001)",-0.001,0.001,"  1 2 3 4 5 6 7 8 9 10 12 13 15 16 17 18 19 20 21 22 23 25 26 27 28 30",TRUE
513,9," (-0.001,0.001)",-0.001,0.001,"  1 2 3 4 5 6 7 8 9 10 12 13 15 16 17 18 19 21 22 23 30",TRUE
514,10," (0,0)",0,0,"  1 2 3 4 5 6 7 8 9 10 12 13 15 16 17 18 21 22 23 30",TRUE
515,12," (0,0)",0,0,"  1 2 3 4 5 6 7 8 9 10 12 13 15 16 17 21 22 30",TRUE
516,14," (0,0)",0,0,"  1 2 3 4 5 6 7 8 9 10 12 13 15 16 17 30",TRUE
517,7," (-0.001,0.001)",-0.001,0.001,"  1 2 3 4 5 6 7 8 9 10 12 13 14 15 16 17 18 19 21 22 23 25 30",TRUE
518,8," (-0.001,0.001)",-0.001,0.001,"  1 2 3 4 5 6 7 8 9 10 12 13 14 15 16 17 18 19 21 22 23 30",TRUE
519,9," (0,0)",0,0,"  1 2 3 4 5 6 7 8 9 10 12 13 14 15 16 17 18 21 22 23 30",TRUE
520,11," (0,0)",0,0,"  1 2 3 4 5 6 7 8 9 10 12 13 14 15 16 17 21 22 30",TRUE
521,3," (-0.003,0.003)",-0.003,0.003,"  1 2 3 4 5 6 7 8 9 10 11 12 13 14 15 16 17 19 20 21 24 25 26 27 28 29 30",TRUE
522,6," (-0.001,0.001)",-0.001,0.001,"  1 2 3 4 5 7 8 9 10 11 12 13 14 15 16 19 20 24 25 26 27 28 29 30",TRUE
523,5," (-0.001,0.001)",-0.001,0.001,"  1 2 3 4 5 7 8 9 10 11 12 13 14 15 16 18 19 20 24 25 26 27 28 29 30",TRUE
524,4," (-0.004,0.004)",-0.004,0.004,"  1 2 3 4 5 6 8 9 10 11 12 13 14 16 17 18 19 20 21 24 25 26 27 28 29 30",TRUE
525,6," (-0.003,0.003)",-0.003,0.003,"  1 2 3 4 5 8",TRUE
526,2," (-0.004,0.004)",-0.004,0.004,"  1 2 3 4 5 6 7 8 9 10 11 12 13 14 16 17 18 19 20 21 22 24 25 26 27 28 29 30",TRUE
527,3," (-0.004,0.004)",-0.004,0.004,"  1 7 8",TRUE
528,7," (0,0)",0,0,"  1 2 3 4 5 6 7 8 9 10 12 13 14 15 17 18 20 24 25 26 27 28 29",TRUE
529,7," (-0.001,0.001)",-0.001,0.001,"  1 2 4 5 7 8 15",TRUE
530,7," (-0.001,0.001)",-0.001,0.001,"  1 2 3 4 5 7 8 11 12 13 14 15 16 20 21 22 23 24 25 26 27 28 29",TRUE
531,3," (-0.001,0.001)",-0.001,0.001,"  1 2 3 4 5 6 7 8 9 11 12 13 14 15 16 19 20 21 22 23 24 25 26 27 28 29 30",TRUE
532,5," (-0.005,0.005)",-0.005,0.005,"  1 2 3 4 5 7 8 11 14 15 16 17 18 19 20 21 22 23 24 25 26 27 28 29 30",TRUE
533,7," (0,0)",0,0,"  1 2 3 4 5 7 8 11 15 16 17 18 19 20 21 22 23 24 25 26 27 28 30",TRUE
534,14," (0,0)",0,0,"  1 7 8 10 11 15 16 17 18 19 21 22 23 30",TRUE
535,4," (-0.002,0.002)",-0.002,0.002,"  1 2 3 4 5 6 7 8 9 10 11 15 16 17 18 19 20 21 22 23 24 25 26 27 28 30",TRUE
536,11," (-0.001,0.001)",-0.001,0.001,"  1 2 4 5 6 7 8 9 10 11 15 16 17 18 19 21 22 23 30",TRUE
537,7," (-0.002,0.002)",-0.002,0.002,"  1 2 4 5 6 7 8 9 10 11 12 13 14 15 16 17 18 19 21 22 23 29 30",TRUE
538,4," (0,0)",0,0,"  1 2 3 4 5 6 7 8 11 12 13 14 15 16 18 19 20 21 22 24 25 26 27 28 29 30",TRUE
539,7," (0,0)",0,0,"  1 7 8 12 13 14 15",TRUE
540,4," (-0.004,0.004)",-0.004,0.004,"  1 7 8 17",TRUE
541,2," (-0.007,0.007)",-0.007,0.007,"  1 17",TRUE
542,2," (-0.002,0.002)",-0.002,0.002,"  1 2 3 4 5 6 7 8 9 11 12 13 14 15 16 17 18 19 20 21 22 24 25 26 27 28 29 30",TRUE
543,4," (-0.003,0.003)",-0.003,0.003,"  1 2 3 4 5 6 7 8 9 11 12 13 14 15 16 17 18 19 20 24 25 26 27 28 29 30",TRUE
544,11," (0,0)",0,0,"  1 7 8 9 11 12 13 14 15 16 17 20 24 25 26 27 28 29 30",TRUE
545,7," (0,0)",0,0,"  1 7 8 9 14 15 17",TRUE
546,3," (-0.002,0.002)",-0.002,0.002,"  1 2 3 4 5 7 8 9 10 11 12 13 14 15 16 17 18 19 20 23 24 25 26 27 28 29 30",TRUE
547,10," (0,0)",0,0,"  1 7 8 9 10 11 12 13 14 15 17 20 23 24 25 26 27 28 29 30",TRUE
548,5," (-0.001,0.001)",-0.001,0.001,"  1 9 10 17 23",TRUE
549,8," (0,0)",0,0,"  1 7 8 9 10 11 12 13 14 15 17 20 21 22 23 24 25 26 27 28 29 30",TRUE
550,11," (0,0)",0,0,"  1 7 8 9 10 12 13 14 15 17 20 21 22 23 24 26 27 28 29",TRUE
551,5," (-0.002,0.002)",-0.002,0.002,"  1 2 6 7 8 9 10 11 12 13 14 15 16 17 20 21 22 23 24 25 26 27 28 29 30",TRUE
552,10," (0,0)",0,0,"  1 2 5 6 9 10 17 21 22 23",TRUE
553,11," (0,0)",0,0,"  1 2 4 5 6 7 8 9 10 12 13 14 15 17 21 22 23 24 29",TRUE
554,8," (0,0)",0,0,"  1 2 3 4 5 6 7 8 9 10 12 13 14 15 17 18 19 21 22 23 24 29",TRUE
555,11," (0,0)",0,0,"  1 2 3 4 5 6 7 8 9 10 13 14 15 17 18 19 21 22 23",TRUE
556,7," (-0.001,0.001)",-0.001,0.001,"  1 2 3 4 5 6 7 8 9 10 12 13 14 15 16 17 18 19 21 22 23 24 29",TRUE
557,9," (0,0)",0,0,"  1 2 3 4 5 6 7 8 9 10 12 13 14 15 16 17 18 19 21 22 23",TRUE
558,2," (-0.005,0.005)",-0.005,0.005,"  1 2 3 4 5 6 7 8 9 10 11 12 13 14 15 16 17 18 19 20 21 22 23 24 26 27 28 29",TRUE
559,8," (-0.001,0.001)",-0.001,0.001,"  1 2 3 4 5 6 7 8 9 10 11 13 14 15 16 17 18 19 21 22 23 30",TRUE
560,10," (0,0)",0,0,"  1 2 3 4 5 6 7 8 9 10 11 15 16 17 18 19 21 22 23 30",TRUE
561,8," (-0.003,0.003)",-0.003,0.003,"  1 2 3 4 5 6 7 8 9 10 11 14 15 16 17 18 19 21 22 23 25 30",TRUE
562,8," (-0.001,0.001)",-0.001,0.001,"  1 2 3 4 5 6 9 10 11 16 17 18 19 20 21 22 23 25 26 27 28 30",TRUE
563,2," (-0.004,0.004)",-0.004,0.004,"  1 2 3 4 5 6 7 8 9 10 11 13 14 15 16 17 18 19 20 21 22 23 24 25 26 27 28 30",TRUE
564,3," (-0.005,0.005)",-0.005,0.005,"  1 2 3 4 5 6 8 9 10 11 12 13 16 17 18 19 20 21 22 23 24 25 26 27 28 29 30",TRUE
565,4," (-0.003,0.003)",-0.003,0.003,"  1 2 3 4 5 6 9 10 11 12 13 16 17 18 19 20 21 22 23 24 25 26 27 28 29 30",TRUE
566,3," (-0.004,0.004)",-0.004,0.004,"  1 2 3 4 5 6 7 8 9 10 11 12 13 14 17 18 19 20 21 23 24 25 26 27 28 29 30",TRUE
567,2," (-0.002,0.002)",-0.002,0.002,"  1 30",TRUE
568,9," (-0.001,0.001)",-0.001,0.001,"  1 2 3 4 5 6 7 8 9 10 11 12 13 14 15 17 18 19 24 29 30",TRUE
569,6," (0,0)",0,0,"  1 2 4 5 15 30",TRUE
570,6," (-0.001,0.001)",-0.001,0.001,"  1 2 3 4 5 6 7 8 9 10 11 12 13 14 15 16 17 18 19 20 24 28 29 30",TRUE
571,5," (-0.001,0.001)",-0.001,0.001,"  1 2 15 16 30",TRUE
572,2," (-0.005,0.005)",-0.005,0.005,"  1 2 3 4 5 6 7 8 9 10 11 12 13 14 15 16 17 18 19 20 22 24 25 26 27 28 29 30",TRUE
573,9," (0,0)",0,0,"  1 2 3 4 5 6 7 8 9 10 11 12 13 15 16 17 18 19 21 22 30",TRUE
574,12," (0,0)",0,0,"  1 2 3 4 5 6 15 16 21 22 23 30",TRUE
575,9," (-0.002,0.002)",-0.002,0.002,"  1 2 3 4 5 6 7 8 9 10 11 12 13 15 16 17 21 22 23 25 30",TRUE
576,12," (0,0)",0,0,"  1 2 3 4 5 6 13 15 16 20 21 22 23 25 26 27 28 30",TRUE
577,3," (-0.001,0.001)",-0.001,0.001,"  1 2 3 4 5 6 7 8 9 10 11 12 13 15 16 17 18 20 21 22 23 24 25 26 27 28 30",TRUE
578,5," (0,0)",0,0,"  1 2 3 4 5 6 7 8 9 10 11 12 13 15 16 20 21 22 23 24 25 26 27 28 30",TRUE
579,13," (-0.001,0.001)",-0.001,0.001,"  1 15 16 20 21 22 23 24 25 26 27 28 30",TRUE
580,2," (-0.001,0.001)",-0.001,0.001,"  1 2 3 4 5 6 7 8 9 10 11 12 13 15 16 17 18 20 21 22 23 24 25 26 27 28 29 30",TRUE
581,4," (-0.001,0.001)",-0.001,0.001,"  1 2 3 4 5 6 7 8 9 10 11 12 13 15 16 20 21 22 23 24 25 26 27 28 29 30",TRUE
582,3," (-0.004,0.004)",-0.004,0.004,"  1 2 3 4 5 6 7 8 10 11 12 13 14 15 16 19 20 21 22 23 24 25 26 27 28 29 30",TRUE
583,6," (-0.001,0.001)",-0.001,0.001,"  1 2 3 4 5 6 11 12 13 14 15 16 19 20 21 22 23 24 25 26 27 28 29 30",TRUE
584,8," (-0.001,0.001)",-0.001,0.001,"  1 2 3 4 5 14 15 16 17 18 19 20 21 22 23 24 25 26 27 28 29 30",TRUE
585,3," (-0.001,0.001)",-0.001,0.001,"  1 2 3 4 5 6 9 11 12 13 14 15 16 17 18 19 20 21 22 23 24 25 26 27 28 29 30",TRUE
586,4," (0,0)",0,0,"  1 2 3 4 5 6 9 10 13 14 15 16 17 18 19 20 21 22 23 24 25 26 27 28 29 30",TRUE
587,9," (-0.001,0.001)",-0.001,0.001,"  1 2 9 10 14 15 16 17 18 19 20 21 22 23 24 25 26 27 28 29 30",TRUE
588,4," (-0.002,0.002)",-0.002,0.002,"  1 2 3 4 5 6 7 9 10 14 15 16 17 18 19 20 21 22 23 24 25 26 27 28 29 30",TRUE
589,6," (-0.001,0.001)",-0.001,0.001,"  1 2 7 8 9 10 11 14 15 16 17 18 19 20 21 22 23 24 25 26 27 28 29 30",TRUE
590,4," (0,0)",0,0,"  1 2 5 7 8 9 10 11 12 14 15 16 17 18 19 20 21 22 23 24 25 26 27 28 29 30",TRUE
591,10," (0,0)",0,0,"  1 9 10 20 24 25 26 27 28 29",TRUE
592,12," (0,0)",0,0,"  1 2 9 10 12 17 18 19 20 21 22 23 24 25 26 27 28 29",TRUE
593,4," (-0.001,0.001)",-0.001,0.001,"  1 2 9 10",TRUE
594,7," (-0.001,0.001)",-0.001,0.001,"  1 2 5 9 10 11 12 13 14 17 18 19 20 21 22 23 24 25 26 27 28 29 30",TRUE
595,2," (-0.001,0.001)",-0.001,0.001,"  1 2 3 4 5 7 8 9 10 11 12 13 14 15 17 18 19 20 21 22 23 24 25 26 27 28 29 30",TRUE
596,10," (-0.002,0.002)",-0.002,0.002,"  1 2 3 4 5 6 9 10 25 29",TRUE
597,6," (-0.001,0.001)",-0.001,0.001,"  1 2 3 4 5 6 9 10 12 13 16 17 18 19 20 21 22 23 24 25 26 27 28 29",TRUE
598,7," (-0.001,0.001)",-0.001,0.001,"  1 2 3 4 5 6 16",TRUE
599,7," (-0.001,0.001)",-0.001,0.001,"  1 2 3 4 5 6 7 9 10 15 16 17 18 19 20 22 23 24 25 26 27 28 29",TRUE
600,3," (0,0)",0,0,"  1 2 3 4 5 6 7 8 9 10 11 12 15 16 17 18 19 20 21 22 23 24 25 26 27 28 29",TRUE
601,3," (-0.002,0.002)",-0.002,0.002,"  1 2 3 4 5 6 7 8 9 10 11 14 15 16 17 18 19 20 22 23 24 25 26 27 28 29 30",TRUE
602,6," (-0.002,0.002)",-0.002,0.002,"  1 2 3 4 5 6 7 8 9 10 11 13 14 15 16 19 20 24 25 26 27 28 29 30",TRUE
603,14," (0,0)",0,0,"  1 2 3 4 5 6 7 8 9 10 11 13 14 15 16 30",TRUE
604,14," (-0.001,0.001)",-0.001,0.001,"  1 2 3 4 5 6 7 8 11 13 14 15 16 30",TRUE
605,7," (-0.001,0.001)",-0.001,0.001,"  1 2 3 4 5 6 7 8 9 10 11 12 13 14 15 16 20 25 26 27 28 29 30",TRUE
606,4," (0,0)",0,0,"  1 2 3 4 5 6 7 8 9 10 11 12 13 14 15 16 19 20 21 24 25 26 27 28 29 30",TRUE
607,10," (0,0)",0,0,"  1 2 3 4 5 6 7 8 9 10 11 12 13 14 15 16 21 25 29 30",TRUE
608,11," (-0.001,0.001)",-0.001,0.001,"  1 2 3 4 5 6 7 8 9 10 11 12 13 14 15 16 21 29 30",TRUE
609,5," (0,0)",0,0,"  1 2 3 4 5 6 7 8 9 10 11 12 13 14 15 16 20 21 22 25 26 27 28 29 30",TRUE
610,4," (0,0)",0,0,"  1 2 3 4 5 6 7 8 9 10 11 12 13 14 15 16 17 21 22 23 25 26 27 28 29 30",TRUE
611,6," (-0.001,0.001)",-0.001,0.001,"  1 2 3 4 5 6 7 8 9 10 11 12 13 14 15 16 17 21 22 23 25 27 29 30",TRUE
612,7," (-0.001,0.001)",-0.001,0.001,"  1 2 3 4 5 6 7 8 9 10 11 12 13 14 15 16 17 21 22 23 25 29 30",TRUE
613,7," (-0.003,0.003)",-0.003,0.003,"  1 2 3 4 5 6 7 8 10 11 12 13 14 15 16 17 18 19 21 22 23 24 30",TRUE
614,2," (-0.001,0.001)",-0.001,0.001,"  1 2 3 4 5 6 7 8 9 10 11 12 13 14 15 16 17 18 19 20 21 22 23 24 26 28 29 30",TRUE
615,10," (-0.002,0.002)",-0.002,0.002,"  1 7 8 9 10 15 16 17 18 19 20 21 22 23 24 25 26 27 28 29",TRUE
616,13," (-0.001,0.001)",-0.001,0.001,"  1 9 10 17 18 19 20 24 25 26 27 28 29",TRUE
617,5," (0,0)",0,0,"  1 9 10 17 18",TRUE
618,5," (0,0)",0,0,"  1 2 9 10 17",TRUE
619,6," (-0.001,0.001)",-0.001,0.001,"  1 2 5 9 10 17",TRUE
620,4," (-0.001,0.001)",-0.001,0.001,"  1 2 5 9",TRUE
621,12," (0,0)",0,0,"  1 2 3 4 5 9 10 17 18 19 25 29",TRUE
622,5," (-0.003,0.003)",-0.003,0.003,"  1 2 3 4 5 6 7 9 10 15 16 17 18 19 20 21 22 23 24 25 26 27 28 29 30",TRUE
623,5," (0,0)",0,0,"  1 2 3 4 5 6 9 10 11 15 16 17 18 19 20 21 22 23 24 25 26 27 28 29 30",TRUE
624,3," (-0.003,0.003)",-0.003,0.003,"  1 2 3 4 5 6 7 9 10 11 12 15 16 17 18 19 20 21 22 23 24 25 26 27 28 29 30",TRUE
625,9," (0,0)",0,0,"  1 2 3 4 5 6 9 10 11 12 13 17 18 19 20 25 26 27 28 29 30",TRUE
626,4," (-0.004,0.004)",-0.004,0.004,"  1 2 3 4 5 6 9 10 11 12 13 14 17 18 19 20 21 22 23 24 25 26 27 28 29 30",TRUE
627,7," (0,0)",0,0,"  1 2 3 4 5 6 9 10 11 12 13 14 17 18 19 20 24 25 26 27 28 29 30",TRUE
628,5," (-0.003,0.003)",-0.003,0.003,"  1 2 3 4 5 6 8 9 10 11 12 13 14 17 18 19 20 21 24 25 26 27 28 29 30",TRUE
629,3," (-0.002,0.002)",-0.002,0.002,"  1 2 3 4 5 6 7 8 9 10 11 12 13 14 17 18 19 20 21 22 24 25 26 27 28 29 30",TRUE
630,12," (0,0)",0,0,"  1 2 3 4 5 6 7 8 9 10 11 12 13 14 17 18 19 30",TRUE
631,3," (-0.006,0.006)",-0.006,0.006,"  1 2 3 4 5 6 7 8 9 10 11 12 13 14 15 17 18 19 20 21 24 25 26 27 28 29 30",TRUE
632,8," (-0.004,0.004)",-0.004,0.004,"  1 2 3 4 5 6 7 8 9 10 11 12 13 14 15 16 17 18 19 25 29 30",TRUE
633,13," (-0.001,0.001)",-0.001,0.001,"  1 2 3 4 5 6 7 8 9 11 12 13 14 15 16 23 30",TRUE
634,2," (-0.002,0.002)",-0.002,0.002,"  1 2 3 4 5 6 7 8 9 10 11 12 13 14 15 16 17 18 19 20 22 23 25 26 27 28 29 30",TRUE
635,6," (-0.001,0.001)",-0.001,0.001,"  1 2 3 4 5 6 7 8 9 10 11 12 13 14 15 16 17 18 19 22 23 25 29 30",TRUE
636,7," (-0.002,0.002)",-0.002,0.002,"  1 2 3 4 5 6 7 8 9 10 11 12 13 14 15 16 17 18 21 22 23 24 30",TRUE
637,4," (0,0)",0,0,"  1 2 3 4 5 6 7 8 9 11 12 13 14 15 16 20 21 22 23 24 25 26 27 28 29 30",TRUE
638,3," (-0.001,0.001)",-0.001,0.001,"  1 2 3 4 5 6 7 8 10 11 12 13 14 17 18 19 20 21 22 23 24 25 26 27 28 29 30",TRUE
639,3," (0,0)",0,0,"  1 2 3 4 5 6 7 8 9 10 11 12 13 14 17 18 19 20 21 22 23 24 26 27 28 29 30",TRUE
640,5," (0,0)",0,0,"  1 2 3 4 5 6 7 8 9 10 11 12 13 14 17 18 19 20 21 22 23 24 28 29 30",TRUE
641,8," (-0.001,0.001)",-0.001,0.001,"  1 2 3 4 5 6 7 8 9 10 11 12 13 14 17 18 19 21 22 23 29 30",TRUE
642,8," (-0.001,0.001)",-0.001,0.001,"  1 2 3 4 5 6 9 10",TRUE
643,12," (-0.001,0.001)",-0.001,0.001,"  1 2 3 4 5 6 7 8 9 10 11 13 14 15 17 18 19 30",TRUE
644,6," (-0.001,0.001)",-0.001,0.001,"  1 2 9 10 15 16",TRUE
645,8," (-0.001,0.001)",-0.001,0.001,"  1 2 3 4 5 6 7 8 9 10 11 12 13 14 15 16 17 18 19 21 25 30",TRUE
646,13," (-0.001,0.001)",-0.001,0.001,"  1 2 3 4 5 6 8 9 10 11 15 16 18 19 25 27 30",TRUE
647,4," (-0.005,0.005)",-0.005,0.005,"  1 2 3 4 5 6 7 8 9 10 11 13 14 15 16 17 18 19 20 24 25 26 27 28 29 30",TRUE
648,2," (-0.004,0.004)",-0.004,0.004,"  1 2 3 4 5 6 7 8 9 10 11 13 14 15 16 17 18 19 20 22 23 24 25 26 27 28 29 30",TRUE
649,12," (0,0)",0,0,"  1 2 3 4 5 9 10 15 16 20 22 23 24 25 26 27 28 29",TRUE
650,14," (0,0)",0,0,"  1 9 10 15 16 20 22 23 24 25 26 27 28 29",TRUE
651,2," (-0.007,0.007)",-0.007,0.007,"  1 2 3 4 5 6 7 8 9 10 11 12 13 15 16 18 19 20 21 22 23 24 25 26 27 28 29 30",TRUE
652,5," (-0.002,0.002)",-0.002,0.002,"  1 2 3 4 5 6 9 10 11 12 13 15 16 19 20 21 22 23 24 25 26 27 28 29 30",TRUE
653,2," (-0.007,0.007)",-0.007,0.007,"  1 2 3 4 5 6 8 9 10 11 12 13 14 15 16 18 19 20 21 22 23 24 25 26 27 28 29 30",TRUE
654,3," (-0.002,0.002)",-0.002,0.002,"  1 2 3 4 5 6 9 10 11 12 13 14 15 16 17 19 20 21 22 23 24 25 26 27 28 29 30",TRUE
655,5," (-0.003,0.003)",-0.003,0.003,"  1 2 3 4 5 6 7 9 10 12 13 14 15 16 17 20 21 22 23 24 25 26 27 28 29",TRUE
656,4," (0,0)",0,0,"  1 2 3 4 5 7 8 9 10 12 13 14 15 16 17 18 20 21 22 23 24 25 26 27 28 29",TRUE
657,4," (-0.001,0.001)",-0.001,0.001,"  1 2 4 5 7 8 9 10 12 13 14 15 16 17 18 19 20 21 22 23 24 25 26 27 28 29",TRUE
658,7," (0,0)",0,0,"  1 7 8 9 10 12 13 14 15 16 17 18 19 20 21 22 23 24 25 26 27 28 29",TRUE
659,3," (-0.001,0.001)",-0.001,0.001,"  1 2 4 5 7 8 9 10 11 12 13 14 15 16 17 18 19 20 21 22 23 24 25 26 27 28 29",TRUE
660,5," (-0.001,0.001)",-0.001,0.001,"  1 2 3 4 5 6 7 8 11 12 13 14 15 16 17 18 19 20 24 25 26 27 28 29 30",TRUE
661,9," (0,0)",0,0,"  1 2 3 4 5 6 14 17 29",TRUE
662,5," (-0.003,0.003)",-0.003,0.003,"  1 2 4 5 6",TRUE
663,5," (0,0)",0,0,"  1 2 5 6 9",TRUE
664,8," (-0.002,0.002)",-0.002,0.002,"  1 2 4 5 6 9 10 23",TRUE
665,4," (0,0)",0,0,"  1 9 10 23",TRUE
666,2," (-0.01,0.01)",-0.01,0.01,"  1 2 3 4 5 6 7 9 10 11 12 13 14 15 16 17 18 19 20 22 23 24 25 26 27 28 29 30",TRUE
667,8," (-0.001,0.001)",-0.001,0.001,"  1 2 3 4 5 6 9 10 12 13 14 17 20 21 22 23 24 25 26 27 28 29",TRUE
668,10," (0,0)",0,0,"  1 2 3 4 5 6 9 10 14 17 20 21 22 23 24 25 26 27 28 29",TRUE
669,11," (0,0)",0,0,"  1 2 6 7 8 9 10 15 21 22 23",TRUE
670,9," (0,0)",0,0,"  1 2 3 4 5 6 7 8 9 10 14 15 17 20 21 22 23 24 28 29 30",TRUE
671,11," (0,0)",0,0,"  1 2 3 4 5 6 7 8 9 10 14 15 17 21 22 23 24 29 30",TRUE
672,13," (0,0)",0,0,"  1 2 3 4 5 6 7 8 9 10 15 16 17 21 22 23 30",TRUE
673,2," (-0.006,0.006)",-0.006,0.006,"  1 2 3 4 5 6 7 8 9 10 11 13 14 15 16 17 19 20 21 22 23 24 25 26 27 28 29 30",TRUE
674,3," (-0.002,0.002)",-0.002,0.002,"  1 2 3 4 5 6 7 8 9 10 11 14 15 16 17 19 20 21 22 23 24 25 26 27 28 29 30",TRUE
675,13," (0,0)",0,0,"  1 2 6 7 8 9 10 11 12 15 16 18 19 21 22 23 30",TRUE
676,10," (-0.001,0.001)",-0.001,0.001,"  1 2 4 5 6 7 8 9 10 11 12 13 15 16 18 19 21 22 23 30",TRUE
677,8," (-0.002,0.002)",-0.002,0.002,"  1 7 8 9 10 11 12 13 15 16 18 19 20 21 22 23 24 25 26 27 28 30",TRUE
678,3," (-0.002,0.002)",-0.002,0.002,"  1 2 4 5 6 7 8 9 10 11 12 13 15 16 18 19 20 21 22 23 24 25 26 27 28 29 30",TRUE
679,5," (-0.002,0.002)",-0.002,0.002,"  1 2 7 8 9 10 11 12 13 14 15 16 18 19 20 21 22 23 24 25 26 27 28 29 30",TRUE
680,2," (-0.003,0.003)",-0.003,0.003,"  1 2 3 4 7 8 9 10 11 12 13 14 15 16 17 18 19 20 21 22 23 24 25 26 27 28 29 30",TRUE
681,8," (0,0)",0,0,"  1 2 7 8 15 16 22 23",TRUE
682,6," (0,0)",0,0,"  1 2 3 7 8 9 10 14 15 16 17 18 19 20 21 22 23 24 25 26 27 28 29 30",TRUE
683,6," (-0.001,0.001)",-0.001,0.001,"  1 2 3 4 7 8 9 10 15 16 17 18 19 20 21 22 23 24 25 26 27 28 29 30",TRUE
684,12," (-0.001,0.001)",-0.001,0.001,"  1 2 3 4 7 8 9 10 15 16 17 18 19 21 22 23 24 30",TRUE
685,4," (-0.002,0.002)",-0.002,0.002,"  1 2 3 4 5 7 8 9 10 14 15 16 17 18 19 20 21 22 23 24 25 26 27 28 29 30",TRUE
686,9," (0,0)",0,0,"  1 2 3 4 5 7 8 15 16",TRUE
687,11," (-0.001,0.001)",-0.001,0.001,"  1 2 3 4 5 6 7 8 9 10 15 16 17 18 19 21 22 23 30",TRUE
688,13," (0,0)",0,0,"  1 2 3 4 5 6 7 8 15 16 21 22 23",TRUE
689,9," (-0.001,0.001)",-0.001,0.001,"  1 2 3 4 5 6 8 12 13",TRUE
690,11," (0,0)",0,0,"  1 2 3 4 5 6 7 8 11 12 13 14 15 16 18 21 22 23 29",TRUE
691,14," (0,0)",0,0,"  1 2 3 4 5 6 7 8 11 12 13 14 15 29",TRUE
692,5," (-0.001,0.001)",-0.001,0.001,"  1 2 3 4 5 6 7 8 9 10 11 12 13 14 15 16 17 18 19 21 22 23 25 27 29",TRUE
693,3," (-0.002,0.002)",-0.002,0.002,"  1 2 3 4 5 6 7 8 9 10 11 12 13 14 15 16 17 18 19 21 22 23 25 26 27 28 29",TRUE
694,3," (-0.002,0.002)",-0.002,0.002,"  1 2 3 4 5 6 7 8 9 10 11 12 13 14 15 16 18 19 20 21 22 23 25 26 27 28 29",TRUE
695,4," (-0.001,0.001)",-0.001,0.001,"  1 2 3 4 5 6 7 8 11 12 13 14 15 16 18 19 20 21 22 23 24 25 26 27 28 29",TRUE
696,5," (-0.005,0.005)",-0.005,0.005,"  1 2 3 4 5 6 7 8 9 11 12 13 14 15 16 17 20 23 24 25 26 27 28 29 30",TRUE
697,4," (-0.001,0.001)",-0.001,0.001,"  1 2 12 13",TRUE
698,3," (-0.003,0.003)",-0.003,0.003,"  1 12 13",TRUE
699,5," (-0.002,0.002)",-0.002,0.002,"  1 2 3 4 5 9 10 11 12 13 15 16 17 18 19 20 21 22 23 24 25 26 27 28 30",TRUE
700,3," (-0.003,0.003)",-0.003,0.003,"  1 2 3 4 5 8 9 10 11 12 13 14 15 16 17 18 19 20 21 22 23 24 25 26 27 28 30",TRUE
701,5," (-0.001,0.001)",-0.001,0.001,"  1 8 11 12 13",TRUE
702,3," (-0.001,0.001)",-0.001,0.001,"  1 2 3 4 5 7 8 9 10 11 12 13 15 16 17 18 19 20 21 22 23 24 25 26 27 28 30",TRUE
703,6," (0,0)",0,0,"  1 7 8 11 12 13",TRUE
704,8," (-0.003,0.003)",-0.003,0.003,"  1 2 3 4 5 6 7 8 9 10 11 12 13 15 16 17 18 19 21 22 23 30",TRUE
705,13," (0,0)",0,0,"  1 2 3 4 5 6 7 8 11 12 13 14 29",TRUE
706,7," (-0.001,0.001)",-0.001,0.001,"  1 2 3 4 5 6 7 8 9 10 11 12 13 14 15 16 17 18 19 25 27 29 30",TRUE
707,4," (-0.002,0.002)",-0.002,0.002,"  1 2 3 4 5 6 7 8 9 10 11 12 13 14 15 16 17 18 19 23 25 26 27 28 29 30",TRUE
708,3," (-0.002,0.002)",-0.002,0.002,"  1 2 3 4 5 6 7 8 9 10 11 12 13 14 15 16 17 18 19 20 23 25 26 27 28 29 30",TRUE
709,14," (-0.002,0.002)",-0.002,0.002,"  1 2 5 6 7 8 11 12 13 14 20 25 26 27 28 29",TRUE
710,3," (-0.007,0.007)",-0.007,0.007,"  1 2 3 4 5 6 7 8 9 10 11 12 13 14 15 16 18 19 20 21 24 25 26 27 28 29 30",TRUE
711,3," (-0.005,0.005)",-0.005,0.005,"  1 2 3 4 5 6 7 8 10 11 12 13 14 16 17 18 19 20 21 22 23 24 25 26 27 28 29",TRUE
712,2," (-0.008,0.008)",-0.008,0.008,"  1 2 3 4 5 6 7 8 9 10 11 12 13 14 15 16 17 19 20 21 22 23 24 25 26 27 28 29",TRUE
713,3," (-0.004,0.004)",-0.004,0.004,"  1 2 3 4 5 6 7 8 9 10 11 12 13 14 15 17 20 21 22 23 24 25 26 27 28 29 30",TRUE
714,2," (0,0)",0,0,"  1 2 4 5 6 7 8 9 10 11 12 13 14 15 17 18 19 20 21 22 23 24 25 26 27 28 29 30",TRUE
715,3," (-0.002,0.002)",-0.002,0.002,"  1 2 5 6 7 8 9 10 11 12 13 14 15 17 18 19 20 21 22 23 24 25 26 27 28 29 30",TRUE
716,4," (-0.004,0.004)",-0.004,0.004,"  1 6 7 8 9 10 11 12 13 14 15 16 17 18 19 20 21 22 23 24 25 26 27 28 29 30",TRUE
717,3," (-0.003,0.003)",-0.003,0.003,"  1 3 4 7 8 9 10 11 12 13 14 15 16 17 18 19 20 21 22 23 24 25 26 27 28 29 30",TRUE
718,10," (-0.002,0.002)",-0.002,0.002,"  1 7 8 9 10 11 12 13 15 16 18 19 20 24 25 26 27 28 29 30",TRUE
719,2," (-0.003,0.003)",-0.003,0.003,"  1 2 4 5 6 7 8 9 10 11 12 13 14 15 16 18 19 20 21 22 23 24 25 26 27 28 29 30",TRUE
720,10," (0,0)",0,0,"  1 2 4 5 6 8 9 10 11 12 13 18 19 20 24 25 26 27 28 29",TRUE
721,12," (0,0)",0,0,"  1 2 4 5 6 9 10 11 13 18 19 20 24 25 26 27 28 29",TRUE
722,9," (-0.001,0.001)",-0.001,0.001,"  1 2 3 4 5 6 9 10 25",TRUE
723,9," (-0.001,0.001)",-0.001,0.001,"  1 2 3 4 5 6 9 10 17",TRUE
724,4," (-0.003,0.003)",-0.003,0.003,"  1 2 3 4 5 6 7 8 9 10 11 12 13 15 17 18 19 20 23 24 25 26 27 28 29 30",TRUE
725,12," (0,0)",0,0,"  1 2 3 4 5 6 9 10 17 19 20 23 24 25 26 27 28 29",TRUE
726,12," (0,0)",0,0,"  1 2 3 4 5 6 9 10 17 20 21 22 23 24 25 26 27 28",TRUE
727,3," (-0.004,0.004)",-0.004,0.004,"  1 2 3 4 5 6 9 10 11 13 14 15 16 17 18 19 20 21 22 23 24 25 26 27 28 29 30",TRUE
728,6," (0,0)",0,0,"  1 2 3 4 5 6 7 9 10 14 15 16 17 20 21 22 23 24 25 26 27 28 29 30",TRUE
729,10," (-0.001,0.001)",-0.001,0.001,"  1 2 3 4 5 6 7 8 9 10 14 15 16 17 21 22 23 25 27 30",TRUE
730,9," (0,0)",0,0,"  1 2 3 4 5 6 21 22 23",TRUE
731,7," (0,0)",0,0,"  1 2 3 4 5 6 21",TRUE
732,6," (-0.001,0.001)",-0.001,0.001,"  1 2 3 4 5 6 10 11 12 13 14 16 18 19 20 21 22 23 24 25 26 27 28 29",TRUE
733,3," (-0.005,0.005)",-0.005,0.005,"  1 2 3 4 5 6 7 9 10 11 12 13 14 15 16 18 19 20 21 22 23 24 25 26 27 28 29",TRUE
734,5," (-0.002,0.002)",-0.002,0.002,"  1 2 3 4 5 6 11 12 13 14 15 16 18 19 20 21 22 23 24 25 26 27 28 29 30",TRUE
735,2," (-0.006,0.006)",-0.006,0.006,"  1 2 3 4 5 6 8 10 11 12 13 14 15 16 17 18 19 20 21 22 23 24 25 26 27 28 29 30",TRUE
736,12," (0,0)",0,0,"  1 2 3 4 5 6 8 11 12 13 14 15 16 17 21 22 23 30",TRUE
737,2," (-0.003,0.003)",-0.003,0.003,"  1 2 3 4 5 6 7 8 9 11 12 13 14 15 16 17 19 20 21 22 23 24 25 26 27 28 29 30",TRUE
738,8," (-0.001,0.001)",-0.001,0.001,"  1 2 3 4 5 6 7 8 9 10 11 12 13 14 15 16 17 21 22 23 29 30",TRUE
739,15," (0,0)",0,0,"  1 2 3 4 5 6 7 8 9 10 15 16 17 21 30",TRUE
740,8," (0,0)",0,0,"  1 2 3 4 5 6 7 8 9 10 12 13 15 16 17 18 19 21 22 23 25 30",TRUE
741,2," (-0.003,0.003)",-0.003,0.003,"  1 2 3 4 5 6 7 8 9 10 12 13 15 16 17 18 19 20 21 22 23 24 25 26 27 28 29 30",TRUE
742,6," (-0.002,0.002)",-0.002,0.002,"  1 3 4 5 7 8 9 10 11 13 14 15 16 17 18 19 20 24 25 26 27 28 29 30",TRUE
743,4," (0,0)",0,0,"  1 3 4 5 7 8 9 10 11 12 13 14 15 16 17 18 19 20 23 24 25 26 27 28 29 30",TRUE
744,5," (-0.001,0.001)",-0.001,0.001,"  1 3 7 8 9 10 11 12 13 14 15 16 17 18 19 20 22 23 24 25 26 27 28 29 30",TRUE
745,10," (0,0)",0,0,"  1 2 3 4 5 6 12 21 22 23",TRUE
746,9," (-0.001,0.001)",-0.001,0.001,"  1 2 3 4 5 6 10 12 13 18 19 20 21 22 23 24 25 26 27 28 29",TRUE
747,8," (-0.001,0.001)",-0.001,0.001,"  1 2 3 4 5 12 13 14",TRUE
748,3," (-0.002,0.002)",-0.002,0.002,"  1 2 3 4 5 6 8 9 10 11 12 13 14 16 17 18 19 20 21 22 23 24 25 26 27 28 29",TRUE
749,7," (-0.001,0.001)",-0.001,0.001,"  1 2 3 4 5 6 8 11 12 13 14 18 19 20 21 22 23 24 25 26 27 28 29",TRUE
750,12," (-0.001,0.001)",-0.001,0.001,"  1 2 3 4 5 6 8 11 12 13 14 18 19 21 22 23 25 27",TRUE
751,12," (0,0)",0,0,"  1 2 3 4 5 6 8 11 12 13 14 21",TRUE
752,12," (0,0)",0,0,"  1 2 3 4 5 6 7 8 11 12 13 14",TRUE
753,10," (0,0)",0,0,"  1 2 7 8 11 12 13 14 15 30",TRUE
754,5," (-0.001,0.001)",-0.001,0.001,"  1 2 3 4 5 6 7 8 11 12 13 14 15 16 18 19 20 21 22 23 25 26 27 28 30",TRUE
755,13," (0,0)",0,0,"  1 2 3 4 5 6 7 8 11 12 13 14 15 16 21 22 30",TRUE
756,9," (-0.001,0.001)",-0.001,0.001,"  1 2 3 4 5 6 7 8 11 12 13 14 15 16 17 18 19 21 22 23 30",TRUE
757,13," (-0.001,0.001)",-0.001,0.001,"  1 2 3 4 5 6 7 8 9 11 12 13 14 15 16 17 30",TRUE
758,10," (0,0)",0,0,"  1 2 3 4 5 6 7 8 9 10 11 12 13 14 15 16 17 21 29 30",TRUE
759,13," (-0.001,0.001)",-0.001,0.001,"  1 2 4 5 7 8 9 10 11 12 13 14 15 16 17 29 30",TRUE
760,15," (0,0)",0,0,"  1 2 7 8 9 10 11 12 13 14 15 16 17 29 30",TRUE
761,2," (-0.005,0.005)",-0.005,0.005,"  1 2 3 4 5 6 7 8 9 10 11 12 13 14 15 16 17 18 20 21 22 24 25 26 27 28 29 30",TRUE
762,4," (-0.002,0.002)",-0.002,0.002,"  1 2 3 4 5 6 7 8 9 10 11 12 13 14 15 16 17 18 20 24 25 26 27 28 29 30",TRUE
763,5," (-0.001,0.001)",-0.001,0.001,"  1 2 3 4 5 7 8 9 10 11 12 13 14 15 16 17 18 20 24 25 26 27 28 29 30",TRUE
764,5," (-0.002,0.002)",-0.002,0.002,"  1 2 4 5 7 8 9 10 11 12 13 14 15 16 17 18 19 20 24 25 26 27 28 29 30",TRUE
765,5," (-0.001,0.001)",-0.001,0.001,"  1 2 5 7 8 9 10 11 12 13 14 15 16 17 18 19 20 23 24 25 26 27 28 29 30",TRUE
766,3," (-0.004,0.004)",-0.004,0.004,"  1 2 4 5 7 8 9 10 11 12 13 14 15 16 17 18 19 20 22 23 24 25 26 27 28 29 30",TRUE
767,11," (0,0)",0,0,"  1 9 10 11 16 17 18 19 20 21 22 23 24 25 26 27 28 29 30",TRUE
768,4," (0,0)",0,0,"  1 11 16 30",TRUE
769,4," (0,0)",0,0,"  1 2 16 30",TRUE
770,6," (-0.002,0.002)",-0.002,0.002,"  1 2 5 6 9 10 11 13 14 16 17 18 19 20 21 22 23 24 25 26 27 28 29 30",TRUE
771,3," (-0.001,0.001)",-0.001,0.001,"  1 2 4 5 6 8 9 10 11 12 13 14 16 17 18 19 20 21 22 23 24 25 26 27 28 29 30",TRUE
772,11," (-0.001,0.001)",-0.001,0.001,"  1 2 4 5 11 16 18 19 20 21 22 23 24 25 26 27 28 29 30",TRUE
773,6," (-0.001,0.001)",-0.001,0.001,"  1 2 3 4 5 6 9 10 11 16 17 18 19 20 21 22 23 24 25 26 27 28 29 30",TRUE
774,9," (0,0)",0,0,"  1 2 3 4 5 11 16 17 18 19 20 21 22 23 24 25 26 27 28 29 30",TRUE
775,6," (-0.001,0.001)",-0.001,0.001,"  1 2 3 4 5 30",TRUE
776,4," (-0.001,0.001)",-0.001,0.001,"  1 2 3 4 5 6 9 10 11 14 15 16 17 18 19 20 21 22 23 24 25 26 27 28 29 30",TRUE
777,8," (-0.001,0.001)",-0.001,0.001,"  1 2 3 4 5 15 16 30",TRUE
778,4," (-0.002,0.002)",-0.002,0.002,"  1 2 3 4 5 7 8 9 10 11 15 16 17 18 19 20 21 22 23 24 25 26 27 28 29 30",TRUE
779,6," (0,0)",0,0,"  1 2 3 4 5 7 8 11 15 16 17 18 19 20 21 22 23 24 25 26 27 28 29 30",TRUE
780,13," (0,0)",0,0,"  1 2 3 4 5 7 8 11 15 16 18 19 30",TRUE
781,4," (-0.002,0.002)",-0.002,0.002,"  1 2 3 4 5 7 8 9 11 12 15 16 17 18 19 20 21 22 23 24 25 26 27 28 29 30",TRUE
782,6," (0,0)",0,0,"  1 2 3 4 5 7 8 11 12 13 15 16 18 19 20 21 23 24 25 26 27 28 29 30",TRUE
783,11," (0,0)",0,0,"  1 2 3 4 5 6 7 8 11 12 13 14 15 16 18 19 24 29 30",TRUE
784,4," (0,0)",0,0,"  1 2 3 4 5 6 7 8 9 10 11 12 13 14 15 16 17 18 19 20 24 26 27 28 29 30",TRUE
785,14," (-0.001,0.001)",-0.001,0.001,"  1 2 3 4 5 6 7 8 9 10 12 13 14 15 17 30",TRUE
786,7," (-0.003,0.003)",-0.003,0.003,"  1 2 3 4 5 6 7 8 9 10 11 12 13 14 15 16 17 18 19 21 22 29 30",TRUE
787,11," (-0.001,0.001)",-0.001,0.001,"  1 2 3 4 5 6 7 8 9 10 12 13 14 15 17 21 22 23 25",TRUE
788,5," (-0.001,0.001)",-0.001,0.001,"  1 2 3 4 5 6 7 8 9 10 12 13 14 15 17 20 21 22 23 24 25 26 27 28 29",TRUE
789,8," (-0.002,0.002)",-0.002,0.002,"  1 2 7 8 11 15 16 30",TRUE
790,3," (-0.002,0.002)",-0.002,0.002,"  1 2 30",TRUE
791,5," (0,0)",0,0,"  1 2 3 4 5 6 7 8 9 10 11 12 13 15 16 17 18 19 20 24 26 27 28 29 30",TRUE
792,8," (0,0)",0,0,"  1 2 8 11 12 13 14 30",TRUE
793,5," (0,0)",0,0,"  1 2 3 4 5 6 7 8 9 10 11 12 13 14 15 16 17 18 19 20 23 24 28 29 30",TRUE
794,8," (-0.003,0.003)",-0.003,0.003,"  1 2 3 4 5 6 7 8 9 10 11 12 13 14 15 16 17 18 19 23 29 30",TRUE
795,9," (0,0)",0,0,"  1 2 3 4 5 6 7 8 9 10 11 12 13 14 15 16 17 18 19 23 30",TRUE
796,8," (-0.001,0.001)",-0.001,0.001,"  1 2 3 4 5 6 7 8 9 10 11 12 13 14 15 16 17 18 19 22 23 30",TRUE
797,10," (-0.001,0.001)",-0.001,0.001,"  1 2 6 7 8 9 10 11 12 13 14 15 16 17 18 19 21 22 23 30",TRUE
798,7," (-0.002,0.002)",-0.002,0.002,"  1 2 3 4 6 7 8 9 10 11 12 13 14 15 16 17 18 19 21 22 23 25 30",TRUE
799,2," (-0.005,0.005)",-0.005,0.005,"  1 2 3 4 6 7 8 9 10 11 12 13 14 15 16 17 18 19 20 21 22 23 24 25 26 27 28 30",TRUE
800,5," (-0.003,0.003)",-0.003,0.003,"  1 2 7 8 9 10 11 12 13 14 15 16 17 18 19 20 21 22 23 24 25 26 27 28 30",TRUE
801,6," (-0.002,0.002)",-0.002,0.002,"  1 2 5 7 8 11 12 13 14 15 16 18 19 20 21 22 23 24 25 26 27 28 29 30",TRUE
802,4," (-0.003,0.003)",-0.003,0.003,"  1 2 4 5 7 8 10 11 12 13 14 15 16 18 19 20 21 22 23 24 25 26 27 28 29 30",TRUE
803,6," (-0.002,0.002)",-0.002,0.002,"  1 2 3 4 5 7 8 11 12 13 14 15 16 20 21 22 23 24 25 26 27 28 29 30",TRUE
804,7," (0,0)",0,0,"  1 2 3 4 5 6 7 8 11 12 13 14 20 21 22 23 24 25 26 27 28 29 30",TRUE
805,3," (-0.005,0.005)",-0.005,0.005,"  1 2 3 4 5 6 7 8 9 10 11 12 13 14 17 19 20 21 22 23 24 25 26 27 28 29 30",TRUE
806,4," (-0.001,0.001)",-0.001,0.001,"  1 2 3 4 5 6 8 9 10 11 12 13 14 17 19 20 21 22 23 24 25 26 27 28 29 30",TRUE
807,3," (-0.004,0.004)",-0.004,0.004,"  1 2 3 4 5 6 7 9 10 12 13 14 15 16 17 18 19 20 21 22 23 24 25 26 27 28 29",TRUE
808,4," (-0.001,0.001)",-0.001,0.001,"  1 3 4 5 6 7 9 10 12 13 14 15 16 17 18 19 20 21 22 23 24 25 26 27 28 29",TRUE
809,3," (-0.002,0.002)",-0.002,0.002,"  1 3 4 5 6 7 8 9 10 12 13 14 15 16 17 18 19 20 21 22 23 24 25 26 27 28 29",TRUE
810,4," (-0.001,0.001)",-0.001,0.001,"  1 2 5 29",TRUE
811,7," (-0.003,0.003)",-0.003,0.003,"  1 2 3 4 5 7 8 11 12 13 14 15 16 18 19 20 24 25 26 27 28 29 30",TRUE
812,4," (-0.002,0.002)",-0.002,0.002,"  1 2 3 4 5 6 7 8 10 11 12 13 14 15 16 17 18 19 20 24 25 26 27 28 29 30",TRUE
813,7," (0,0)",0,0,"  1 2 3 4 5 6 7 8 11 13 14 15 16 18 19 20 24 25 26 27 28 29 30",TRUE
814,12," (0,0)",0,0,"  1 2 3 4 5 6 16 18 19 20 21 22 24 25 26 27 28 29",TRUE
815,4," (-0.001,0.001)",-0.001,0.001,"  1 2 3 4 5 6 7 8 9 11 14 15 16 18 19 20 21 22 23 24 25 26 27 28 29 30",TRUE
816,13," (0,0)",0,0,"  1 2 3 4 5 6 9 20 21 22 23 24 25 26 27 28 29",TRUE
817,3," (-0.006,0.006)",-0.006,0.006,"  1 2 3 4 5 6 8 9 10 11 12 15 16 17 18 19 20 21 22 23 24 25 26 27 28 29 30",TRUE
818,4," (-0.003,0.003)",-0.003,0.003,"  1 2 3 4 5 6 9 10 12 13 15 16 17 18 19 20 21 22 23 24 25 26 27 28 29 30",TRUE
819,12," (0,0)",0,0,"  1 2 3 4 5 6 7 8 9 10 12 13 14 17 21 22 23 29",TRUE
820,4," (-0.002,0.002)",-0.002,0.002,"  1 2 3 4 5 6 7 8 9 10 11 12 13 14 17 19 20 21 22 23 24 25 26 27 28 29",TRUE
821,11," (-0.001,0.001)",-0.001,0.001,"  1 2 3 4 5 6 7 8 9 10 11 12 13 14 17 21 22 23 29",TRUE
822,2," (0,0)",0,0,"  1 2 3 4 5 6 7 8 9 10 11 12 13 14 15 17 19 20 21 22 23 24 25 26 27 28 29 30",TRUE
823,8," (-0.001,0.001)",-0.001,0.001,"  1 2 3 4 5 6 12 13",TRUE
824,4," (-0.002,0.002)",-0.002,0.002,"  1 3 4 5",TRUE
825,15," (0,0)",0,0,"  1 2 3 4 5 6 11 12 13 14 16 17 21 22 23",TRUE
826,10," (-0.001,0.001)",-0.001,0.001,"  1 2 3 4 5 6 7 8 9 11 12 13 14 15 16 17 21 22 23 30",TRUE
827,11," (0,0)",0,0,"  1 2 3 4 5 6 7 8 9 11 12 13 14 15 16 17 21 22 23",TRUE
828,7," (-0.002,0.002)",-0.002,0.002,"  1 2 3 4 5 6 7 8 9 10 11 12 13 14 15 16 17 18 19 21 22 23 29",TRUE
829,8," (-0.001,0.001)",-0.001,0.001,"  1 2 3 4 5 6 9 10 11 12 13 17 18 19 20 21 22 23 24 26 28 29",TRUE
830,15," (-0.001,0.001)",-0.001,0.001,"  1 9 10 17 18 19 20 21 22 23 24 26 27 28 29",TRUE
831,11," (0,0)",0,0,"  1 3 4 5 9 10 17 18 19 20 21 22 23 24 25 26 27 28 29",TRUE
832,5," (-0.001,0.001)",-0.001,0.001,"  1 2 3 4 5 6 7 8 9 10 12 17 18 19 20 21 22 23 24 25 26 27 28 29 30",TRUE
833,7," (-0.003,0.003)",-0.003,0.003,"  1 3 4 7 8 9 10 15 16 17 18 19 20 21 22 23 24 25 26 27 28 29 30",TRUE
834,3," (0,0)",0,0,"  1 3 4 5 7 8 9 10 11 13 14 15 16 17 18 19 20 21 22 23 24 25 26 27 28 29 30",TRUE
835,12," (-0.001,0.001)",-0.001,0.001,"  1 2 7 8 11 15 16 17 21 22 23 30",TRUE
836,8," (0,0)",0,0,"  1 2 4 5 8 11 15 30",TRUE
837,7," (-0.001,0.001)",-0.001,0.001,"  1 2 3 4 5 6 7 8 9 10 11 15 16 17 20 21 22 23 25 26 27 28 30",TRUE
838,13," (0,0)",0,0,"  1 2 3 4 5 7 8 11 15 16 17 21 30",TRUE
839,4," (0,0)",0,0,"  1 2 3 4 5 6 7 8 9 10 11 14 15 16 17 20 21 22 23 24 25 26 27 28 29 30",TRUE
840,10," (0,0)",0,0,"  1 2 3 4 5 6 7 8 9 10 11 14 15 16 17 21 22 23 25 30",TRUE
841,13," (-0.001,0.001)",-0.001,0.001,"  1 2 3 4 5 6 7 8 11 14 15 16 17 21 22 23 30",TRUE
842,7," (-0.001,0.001)",-0.001,0.001,"  1 2 3 4 5 13 14",TRUE
843,10," (0,0)",0,0,"  1 2 3 4 5 8 11 12 13 14",TRUE
844,2," (-0.006,0.006)",-0.006,0.006,"  1 2 3 4 5 6 7 8 9 10 11 12 13 14 15 16 17 18 20 21 22 23 24 25 26 27 28 30",TRUE
845,7," (0,0)",0,0,"  1 2 3 4 5 6 7 8 9 10 11 12 13 14 15 16 17 18 21 22 23 25 30",TRUE
846,14," (0,0)",0,0,"  1 2 3 4 5 7 8 11 12 13 14 15 16 17 18 30",TRUE
847,2," (-0.001,0.001)",-0.001,0.001,"  1 2 3 4 5 6 7 8 9 10 11 12 13 14 15 16 17 18 19 20 21 22 23 25 26 27 28 30",TRUE
848,13," (0,0)",0,0,"  1 2 3 4 5 7 8 11 12 13 14 15 16 18 19 29 30",TRUE
849,12," (0,0)",0,0,"  1 2 3 4 5 8 12 13 14 18 19 29",TRUE
850,4," (0,0)",0,0,"  1 2 3 4 5 7 8 11 12 13 14 15 16 17 18 19 20 21 22 23 24 26 27 28 29 30",TRUE
851,8," (-0.002,0.002)",-0.002,0.002,"  1 2 3 4 5 8 11 12 13 14 15 16 18 19 20 24 25 26 27 28 29 30",TRUE
852,3," (-0.003,0.003)",-0.003,0.003,"  1 2 3 4 5 7 8 10 11 12 13 14 15 16 17 18 19 20 21 22 24 25 26 27 28 29 30",TRUE
853,5," (0,0)",0,0,"  1 2 3 4 5 7 8 10 11 12 13 14 15 16 17 18 19 20 24 25 26 27 28 29 30",TRUE
854,3," (-0.001,0.001)",-0.001,0.001,"  1 2 3 4 5 7 8 9 10 11 12 13 14 15 16 17 18 19 20 21 24 25 26 27 28 29 30",TRUE
855,7," (0,0)",0,0,"  1 2 3 4 5 8 9 10 11 12 13 14 15 18 19 20 24 25 26 27 28 29 30",TRUE
856,6," (-0.001,0.001)",-0.001,0.001,"  1 2 3 4 5 6 8 9 10 11 12 13 14 18 19 20 23 24 25 26 27 28 29 30",TRUE
857,9," (-0.001,0.001)",-0.001,0.001,"  1 2 3 4 5 6 9 10 12 13 14 18 19 20 23 24 25 26 27 28 29",TRUE
858,2," (-0.002,0.002)",-0.002,0.002,"  1 2 3 4 5 6 7 8 9 10 11 12 13 14 15 16 18 19 20 22 23 24 25 26 27 28 29 30",TRUE
859,4," (-0.002,0.002)",-0.002,0.002,"  1 2 3 4 5 6 7 9 10 12 13 14 16 17 18 19 20 21 22 23 24 25 26 27 28 29",TRUE
860,10," (0,0)",0,0,"  1 7 8 9 10 11 12 13 14 15 16 17 18 19 21 22 23 25 27 30",TRUE
861,5," (0,0)",0,0,"  1 3 7 8 17",TRUE
862,4," (-0.003,0.003)",-0.003,0.003,"  1 3 4 8",TRUE
863,12," (-0.001,0.001)",-0.001,0.001,"  1 2 3 4 5 6 7 8 17 21 22 23",TRUE
864,8," (-0.003,0.003)",-0.003,0.003,"  1 2 3 4 5 6 7 8 9 10 12 13 14 15 16 17 18 19 21 22 23 29",TRUE
865,8," (-0.001,0.001)",-0.001,0.001,"  1 2 3 4 5 6 8 29",TRUE
866,6," (-0.002,0.002)",-0.002,0.002,"  1 2 3 4 5 6 7 8 9 10 12 13 14 15 16 17 18 19 21 22 23 24 29 30",TRUE
867,3," (-0.005,0.005)",-0.005,0.005,"  1 2 3 4 5 6 7 8 10 12 13 14 15 16 17 18 19 20 21 22 23 24 25 26 27 28 29",TRUE
868,2," (-0.002,0.002)",-0.002,0.002,"  1 2 3 4 5 6 7 8 10 11 12 13 14 15 16 17 18 19 20 21 22 23 24 25 26 27 28 29",TRUE
869,5," (0,0)",0,0,"  1 2 3 4 5 6 7 8 11 12 13 14 15 16 17 20 21 22 23 24 25 26 27 28 29",TRUE
870,7," (-0.001,0.001)",-0.001,0.001,"  1 2 3 4 5 6 7 8 11 12 13 14 17 20 21 22 23 24 25 26 27 28 29",TRUE
871,10," (0,0)",0,0,"  1 2 3 4 5 6 7 8 9 11 17 20 23 24 25 26 27 28 29 30",TRUE
872,5," (-0.001,0.001)",-0.001,0.001,"  1 2 3 4 5 6 7 8 9 10 11 12 13 17 20 21 22 23 24 25 26 27 28 29 30",TRUE
873,4," (0,0)",0,0,"  1 2 3 4 5 6 7 8 9 10 11 12 17 18 19 20 21 22 23 24 25 26 27 28 29 30",TRUE
874,7," (-0.002,0.002)",-0.002,0.002,"  1 2 3 4 5 6 7 8 9 10 11 17 18 19 20 23 24 25 26 27 28 29 30",TRUE
875,4," (-0.001,0.001)",-0.001,0.001,"  1 2 3 4 5 6 8 9 10 11 12 13 14 15 16 18 19 20 21 24 25 26 27 28 29 30",TRUE
876,6," (-0.002,0.002)",-0.002,0.002,"  1 2 3 4 5 29",TRUE
877,8," (0,0)",0,0,"  1 2 3 4 5 6 9 10 12 13 14 18 19 20 22 23 24 25 26 27 28 29",TRUE
878,7," (0,0)",0,0,"  1 2 3 4 5 6 9 10 12 13 14 18 19 20 21 22 23 24 25 26 27 28 29",TRUE
879,11," (-0.001,0.001)",-0.001,0.001,"  1 2 3 4 5 16 17 21 22 23 29",TRUE
880,6," (0,0)",0,0,"  1 2 3 4 5 7 8 11 12 13 14 15 16 17 20 21 22 23 24 26 27 28 29 30",TRUE
881,14," (0,0)",0,0,"  1 2 5 7 8 11 12 13 14 15 16 17 21 22 23 30",TRUE
882,3," (-0.002,0.002)",-0.002,0.002,"  1 2 3 4 5 7 8 9 11 12 13 14 15 16 17 18 20 21 22 23 24 25 26 27 28 29 30",TRUE
883,13," (0,0)",0,0,"  1 2 5 7 8 9 11 12 13 14 15 16 17 21 22 23 30",TRUE
884,2," (-0.005,0.005)",-0.005,0.005,"  1 2 3 4 5 6 7 8 9 10 11 12 13 14 15 16 17 19 20 21 22 23 24 26 27 28 29 30",TRUE
885,7," (0,0)",0,0,"  1 2 5 6 7 8 9 10 11 12 13 14 15 16 17 18 19 21 22 23 25 27 30",TRUE
886,4," (-0.002,0.002)",-0.002,0.002,"  1 2 6 7 8 9 10 11 12 13 14 15 16 17 18 19 20 21 22 23 24 25 26 27 28 30",TRUE
887,5," (0,0)",0,0,"  1 6 7 8 9 10 11 12 13 14 15 16 17 18 19 20 21 22 23 24 25 26 27 28 30",TRUE
888,10," (0,0)",0,0,"  1 9 10 14 15 16 17 18 19 20 21 22 23 24 25 26 27 28 29 30",TRUE
889,11," (0,0)",0,0,"  1 9 10 14 16 17 18 19 20 21 22 23 24 25 26 27 28 29 30",TRUE
890,12," (0,0)",0,0,"  1 9 10 14 17 18 19 20 21 22 23 24 25 26 27 28 29 30",TRUE
891,13," (0,0)",0,0,"  1 9 10 14 17 18 19 20 21 22 23 24 25 26 27 28 29",TRUE
892,7," (-0.001,0.001)",-0.001,0.001,"  1 9 10 17 21 22 23",TRUE
893,5," (0,0)",0,0,"  1 2 7 8 9 10 11 12 14 15 16 17 18 19 20 21 22 23 24 25 26 27 28 29 30",TRUE
894,9," (-0.001,0.001)",-0.001,0.001,"  1 2 9 10 17 18 21 22 23",TRUE
895,3," (-0.003,0.003)",-0.003,0.003,"  1 2 23",TRUE
896,5," (0,0)",0,0,"  1 2 5 7 8 9 10 11 14 15 16 17 18 19 20 21 22 23 24 25 26 27 28 29 30",TRUE
897,13," (0,0)",0,0,"  1 2 3 4 5 6 9 10 14 17 18 19 21 22 23 24 29",TRUE
898,4," (0,0)",0,0,"  1 2 3 4 5 6 9 10 12 13 14 16 17 18 19 20 21 22 23 24 25 26 27 28 29 30",TRUE
899,11," (0,0)",0,0,"  1 2 3 4 5 6 12 13 21 22 23",TRUE
900,11," (0,0)",0,0,"  1 2 3 4 5 6 8 9 10 11 12 13 14 17 18 19 21 22 23",TRUE
901,13," (0,0)",0,0,"  1 2 3 4 5 6 7 8 9 10 11 12 13 17 21 22 23",TRUE
902,13," (0,0)",0,0,"  1 2 3 4 5 6 7 8 11 12 13 22 23",TRUE
903,12," (0,0)",0,0,"  1 2 3 4 5 6 7 8 11 12 13 23",TRUE
904,3," (-0.001,0.001)",-0.001,0.001,"  1 2 3 4 5 6 7 8 9 10 11 12 13 14 15 17 18 19 20 21 22 23 24 26 27 28 29",TRUE
905,6," (-0.001,0.001)",-0.001,0.001,"  1 2 3 4 5 6 7 8 9 10 11 12 13 14 15 17 18 19 21 22 23 24 27 29",TRUE
906,7," (0,0)",0,0,"  1 2 3 4 5 6 7 8 9 10 11 12 13 14 15 17 18 19 21 22 23 24 29",TRUE
907,9," (0,0)",0,0,"  1 2 3 4 5 6 7 8 9 10 11 12 13 14 15 17 18 19 21 22 23",TRUE
908,12," (0,0)",0,0,"  1 2 3 4 5 6 7 8 11 12 13 15",TRUE
909,8," (-0.001,0.001)",-0.001,0.001,"  1 2 3 4 5 6 7 8 9 10 11 12 13 14 15 16 17 18 19 21 22 23",TRUE
910,9," (-0.001,0.001)",-0.001,0.001,"  1 2 3 4 5 6 7 8 9 10 11 12 13 15 16 17 18 19 21 22 23",TRUE
911,13," (0,0)",0,0,"  1 2 3 4 5 6 7 8 11 12 13 15 16",TRUE
912,10," (0,0)",0,0,"  1 2 3 4 5 6 7 8 9 10 11 12 13 15 16 17 21 22 23 30",TRUE
913,15," (0,0)",0,0,"  1 2 3 4 5 6 7 8 11 12 13 15 16 25 30",TRUE
914,7," (0,0)",0,0,"  1 2 3 4 5 6 7 8 9 10 11 12 13 15 16 17 20 21 22 23 25 28 30",TRUE
915,6," (-0.001,0.001)",-0.001,0.001,"  1 2 3 4 5 6 7 8 9 10 11 12 13 15 16 20 21 22 23 25 26 27 28 30",TRUE
916,4," (-0.001,0.001)",-0.001,0.001,"  1 2 3 4 5 6 7 8 9 10 11 12 13 15 16 17 20 21 22 23 24 25 26 27 28 30",TRUE
917,6," (-0.002,0.002)",-0.002,0.002,"  1 2 3 4 5 6 7 8 11 12 13 14 15 16 20 22 23 24 25 26 27 28 29 30",TRUE
918,5," (-0.001,0.001)",-0.001,0.001,"  1 12 21 22 23",TRUE
919,3," (-0.002,0.002)",-0.002,0.002,"  1 2 3 4 5 6 7 8 9 10 12 13 15 17 18 19 20 21 22 23 24 25 26 27 28 29 30",TRUE
920,6," (-0.002,0.002)",-0.002,0.002,"  1 2 4 5 6 9 10 11 12 13 17 18 19 20 21 22 23 24 25 26 27 28 29 30",TRUE
921,13," (0,0)",0,0,"  1 11 12 13 14 16 19 20 21 22 23 24 25 26 27 28 29",TRUE
922,3," (-0.002,0.002)",-0.002,0.002,"  1 2 4 5 6 9 10 11 12 13 14 15 16 17 18 19 20 21 22 23 24 25 26 27 28 29 30",TRUE
923,5," (-0.002,0.002)",-0.002,0.002,"  1 6 7 9 10 11 12 13 14 15 16 17 18 19 20 21 22 23 24 25 26 27 28 29 30",TRUE
924,6," (-0.001,0.001)",-0.001,0.001,"  1 7 8 10 11 12 13 14 15 16 17 18 19 20 21 22 23 24 25 26 27 28 29 30",TRUE
925,9," (0,0)",0,0,"  1 7 8 11 12 13 14 15 16",TRUE
926,4," (0,0)",0,0,"  1 3 4 7 8 10 11 12 13 14 15 16 17 18 19 20 21 22 23 24 25 26 27 28 29 30",TRUE
927,10," (0,0)",0,0,"  1 3 4 7 8 11 12 13 14 15 16 20 21 22 23 24 25 26 27 28",TRUE
928,13," (-0.001,0.001)",-0.001,0.001,"  1 2 3 4 5 7 8 11 12 13 14 15 16",TRUE
929,12," (0,0)",0,0,"  1 2 3 4 5 6 7 8 11 12 13 14 15 16 21 22 23 25",TRUE
930,5," (-0.001,0.001)",-0.001,0.001,"  1 2 3 4 5 6 7 8 9 11 12 13 14 15 16 20 21 22 23 24 25 26 27 28 29",TRUE
931,7," (0,0)",0,0,"  1 2 3 4 5 6 7 8 9 11 12 13 14 15 16 20 21 22 23 25 26 27 28",TRUE
932,6," (0,0)",0,0,"  1 2 3 4 5 6 7 8 9 10 11 12 13 14 15 16 20 21 22 23 25 26 27 28",TRUE
933,9," (0,0)",0,0,"  1 2 3 4 5 6 7 8 9 10 11 12 13 14 15 16 21 22 23 25 27",TRUE
934,3," (-0.002,0.002)",-0.002,0.002,"  1 2 3 4 5 6 7 8 9 10 11 12 13 14 15 16 17 18 19 20 23 24 26 27 28 29 30",TRUE
935,4," (-0.001,0.001)",-0.001,0.001,"  1 3 4 5 6 7 8 9 10 11 12 13 17 18 19 20 21 22 23 24 25 26 27 28 29 30",TRUE
936,6," (0,0)",0,0,"  1 3 4 5 6 9 10 11 12 13 17 18 19 20 21 22 23 24 25 26 27 28 29 30",TRUE
937,13," (0,0)",0,0,"  1 2 3 4 5 6 9 10 17 21 22 23 30",TRUE
938,11," (0,0)",0,0,"  1 2 3 4 5 6 9 10 16 17 20 21 22 23 25 26 27 28 30",TRUE
939,3," (-0.003,0.003)",-0.003,0.003,"  1 2 16",TRUE
940,11," (0,0)",0,0,"  1 2 3 4 5 14 16 17 21 22 30",TRUE
941,9," (0,0)",0,0,"  1 2 3 4 5 14 16 17 30",TRUE
942,5," (0,0)",0,0,"  1 2 5 14 16",TRUE
943,3," (-0.003,0.003)",-0.003,0.003,"  1 2 3 4 5 6 7 9 10 12 14 15 16 17 18 19 20 21 22 23 24 25 26 27 28 29 30",TRUE
944,12," (0,0)",0,0,"  1 2 3 4 5 6 7 8 9 10 14 15 16 17 21 22 23 30",TRUE
945,5," (0,0)",0,0,"  1 2 3 4 5 6 7 8 9 10 11 13 14 15 16 17 20 21 22 23 25 26 27 28 30",TRUE
946,10," (-0.002,0.002)",-0.002,0.002,"  1 2 5 7 8 11 13 14 15 16",TRUE
947,5," (-0.001,0.001)",-0.001,0.001,"  1 2 3 4 5 6 7 8 9 10 11 12 13 14 15 16 17 21 22 23 25 26 27 28 30",TRUE
948,2," (-0.004,0.004)",-0.004,0.004,"  1 2 3 4 5 6 7 8 9 11 12 13 14 15 16 17 18 19 20 21 22 23 24 26 27 28 29 30",TRUE
949,7," (0,0)",0,0,"  1 2 3 4 5 7 8 11 12 13 14 15 16 17 18 19 20 24 26 27 28 29 30",TRUE
950,2," (-0.007,0.007)",-0.007,0.007,"  1 2 3 4 5 7 8 9 10 11 12 13 14 15 16 17 18 19 20 21 22 24 25 26 27 28 29 30",TRUE
951,4," (-0.003,0.003)",-0.003,0.003,"  1 2 4 5 6 7 8 9 10 11 12 13 14 15 16 18 19 20 22 23 24 25 26 27 28 29",TRUE
952,3," (-0.002,0.002)",-0.002,0.002,"  1 2 4 5 6 7 8 9 10 11 12 13 14 15 16 18 19 20 21 22 23 24 25 26 27 28 29",TRUE
953,14," (0,0)",0,0,"  1 2 3 4 5 6 9 10 16 17 21 22 23 30",TRUE
954,9," (0,0)",0,0,"  1 2 3 4 5 6 9 17 30",TRUE
955,2," (-0.001,0.001)",-0.001,0.001,"  1 2 3 4 5 6 8 9 10 11 12 13 14 15 16 17 18 19 20 21 22 23 24 26 27 28 29 30",TRUE
956,7," (-0.002,0.002)",-0.002,0.002,"  1 2 3 4 5 6 8 9 10 11 12 13 14 15 16 17 18 19 21 22 23 29 30",TRUE
957,3," (-0.003,0.003)",-0.003,0.003,"  1 2 8",TRUE
958,7," (-0.001,0.001)",-0.001,0.001,"  1 2 4 5 7 8 25",TRUE
959,14," (0,0)",0,0,"  1 2 3 4 5 6 7 8 9 10 17 25 27 30",TRUE
960,10," (0,0)",0,0,"  1 2 3 4 5 7 8 25 26 27",TRUE
961,8," (-0.001,0.001)",-0.001,0.001,"  1 2 3 4 5 6 7 8 9 10 15 16 17 20 21 22 23 25 26 27 28 30",TRUE
962,5," (-0.001,0.001)",-0.001,0.001,"  1 2 3 4 5 6 7 8 9 10 15 16 17 18 19 20 21 22 23 24 25 26 27 28 30",TRUE
963,4," (-0.001,0.001)",-0.001,0.001,"  1 2 3 4 5 6 7 8 9 10 14 15 16 17 18 20 21 22 23 24 25 26 27 28 29 30",TRUE
964,3," (-0.003,0.003)",-0.003,0.003,"  1 2 3 4 5 6 7 8 9 10 11 13 14 15 16 17 20 21 22 23 24 25 26 27 28 29 30",TRUE
965,6," (-0.001,0.001)",-0.001,0.001,"  1 2 3 4 5 6 7 8 9 10 11 12 13 14 17 20 21 24 25 26 27 28 29 30",TRUE
966,8," (-0.001,0.001)",-0.001,0.001,"  1 2 3 4 5 6 7 8 9 11 12 13 14 17 20 24 25 26 27 28 29 30",TRUE
967,11," (0,0)",0,0,"  1 2 3 4 5 6 7 8 11 12 13 14 20 24 25 26 27 28 29",TRUE
968,4," (-0.003,0.003)",-0.003,0.003,"  1 2 3 4 5 6 7 8 9 10 11 12 13 14 17 18 19 20 21 24 25 26 27 28 29 30",TRUE
969,4," (-0.002,0.002)",-0.002,0.002,"  1 2 3 4 5 6 7 8 9 10 11 12 13 14 15 17 18 19 20 24 25 26 27 28 29 30",TRUE
970,6," (-0.001,0.001)",-0.001,0.001,"  1 2 3 4 5 6 7 8 11 12 13 14 15 16 18 19 20 24 25 26 27 28 29 30",TRUE
971,6," (0,0)",0,0,"  1 2 3 4 5 7 8 11 12 13 14 15 16 18 19 20 22 23 24 25 26 27 28 29",TRUE
972,8," (0,0)",0,0,"  1 2 7 8 11 12 13 14 15 16 18 19 20 21 22 23 24 25 26 27 28 29",TRUE
973,4," (-0.001,0.001)",-0.001,0.001,"  1 2 4 5 7 8 9 10 11 12 13 14 15 16 18 19 20 21 22 23 24 25 26 27 28 29",TRUE
974,11," (0,0)",0,0,"  1 9 10 11 15 16 17 18 19 20 21 22 23 24 26 27 28 29 30",TRUE
975,9," (-0.001,0.001)",-0.001,0.001,"  1 9 10 15 16 17 21 22 23",TRUE
976,6," (-0.001,0.001)",-0.001,0.001,"  1 9 10 17 22 23",TRUE
977,2," (-0.001,0.001)",-0.001,0.001,"  1 9",TRUE
978,5," (0,0)",0,0,"  1 2 8 9 10 11 12 13 14 15 16 17 18 19 20 21 22 23 24 25 26 27 28 29 30",TRUE
979,8," (0,0)",0,0,"  1 2 9 10 17 21 22 23",TRUE
980,12," (0,0)",0,0,"  1 2 4 5 9 10 11 15 16 17 18 19 21 22 23 24 29 30",TRUE
981,10," (0,0)",0,0,"  1 2 3 4 5 6 9 10 17 23",TRUE
982,12," (-0.001,0.001)",-0.001,0.001,"  1 2 3 4 5 6 7 8 9 10 11 15 16 17 21 22 23 30",TRUE
983,11," (-0.001,0.001)",-0.001,0.001,"  1 2 3 4 5 6 7 8 9 12 13",TRUE
984,15," (-0.001,0.001)",-0.001,0.001,"  1 2 3 4 5 6 7 8 9 10 12 13 14 17 25",TRUE
985,8," (-0.001,0.001)",-0.001,0.001,"  1 2 3 4 5 6 7 8 9 10 12 13 14 17 20 21 22 23 25 26 27 28",TRUE
986,4," (-0.001,0.001)",-0.001,0.001,"  1 2 3 4 5 6 7 8 9 10 11 12 13 14 15 16 17 20 21 22 23 24 25 26 27 28",TRUE
987,3," (-0.002,0.002)",-0.002,0.002,"  1 2 3 4 5 6 7 8 9 10 12 13 14 17 18 19 20 21 22 23 24 25 26 27 28 29 30",TRUE
988,4," (-0.004,0.004)",-0.004,0.004,"  1 2 3 4 5 6 7 8 9 10 11 12 13 14 17 18 19 20 23 24 25 26 27 28 29 30",TRUE
989,4," (-0.002,0.002)",-0.002,0.002,"  1 9 10 15",TRUE
990,14," (-0.001,0.001)",-0.001,0.001,"  1 2 3 4 5 6 7 8 9 10 11 12 13 14 15 30",TRUE
991,7," (-0.001,0.001)",-0.001,0.001,"  1 6 7 9 10 15 23",TRUE
992,4," (0,0)",0,0,"  1 6 9 23",TRUE
993,7," (-0.001,0.001)",-0.001,0.001,"  1 2 3 4 5 6 7 8 9 10 11 12 13 14 15 16 17 18 19 22 23 29 30",TRUE
994,7," (0,0)",0,0,"  1 6 9 10 15 22 23",TRUE
995,14," (-0.001,0.001)",-0.001,0.001,"  1 3 4 6 7 8 9 10 12 13 14 15 21 22 23 25",TRUE
996,6," (-0.003,0.003)",-0.003,0.003,"  1 2 3 4 5 6 7 8 9 10 11 12 13 14 15 16 17 19 21 22 23 25 27 30",TRUE
997,11," (-0.001,0.001)",-0.001,0.001,"  1 6 9 20 21 22 23 25 26 27 28",TRUE
998,3," (-0.002,0.002)",-0.002,0.002,"  1 2 3 4 5 6 7 8 9 10 11 12 13 14 15 16 19 20 21 22 23 24 25 26 27 28 30",TRUE
999,13," (0,0)",0,0,"  1 6 7 9 10 13 14 15 20 21 22 23 24 25 26 27 28",TRUE
1000,5," (0,0)",0,0,"  1 3 4 6 7 8 9 10 12 13 14 15 16 17 18 20 21 22 23 24 25 26 27 28 29",TRUE
1001,9," (0,0)",0,0,"  1 6 9 10 11 15 16 17 18 19 20 21 22 23 24 25 26 27 28 29 30",TRUE
1002,7," (0,0)",0,0,"  1 2 6 7 9 10 11 15 16 17 18 19 20 21 22 23 24 25 26 27 28 29 30",TRUE
1003,4," (-0.003,0.003)",-0.003,0.003,"  1 2 5 6 7 9 10 11 13 14 15 16 17 18 19 20 21 22 23 24 25 26 27 28 29 30",TRUE
1004,7," (-0.001,0.001)",-0.001,0.001,"  1 2 3 4 5 6 8 11 16 17 18 19 20 21 22 23 24 25 26 27 28 29 30",TRUE
1005,4," (-0.003,0.003)",-0.003,0.003,"  1 2 3 4 5 6 8 9 10 11 12 16 17 18 19 20 21 22 23 24 25 26 27 28 29 30",TRUE
1006,3," (0,0)",0,0,"  1 2 3 4 5 6 8 9 11 12 13 14 16 17 18 19 20 21 22 23 24 25 26 27 28 29 30",TRUE
1007,6," (0,0)",0,0,"  1 2 3 4 5 7 8 9 10 13 14 15 16 17 18 19 20 24 25 26 27 28 29 30",TRUE
1008,12," (0,0)",0,0,"  1 2 3 4 5 20 23 24 26 27 28 29",TRUE
1009,10," (-0.001,0.001)",-0.001,0.001,"  1 2 3 4 5 6 11 15 16 20 21 22 23 24 25 26 27 28 29 30",TRUE
1010,10," (0,0)",0,0,"  1 2 3 4 5 6 11 12 13 16 20 21 22 23 24 25 26 27 28 29",TRUE
1011,4," (-0.002,0.002)",-0.002,0.002,"  1 2 3 4 5 6 11 12 13 14 15 16 17 18 19 20 21 22 23 24 25 26 27 28 29 30",TRUE
1012,6," (0,0)",0,0,"  1 2 3 4 5 6 11 12 13 14 15 16 17 20 21 22 23 24 25 26 27 28 29 30",TRUE
1013,10," (0,0)",0,0,"  1 2 3 4 5 6 11 12 13 14 20 21 22 23 24 25 26 27 28 29",TRUE
1014,6," (0,0)",0,0,"  1 2 3 4 5 6 7 8 11 12 13 14 15 16 20 21 22 23 24 25 26 27 28 29",TRUE
1015,13," (0,0)",0,0,"  1 2 5 6 7 8 11 12 13 14 21 22 23",TRUE
1016,13," (0,0)",0,0,"  1 2 4 5 6 7 8 9 10 11 12 13 14 19 21 22 23",TRUE
1017,5," (0,0)",0,0,"  1 2 3 4 5 6 7 8 9 10 11 12 13 14 18 19 20 21 22 23 24 26 27 28 29",TRUE
1018,9," (-0.003,0.003)",-0.003,0.003,"  1 2 3 4 5 6 7 8 9 10 11 12 13 14 17 18 19 21 22 23 29",TRUE
1019,9," (0,0)",0,0,"  1 2 5 6 7 8 9 10 11 12 13 14 15 16 17 18 19 21 22 23 30",TRUE
1020,6," (-0.001,0.001)",-0.001,0.001,"  1 2 4 5 6 7 8 9 10 11 12 13 14 15 16 17 18 19 21 22 23 25 27 30",TRUE
1021,14," (-0.001,0.001)",-0.001,0.001,"  1 2 3 4 5 6 7 8 15 16 18 19 29 30",TRUE
1022,4," (-0.002,0.002)",-0.002,0.002,"  1 2 3 4 5 6 7 8 11 12 13 14 15 16 18 19 20 22 23 24 25 26 27 28 29 30",TRUE
1023,5," (-0.002,0.002)",-0.002,0.002,"  1 2 3 4 5 6 7 8 11 12 15 16 18 19 20 21 22 23 24 25 26 27 28 29 30",TRUE
1024,11," (-0.001,0.001)",-0.001,0.001,"  1 2 3 4 5 6 9 10 21 22 23",TRUE
1025,7," (0,0)",0,0,"  1 2 9 10 21 22 23",TRUE
1026,5," (-0.001,0.001)",-0.001,0.001,"  1 2 3 4 5 6 7 8 9 10 15 16 17 18 19 20 21 22 23 24 26 27 28 29 30",TRUE
1027,10," (0,0)",0,0,"  1 2 4 5 9 10 17 21 22 23",TRUE
1028,8," (0,0)",0,0,"  1 2 3 4 5 6 7 8 9 10 14 15 16 17 18 19 21 22 23 24 29 30",TRUE
1029,3," (-0.005,0.005)",-0.005,0.005,"  1 2 3 4 5 6 7 8 9 10 13 14 15 16 17 18 19 20 21 22 23 24 26 27 28 29 30",TRUE
1030,7," (-0.001,0.001)",-0.001,0.001,"  1 2 3 4 5 6 7 8 9 10 12 13 14 15 16 17 18 19 21 22 23 29 30",TRUE
1031,10," (-0.001,0.001)",-0.001,0.001,"  1 2 3 4 5 6 8 9 10 11 12 13 14 15 16 17 21 22 23 30",TRUE
1032,8," (-0.001,0.001)",-0.001,0.001,"  1 2 3 4 5 6 8 9 10 11 12 13 14 15 16 17 21 22 23 25 27 30",TRUE
1033,4," (-0.002,0.002)",-0.002,0.002,"  1 2 3 4 5 6 9 10 11 12 13 14 15 16 17 20 21 22 23 24 25 26 27 28 29 30",TRUE
1034,3," (-0.003,0.003)",-0.003,0.003,"  1 2 3 4 5 6 9 10 11 12 13 14 15 16 17 18 20 21 22 23 24 25 26 27 28 29 30",TRUE
1035,7," (-0.001,0.001)",-0.001,0.001,"  1 2 4 5 9 10 11 12 13 14 17 18 19 20 21 22 23 24 25 26 27 28 29",TRUE
1036,7," (-0.002,0.002)",-0.002,0.002,"  1 7 8 9 10 11 12 13 14 15 17 18 19 20 21 22 23 24 25 26 27 28 29",TRUE
1037,9," (0,0)",0,0,"  1 7 8 9 10 11 12 13 14 15 17 18 19 20 24 25 26 27 28 29 30",TRUE
1038,8," (-0.001,0.001)",-0.001,0.001,"  1 2 7 8 9 10 15 17",TRUE
1039,13," (-0.003,0.003)",-0.003,0.003,"  1 2 3 4 5 6 7 8 9 10 11 12 13 14 15 17 29",TRUE
1040,2," (-0.004,0.004)",-0.004,0.004,"  1 2 3 4 5 6 7 8 9 10 11 12 13 14 15 17 18 19 20 21 22 23 24 25 26 27 28 29",TRUE
1041,4," (-0.002,0.002)",-0.002,0.002,"  1 2 3 4 5 6 7 8 9 10 11 12 13 14 15 17 20 21 22 23 24 25 26 27 28 29",TRUE
1042,4," (0,0)",0,0,"  1 2 3 4 5 6 7 8 9 10 11 12 13 14 15 16 17 20 21 22 23 24 26 27 28 29",TRUE
1043,10," (0,0)",0,0,"  1 2 3 4 5 6 7 8 9 10 11 13 14 15 16 17 21 22 23 30",TRUE
1044,13," (-0.001,0.001)",-0.001,0.001,"  1 2 3 4 5 6 9 10 16 17 18 19 21 22 23 25 30",TRUE
1045,6," (-0.001,0.001)",-0.001,0.001,"  1 2 3 4 5 6 7 9 10 15 16 17 18 19 20 21 22 23 24 25 26 27 28 30",TRUE
1046,6," (-0.001,0.001)",-0.001,0.001,"  1 2 3 4 5 6 9 10 12 13 16 18 19 20 21 22 23 24 25 26 27 28 29 30",TRUE
1047,3," (0,0)",0,0,"  1 2 3 4 5 6 8 9 10 11 12 13 14 16 18 19 20 21 22 23 24 25 26 27 28 29 30",TRUE
1048,6," (0,0)",0,0,"  1 2 3 4 5 7 8 11 12 13 14 15 16 18 19 20 21 24 25 26 27 28 29 30",TRUE
1049,2," (-0.004,0.004)",-0.004,0.004,"  1 2 3 4 5 6 7 8 10 11 12 13 14 15 16 17 18 19 20 21 22 24 25 26 27 28 29 30",TRUE
1050,4," (-0.002,0.002)",-0.002,0.002,"  1 2 3 4 5 7 8 11 12 13 14 15 16 17 18 19 20 21 22 24 25 26 27 28 29 30",TRUE
1051,5," (0,0)",0,0,"  1 2 3 4 5 7 8 11 12 13 14 15 16 18 19 20 21 22 24 25 26 27 28 29 30",TRUE
1052,6," (-0.001,0.001)",-0.001,0.001,"  1 2 9 21 22 23",TRUE
1053,2," (-0.005,0.005)",-0.005,0.005,"  1 2 3 4 5 7 8 9 10 11 12 13 14 15 16 18 19 20 21 22 23 24 25 26 27 28 29 30",TRUE
1054,6," (-0.002,0.002)",-0.002,0.002,"  1 9 10 21 22 23",TRUE
1055,2," (-0.004,0.004)",-0.004,0.004,"  1 2 3 4 5 6 7 8 9 10 11 12 13 14 15 16 18 19 20 21 22 23 24 26 27 28 29 30",TRUE
1056,7," (-0.001,0.001)",-0.001,0.001,"  1 2 3 4 5 6 7 8 9 10 11 12 13 14 15 16 18 19 21 22 23 29 30",TRUE
1057,8," (0,0)",0,0,"  1 6 9 10 17 21 22 23",TRUE
1058,10," (0,0)",0,0,"  1 2 3 4 5 6 8 9 10 11 15 16 17 18 19 21 22 23 25 30",TRUE
1059,6," (-0.002,0.002)",-0.002,0.002,"  1 2 3 4 5 6 7 8 9 10 11 13 14 15 16 17 18 19 21 22 23 25 27 30",TRUE
1060,12," (0,0)",0,0,"  1 2 3 4 5 6 9 10 16 17 20 21 22 23 25 26 27 28",TRUE
1061,3," (0,0)",0,0,"  1 2 3 4 5 6 7 8 9 10 11 14 15 16 17 18 19 20 21 22 23 24 25 26 27 28 30",TRUE
1062,4," (-0.003,0.003)",-0.003,0.003,"  1 2 3 4 5 6 7 9 10 12 13 14 15 16 17 18 20 21 22 23 24 25 26 27 28 29",TRUE
1063,5," (-0.002,0.002)",-0.002,0.002,"  1 2 6 7 8 9 10 11 12 13 14 17 18 19 20 21 22 23 24 25 26 27 28 29 30",TRUE
1064,5," (-0.001,0.001)",-0.001,0.001,"  1 17 21 22 23",TRUE
1065,8," (-0.001,0.001)",-0.001,0.001,"  1 2 9 10 11 14 15 16 17 18 19 20 21 22 23 24 25 26 27 28 29 30",TRUE
1066,5," (-0.001,0.001)",-0.001,0.001,"  1 2 4 5 9 10 11 13 14 15 16 17 18 19 20 21 22 23 24 25 26 27 28 29 30",TRUE
1067,7," (0,0)",0,0,"  1 2 4 5 21 22 23",TRUE
1068,8," (-0.001,0.001)",-0.001,0.001,"  1 2 3 4 5 11 14 16 17 18 19 20 21 22 23 24 25 26 27 28 29 30",TRUE
1069,4," (-0.002,0.002)",-0.002,0.002,"  1 2 3 4 5 6 7 9 11 14 15 16 17 18 19 20 21 22 23 24 25 26 27 28 29 30",TRUE
1070,9," (-0.001,0.001)",-0.001,0.001,"  1 2 3 4 5 6 7 8 11 14 16 17 18 19 20 21 22 23 24 29 30",TRUE
1071,4," (-0.001,0.001)",-0.001,0.001,"  1 2 3 4 5 6 7 8 11 12 14 16 17 18 19 20 21 22 23 24 25 26 27 28 29 30",TRUE
1072,13," (0,0)",0,0,"  1 2 3 4 5 6 7 8 10 12 13 21 22",TRUE
1073,7," (0,0)",0,0,"  1 2 3 4 5 6 7 8 9 10 11 12 13 14 16 17 18 19 21 22 23 29 30",TRUE
1074,14," (0,0)",0,0,"  1 2 3 4 5 6 7 8 9 10 12 13 17 21 22 23",TRUE
1075,13," (-0.001,0.001)",-0.001,0.001,"  1 2 3 4 5 6 7 8 9 10 12 13 21",TRUE
1076,12," (0,0)",0,0,"  1 2 3 4 5 6 7 8 9 10 12 13 15 16 17 21 22 23",TRUE
1077,13," (-0.001,0.001)",-0.001,0.001,"  1 2 3 4 5 6 7 8 9 10 12 13 15",TRUE
1078,9," (0,0)",0,0,"  1 2 3 4 5 6 7 8 9 10 12 13 15 20 21 22 23 25 26 27 28",TRUE
1079,3," (0,0)",0,0,"  1 2 3 4 5 6 7 8 9 10 11 12 13 15 16 17 19 20 21 22 23 24 25 26 27 28 30",TRUE
1080,2," (-0.006,0.006)",-0.006,0.006,"  1 2 3 4 5 6 7 8 9 10 11 12 13 15 16 17 19 20 21 22 23 24 25 26 27 28 29 30",TRUE
1081,4," (-0.002,0.002)",-0.002,0.002,"  1 2 3 4 5 6 7 8 9 10 12 13 14 15 18 19 20 21 22 23 24 25 26 27 28 29",TRUE
1082,9," (0,0)",0,0,"  1 3 4 7 8 10 11 12 13 14 15 16 18 19 20 24 25 26 27 28 29",TRUE
1083,11," (0,0)",0,0,"  1 7 8 9 10 11 12 13 15 16 18 19 20 24 25 26 27 28 29",TRUE
1084,6," (-0.001,0.001)",-0.001,0.001,"  1 3 4 5 7 8 9 10 11 12 13 14 15 16 17 18 19 20 24 25 26 27 28 29",TRUE
1085,6," (-0.002,0.002)",-0.002,0.002,"  1 7 8 9 10 17",TRUE
1086,6," (0,0)",0,0,"  1 8 9 10 17 21",TRUE
1087,3," (-0.001,0.001)",-0.001,0.001,"  1 3 4 5 6 7 8 9 10 11 12 13 14 15 16 17 18 19 20 21 22 24 25 26 27 28 29",TRUE
1088,12," (0,0)",0,0,"  1 7 8 9 10 15 16 17 18 19 21 22",TRUE
1089,9," (-0.002,0.002)",-0.002,0.002,"  1 7 8 9 10 11 15 16 17 18 19 20 21 22 23 24 25 26 27 28 30",TRUE
1090,13," (0,0)",0,0,"  1 2 4 5 6 8 9 10 17 21 22 23 30",TRUE
1091,5," (-0.001,0.001)",-0.001,0.001,"  1 2 3 4 5 6 7 8 9 10 11 15 16 17 18 19 20 21 22 23 25 26 27 28 30",TRUE
1092,11," (0,0)",0,0,"  1 2 3 4 5 6 7 8 9 10 12 13 14 17 21 22 23 29 30",TRUE
1093,4," (-0.004,0.004)",-0.004,0.004,"  1 2 3 4 5 6 7 8 9 10 12 13 14 15 17 18 20 21 22 23 24 26 27 28 29 30",TRUE
1094,3," (-0.004,0.004)",-0.004,0.004,"  1 2 3 4 5 6 8 9 10 11 12 13 14 16 17 19 20 21 22 23 24 25 26 27 28 29 30",TRUE
1095,6," (-0.001,0.001)",-0.001,0.001,"  1 2 3 4 5 6 7 8 11 12 13 14 15 16 20 21 22 23 24 26 27 28 29 30",TRUE
1096,12," (0,0)",0,0,"  1 2 3 4 5 6 7 8 11 12 13 14 15 16 21 22 23 30",TRUE
1097,13," (0,0)",0,0,"  1 2 3 4 5 6 7 8 11 12 13 14 15 16 21 22 23",TRUE
1098,14," (0,0)",0,0,"  1 2 3 4 5 6 7 8 11 12 13 14 15 16",TRUE
1099,11," (0,0)",0,0,"  1 2 3 4 5 6 7 8 12 13 14",TRUE
1100,5," (-0.001,0.001)",-0.001,0.001,"  1 2 3 4 5 6 7 8 9 11 12 13 14 15 16 20 21 22 23 24 26 27 28 29 30",TRUE
1101,9," (-0.001,0.001)",-0.001,0.001,"  1 2 3 4 5 6 7 8 9 10 11 12 13 14 15 16 17 18 21 22 23",TRUE
1102,14," (0,0)",0,0,"  1 2 3 4 5 6 7 8 9 10 12 13 14 17 18 19",TRUE
1103,11," (0,0)",0,0,"  1 2 4 5 7 8 9 10 17 18 19",TRUE
1104,10," (0,0)",0,0,"  1 2 3 4 5 6 7 8 9 10 11 12 13 14 15 16 17 18 19 25",TRUE
1105,9," (0,0)",0,0,"  1 7 8 9 10 17 18 19 25",TRUE
1106,12," (0,0)",0,0,"  1 2 3 4 5 6 7 8 9 10 12 13 14 17 18 19 25 27",TRUE
1107,6," (0,0)",0,0,"  1 2 3 4 5 6 7 8 9 10 17 18 19 20 21 22 23 24 25 26 27 28 29 30",TRUE
1108,4," (-0.002,0.002)",-0.002,0.002,"  1 2 3 4 5 6 7 8 9 10 12 16 17 18 19 20 21 22 23 24 25 26 27 28 29 30",TRUE
1109,9," (-0.001,0.001)",-0.001,0.001,"  1 2 7 8 9 10 16 17 18 19 20 21 22 23 24 25 26 27 28 29 30",TRUE
1110,5," (-0.001,0.001)",-0.001,0.001,"  1 2 3 4 5 7 8 9 10 15 16 17 18 19 20 21 22 23 24 25 26 27 28 29 30",TRUE
1111,3," (-0.004,0.004)",-0.004,0.004,"  1 2 3 4 5 7 8 9 10 11 14 15 16 17 18 19 20 21 22 23 24 25 26 27 28 29 30",TRUE
1112,4," (-0.002,0.002)",-0.002,0.002,"  1 7 15 16",TRUE
1113,5," (0,0)",0,0,"  1 2 7 15 16",TRUE
1114,7," (0,0)",0,0,"  1 2 3 7 8 11 12 13 14 15 16 18 19 20 21 22 24 25 26 27 28 29 30",TRUE
1115,4," (-0.001,0.001)",-0.001,0.001,"  1 2 3 4 7 8 11 12 13 14 15 16 17 18 19 20 21 22 23 24 25 26 27 28 29 30",TRUE
1116,5," (-0.001,0.001)",-0.001,0.001,"  1 2 3 4 5 6 7 8 11 12 13 14 15 16 18 19 20 21 24 25 26 27 28 29 30",TRUE
1117,5," (-0.001,0.001)",-0.001,0.001,"  1 2 3 4 5 6 7 8 9 11 12 13 14 15 16 18 19 20 24 25 26 27 28 29 30",TRUE
1118,6," (0,0)",0,0,"  1 2 3 4 5 6 7 8 9 11 12 13 14 15 16 19 20 24 25 26 27 28 29 30",TRUE
1119,14," (-0.001,0.001)",-0.001,0.001,"  1 2 3 4 5 6 7 8 9 11 12 13 14 15 16 30",TRUE
1120,11," (0,0)",0,0,"  1 2 3 4 5 6 9 10 15 16 30",TRUE
1121,6," (-0.004,0.004)",-0.004,0.004,"  1 2 3 4 5 6 7 8 9 10 12 13 14 15 16 17 18 19 21 22 23 25 27 30",TRUE
1122,8," (0,0)",0,0,"  1 2 3 4 5 6 7 9 10 13 14 15 16 17 18 19 21 22 23 25 27 30",TRUE
1123,9," (0,0)",0,0,"  1 2 3 4 5 6 9 10 16 17 18 19 20 21 22 23 25 26 27 28 30",TRUE
1124,4," (-0.001,0.001)",-0.001,0.001,"  1 2 3 4 5 6 7 9 10 13 14 15 16 17 18 19 20 21 22 23 24 25 26 27 28 30",TRUE
1125,4," (-0.002,0.002)",-0.002,0.002,"  1 2 3 4 5 6 8 9 10 11 12 13 17 18 19 20 21 22 23 24 25 26 27 28 29 30",TRUE
1126,5," (0,0)",0,0,"  1 2 3 4 5 9 10 11 12 13 14 16 17 18 19 20 21 22 23 24 25 26 27 28 29",TRUE
1127,11," (0,0)",0,0,"  1 2 3 4 5 8 11 12 13 14 16",TRUE
1128,9," (0,0)",0,0,"  1 2 3 4 5 8 12 13 14",TRUE
1129,3," (-0.003,0.003)",-0.003,0.003,"  1 8 30",TRUE
1130,11," (-0.001,0.001)",-0.001,0.001,"  1 2 3 4 5 6 8 11 12 13 14 16 18 19 21 22 23 25 30",TRUE
1131,5," (-0.001,0.001)",-0.001,0.001,"  1 6 7 8 30",TRUE
1132,9," (-0.002,0.002)",-0.002,0.002,"  1 2 3 4 5 6 7 8 11 12 13 14 15 16 18 19 21 22 23 25 30",TRUE
1133,11," (0,0)",0,0,"  1 2 3 4 5 6 7 8 14 15 30",TRUE
1134,10," (0,0)",0,0,"  1 2 3 4 5 6 7 8 10 11 12 13 14 15 16 19 21 22 23 30",TRUE
1135,14," (0,0)",0,0,"  1 2 3 4 5 6 7 8 10 11 12 13 14 15 16 30",TRUE
1136,6," (0,0)",0,0,"  1 2 3 4 5 6 7 8 9 10 11 12 13 14 15 16 18 19 21 22 23 25 27 30",TRUE
1137,9," (0,0)",0,0,"  1 2 6 7 8 9 10 15 30",TRUE
1138,14," (0,0)",0,0,"  1 2 3 4 5 6 7 8 9 10 15 17 29 30",TRUE
1139,12," (0,0)",0,0,"  1 2 5 6 7 8 9 10 15 17 29 30",TRUE
1140,14," (-0.001,0.001)",-0.001,0.001,"  1 2 3 4 5 6 7 8 9 10 14 15 17 24 29 30",TRUE
1141,4," (-0.002,0.002)",-0.002,0.002,"  1 2 3 4 5 6 7 8 9 10 11 12 13 14 15 16 17 19 20 21 22 23 24 28 29 30",TRUE
1142,8," (0,0)",0,0,"  1 2 3 4 5 6 7 8 9 10 11 12 13 14 15 17 20 24 26 28 29 30",TRUE
1143,2," (-0.003,0.003)",-0.003,0.003,"  1 2 3 4 5 6 7 8 9 10 11 12 13 14 15 16 17 18 20 22 23 24 25 26 27 28 29 30",TRUE
1144,6," (0,0)",0,0,"  1 2 3 4 5 6 7 8 9 10 12 13 14 15 17 18 20 24 25 26 27 28 29 30",TRUE
1145,7," (0,0)",0,0,"  1 2 3 4 5 6 7 8 9 10 15 17 18 19 20 21 24 25 26 27 28 29 30",TRUE
1146,4," (-0.003,0.003)",-0.003,0.003,"  1 2 6 7 8 9 10 11 12 13 15 16 17 18 19 20 21 22 23 24 25 26 27 28 29 30",TRUE
1147,6," (0,0)",0,0,"  1 2 3 4 5 6 8 9 10 11 12 13 14 17 18 19 20 24 25 26 27 28 29 30",TRUE
1148,11," (-0.001,0.001)",-0.001,0.001,"  1 2 3 4 5 6 8 9 10 17 30",TRUE
1149,6," (-0.001,0.001)",-0.001,0.001,"  1 2 3 4 5 6 7 8 9 10 12 13 14 17 18 19 20 24 25 26 27 28 29 30",TRUE
1150,13," (0,0)",0,0,"  1 2 3 4 5 6 7 8 9 10 17 25 30",TRUE
1151,7," (0,0)",0,0,"  1 2 5 7 8 15 16",TRUE
1152,5," (-0.001,0.001)",-0.001,0.001,"  1 7 8 15 16",TRUE
1153,9," (0,0)",0,0,"  1 2 4 5 7 8 15 16 21",TRUE
1154,7," (0,0)",0,0,"  1 2 7 8 15 16 21",TRUE
1155,6," (-0.001,0.001)",-0.001,0.001,"  1 2 3 4 5 6 7 8 9 10 11 15 16 17 20 21 22 23 24 25 26 27 28 30",TRUE
1156,12," (0,0)",0,0,"  1 2 4 5 7 8 11 15 16 21 22 23",TRUE
1157,11," (0,0)",0,0,"  1 2 5 7 8 11 15 16 21 22 23",TRUE
1158,3," (0,0)",0,0,"  1 2 3 4 5 6 7 8 9 10 11 14 15 16 17 18 20 21 22 23 24 25 26 27 28 29 30",TRUE
1159,8," (0,0)",0,0,"  1 2 3 4 5 6 7 8 9 10 11 13 14 15 16 17 21 22 23 25 27 30",TRUE
1160,14," (-0.001,0.001)",-0.001,0.001,"  1 2 3 4 5 6 7 8 11 13 14 15 16 21 22 23",TRUE
1161,12," (0,0)",0,0,"  1 2 4 5 7 8 11 12 13 14 15 16 18 19 21 22 23 29",TRUE
1162,6," (-0.002,0.002)",-0.002,0.002,"  1 2 3 4 5 6 7 8 9 10 11 12 13 14 15 16 17 18 19 21 22 23 24 29",TRUE
1163,3," (-0.001,0.001)",-0.001,0.001,"  1 2 3 4 5 6 7 8 10 11 12 13 14 15 16 18 19 20 21 22 23 24 25 26 27 28 29",TRUE
1164,4," (-0.002,0.002)",-0.002,0.002,"  1 2 5 7 8 9 11 12 13 14 15 16 17 18 19 20 21 22 23 24 25 26 27 28 29 30",TRUE
1165,6," (-0.001,0.001)",-0.001,0.001,"  1 7 8 9 10 11 12 13 14 15 16 18 19 20 21 22 23 24 25 26 27 28 29 30",TRUE
1166,14," (0,0)",0,0,"  1 7 8 11 12 13 14 15 16 20 24 25 26 27 28 30",TRUE
1167,5," (-0.001,0.001)",-0.001,0.001,"  1 7 8 15 30",TRUE
1168,3," (-0.002,0.002)",-0.002,0.002,"  1 2 5 6 7 8 9 10 11 12 13 14 15 16 18 19 20 21 22 23 24 25 26 27 28 29 30",TRUE
1169,4," (0,0)",0,0,"  1 2 5 7 8 9 10 11 12 13 14 15 16 18 19 20 21 22 23 24 25 26 27 28 29 30",TRUE
1170,15," (0,0)",0,0,"  1 2 3 4 5 7 8 11 12 13 14 15 16 25 30",TRUE
1171,5," (0,0)",0,0,"  1 2 3 4 5 7 8 11 12 13 14 15 16 17 20 21 22 23 24 25 26 27 28 29 30",TRUE
1172,4," (-0.001,0.001)",-0.001,0.001,"  1 2 3 4 5 6 7 8 9 11 12 13 14 15 16 17 20 22 23 24 25 26 27 28 29 30",TRUE
1173,14," (0,0)",0,0,"  1 2 3 4 5 6 7 8 9 11 12 13 14 15 17 30",TRUE
1174,15," (-0.001,0.001)",-0.001,0.001,"  1 2 3 4 5 6 7 8 9 10 13 14 15 17 30",TRUE
1175,10," (0,0)",0,0,"  1 2 3 4 5 6 8 9 10 17",TRUE
1176,5," (0,0)",0,0,"  1 2 3 4 5 6 7 8 9 10 11 12 13 14 15 16 17 18 19 20 21 24 25 28 30",TRUE
1177,5," (-0.001,0.001)",-0.001,0.001,"  1 2 3 4 5 6 7 8 9 10 11 12 13 14 15 16 17 18 19 20 21 22 24 25 30",TRUE
1178,15," (0,0)",0,0,"  1 2 3 4 5 6 7 8 9 10 17 18 19 21 22",TRUE
1179,3," (-0.001,0.001)",-0.001,0.001,"  1 2 3 4 5 6 7 8 9 10 11 12 13 14 15 16 17 18 19 20 21 22 23 24 25 28 30",TRUE
1180,4," (-0.001,0.001)",-0.001,0.001,"  1 2 3 4 5 6 7 8 9 10 11 12 13 14 15 16 17 18 19 20 21 22 23 24 25 30",TRUE
1181,5," (-0.004,0.004)",-0.004,0.004,"  1 2 3 4 5 6 7 8 9 10 11 12 13 14 15 16 17 18 19 21 22 23 24 25 30",TRUE
1182,8," (-0.001,0.001)",-0.001,0.001,"  1 2 3 4 5 6 7 8 9 10 11 12 13 14 15 17 18 19 21 22 23 30",TRUE
1183,12," (0,0)",0,0,"  1 2 3 4 5 6 7 8 9 10 15 17 18 19 21 22 23 30",TRUE
1184,5," (-0.001,0.001)",-0.001,0.001,"  1 2 3 4 5 6 7 8 9 10 11 12 13 14 15 16 17 18 19 21 22 23 27 29 30",TRUE
1185,7," (0,0)",0,0,"  1 2 3 4 5 6 7 8 9 10 12 13 14 15 17 18 19 21 22 23 27 29 30",TRUE
1186,3," (-0.003,0.003)",-0.003,0.003,"  1 2 3 4 5 6 7 8 9 10 11 12 13 14 15 16 17 18 19 21 22 23 26 27 28 29 30",TRUE
1187,2," (-0.004,0.004)",-0.004,0.004,"  1 2 3 4 5 6 7 8 9 10 11 12 13 15 16 17 18 19 20 21 22 23 24 25 26 27 28 29",TRUE
1188,4," (0,0)",0,0,"  1 2 3 4 5 6 8 9 10 11 12 13 16 17 18 19 20 21 22 23 24 25 26 27 28 29",TRUE
1189,9," (0,0)",0,0,"  1 2 5 6 9 10 11 12 13 16 18 19 20 21 22 23 25 26 27 28 30",TRUE
1190,10," (0,0)",0,0,"  1 2 5 6 9 10 11 12 13 16 18 19 21 22 23 25 26 27 28 30",TRUE
1191,4," (-0.002,0.002)",-0.002,0.002,"  1 2 3 4 5 6 9 10 11 12 13 15 16 18 19 20 21 22 23 24 25 26 27 28 29 30",TRUE
1192,10," (0,0)",0,0,"  1 2 3 4 5 6 9 14 17 30",TRUE
1193,6," (0,0)",0,0,"  1 3 4 5 14 17",TRUE
1194,7," (0,0)",0,0,"  1 2 3 4 5 6 8 9 10 11 12 13 14 16 17 18 19 21 22 23 25 27 30",TRUE
1195,8," (-0.001,0.001)",-0.001,0.001,"  1 2 3 4 5 6 8 9 10 11 12 13 14 16 17 18 19 21 22 23 25 30",TRUE
1196,11," (-0.001,0.001)",-0.001,0.001,"  1 2 3 4 5 6 8 9 10 11 12 13 14 16 17 18 19 21 30",TRUE
1197,8," (-0.001,0.001)",-0.001,0.001,"  1 3 4 5 7 8 14 17",TRUE
1198,13," (-0.001,0.001)",-0.001,0.001,"  1 2 3 4 5 6 7 8 9 10 12 13 14 15 17 18 30",TRUE
1199,12," (0,0)",0,0,"  1 2 3 4 5 6 7 8 9 10 12 13 14 15 17 18 29 30",TRUE
1200,8," (-0.001,0.001)",-0.001,0.001,"  1 2 3 4 5 6 7 8 9 10 12 13 14 15 17 18 20 24 26 28 29 30",TRUE
1201,5," (-0.001,0.001)",-0.001,0.001,"  1 2 3 4 5 6 7 8 9 11 14 15 16 17 20 21 22 23 24 25 26 27 28 29 30",TRUE
1202,7," (-0.001,0.001)",-0.001,0.001,"  1 2 3 4 5 7 8 11 14 15 16 17 20 21 22 23 24 25 26 27 28 29 30",TRUE
1203,4," (-0.002,0.002)",-0.002,0.002,"  1 2 3 4 5 7 8 11 12 14 15 16 17 18 19 20 21 22 23 24 25 26 27 28 29 30",TRUE
1204,4," (-0.002,0.002)",-0.002,0.002,"  1 3 4 5 7 8 10 11 12 13 14 15 16 17 18 19 20 21 22 23 24 25 26 27 28 29",TRUE
1205,5," (0,0)",0,0,"  1 3 4 7 8 10 11 12 13 14 15 16 17 18 19 20 21 22 23 24 25 26 27 28 29",TRUE
1206,9," (0,0)",0,0,"  1 2 3 4 5 6 12 13 23",TRUE
1207,13," (0,0)",0,0,"  1 2 3 4 5 6 9 10 12 13 14 18 19 21 22 23 29",TRUE
1208,5," (-0.001,0.001)",-0.001,0.001,"  1 2 3 4 5 6 9 10 12 13 14 16 17 18 19 20 21 22 23 24 25 26 27 28 29",TRUE
1209,6," (0,0)",0,0,"  1 2 3 4 5 6 9 10 12 13 14 15 16 18 19 20 21 22 23 24 26 27 28 29",TRUE
1210,13," (-0.001,0.001)",-0.001,0.001,"  1 2 3 4 5 6 7 8 11 12 13 14 15 16 17 23 30",TRUE
1211,11," (0,0)",0,0,"  1 7 8 11 12 13 14 15 16 17 30",TRUE
1212,14," (0,0)",0,0,"  1 2 3 4 5 7 8 11 12 13 14 15 16 17 25 30",TRUE
1213,5," (-0.002,0.002)",-0.002,0.002,"  1 2 3 4 5 6 7 8 11 12 13 14 15 16 17 20 22 23 24 25 26 27 28 29 30",TRUE
1214,2," (-0.001,0.001)",-0.001,0.001,"  1 2 3 4 5 6 7 8 10 11 12 13 14 15 16 17 18 20 21 22 23 24 25 26 27 28 29 30",TRUE
1215,6," (-0.001,0.001)",-0.001,0.001,"  1 7 8 9 10 11 12 13 14 15 16 17 18 19 20 21 22 24 25 26 27 28 29 30",TRUE
1216,2," (-0.001,0.001)",-0.001,0.001,"  1 11",TRUE
1217,10," (-0.001,0.001)",-0.001,0.001,"  1 2 4 5 6 7 8 11 13 17",TRUE
1218,4," (-0.003,0.003)",-0.003,0.003,"  1 2 3 4 5 6 7 8 9 10 11 12 13 15 16 17 20 21 22 23 24 25 26 27 28 29",TRUE
1219,9," (0,0)",0,0,"  1 2 6 7 8 11 12 13 17",TRUE
1220,7," (0,0)",0,0,"  1 7 8 11 12 13 17",TRUE
1221,10," (0,0)",0,0,"  1 2 3 4 5 6 7 8 11 12 13 14 15 16 17 21 22 23 25 27",TRUE
1222,6," (-0.001,0.001)",-0.001,0.001,"  1 2 3 4 5 6 7 8 11 12 13 14 15 16 17 20 21 22 23 25 26 27 28 30",TRUE
1223,14," (0,0)",0,0,"  1 2 3 4 5 6 7 8 11 12 13 14 17 30",TRUE
1224,7," (0,0)",0,0,"  1 2 3 4 5 6 7 8 10 11 12 13 14 15 16 17 18 19 21 22 23 25 30",TRUE
1225,10," (-0.002,0.002)",-0.002,0.002,"  1 2 3 4 5 6 7 8 9 10 11 12 13 14 15 17 18 19 29 30",TRUE
1226,5," (-0.001,0.001)",-0.001,0.001,"  1 2 4 5 6 7 8 9 10 11 12 13 14 17 18 19 20 23 24 25 26 27 28 29 30",TRUE
1227,9," (0,0)",0,0,"  1 7 8 9 10 11 12 13 14 17 18 19 20 23 24 25 26 27 28 29 30",TRUE
1228,7," (0,0)",0,0,"  1 7 8 9 10 11 12 13 14 17 18 19 20 21 22 23 24 25 26 27 28 29 30",TRUE
1229,2," (-0.001,0.001)",-0.001,0.001,"  1 2 4 5 6 7 8 9 10 11 12 13 14 16 17 18 19 20 21 22 23 24 25 26 27 28 29 30",TRUE
1230,3," (-0.003,0.003)",-0.003,0.003,"  1 2 5 6 7 8 9 10 11 12 13 14 16 17 18 19 20 21 22 23 24 25 26 27 28 29 30",TRUE
1231,3," (-0.004,0.004)",-0.004,0.004,"  1 2 3 4 5 8 9 10 11 12 13 14 15 16 18 19 20 21 22 23 24 25 26 27 28 29 30",TRUE
1232,4," (-0.003,0.003)",-0.003,0.003,"  1 2 5 23",TRUE
1233,12," (0,0)",0,0,"  1 2 3 4 5 6 9 10 17 20 21 22 23 25 26 27 28 30",TRUE
1234,6," (-0.001,0.001)",-0.001,0.001,"  1 2 18 21 22 23",TRUE
1235,7," (-0.001,0.001)",-0.001,0.001,"  1 2 3 4 5 6 9 10 14 17 18 19 20 21 22 23 24 25 26 27 28 29 30",TRUE
1236,9," (-0.001,0.001)",-0.001,0.001,"  1 2 3 4 5 6 9 10 17 18 19 20 21 22 23 24 25 26 27 28 30",TRUE
1237,2," (-0.005,0.005)",-0.005,0.005,"  1 2 3 4 5 6 7 8 9 10 11 13 14 16 17 18 19 20 21 22 23 24 25 26 27 28 29 30",TRUE
1238,10," (0,0)",0,0,"  1 2 5 15 16 18 19 21 22 23",TRUE
1239,3," (0,0)",0,0,"  1 2 3 4 5 6 8 9 10 12 14 15 16 17 18 19 20 21 22 23 24 25 26 27 28 29 30",TRUE
1240,5," (-0.002,0.002)",-0.002,0.002,"  1 2 3 4 5 6 9 10 12 15 16 17 18 19 20 21 22 23 24 25 26 27 28 29 30",TRUE
1241,14," (0,0)",0,0,"  1 2 3 4 5 12 15 16 17 18 19 21 22 23",TRUE
1242,5," (-0.001,0.001)",-0.001,0.001,"  1 2 3 4 5 6 9 10 11 12 13 15 16 17 18 19 20 21 22 23 25 26 27 28 30",TRUE
1243,10," (0,0)",0,0,"  1 2 3 4 5 7 8 9 10 11 12 13 15 16 17 18 19 21 22 23",TRUE
1244,10," (0,0)",0,0,"  1 2 3 4 5 7 8 11 12 13 14 15 16 17 18 19 21 22 23 29",TRUE
1245,3," (-0.002,0.002)",-0.002,0.002,"  1 2 3 4 5 7 8 10 11 12 13 14 15 16 17 18 19 20 21 22 23 24 25 26 27 28 29",TRUE
1246,9," (-0.001,0.001)",-0.001,0.001,"  1 7 8 11 12 13 14 15 16 18 19 20 21 22 23 24 25 26 27 28 29",TRUE
1247,3," (0,0)",0,0,"  1 2 4 5 6 7 8 9 11 12 13 14 15 16 18 19 20 21 22 23 24 25 26 27 28 29 30",TRUE
1248,4," (-0.003,0.003)",-0.003,0.003,"  1 2 5 6 7 8 9 11 12 13 14 15 16 18 19 20 21 22 23 24 25 26 27 28 29 30",TRUE
1249,9," (-0.001,0.001)",-0.001,0.001,"  1 2 3 4 5 6 7 8 9 10 11 12 13 14 15 25 26 27 28 29 30",TRUE
1250,6," (-0.001,0.001)",-0.001,0.001,"  1 2 3 4 5 6 7 8 9 10 11 12 13 14 15 20 21 22 25 26 27 28 29 30",TRUE
1251,3," (-0.005,0.005)",-0.005,0.005,"  1 21 22",TRUE
1252,3," (-0.001,0.001)",-0.001,0.001,"  1 2 3 4 5 6 7 8 9 10 11 12 13 14 15 19 20 21 22 23 24 25 26 27 28 29 30",TRUE
1253,4," (-0.001,0.001)",-0.001,0.001,"  1 2 3 4 5 6 7 8 9 10 11 12 13 14 15 20 21 22 23 24 25 26 27 28 29 30",TRUE
1254,6," (0,0)",0,0,"  1 2 5 21 22 23",TRUE
1255,4," (-0.002,0.002)",-0.002,0.002,"  1 21 22 23",TRUE
1256,4," (-0.001,0.001)",-0.001,0.001,"  1 2 3 4 5 6 7 8 9 10 11 12 13 14 15 16 20 21 22 23 25 26 27 28 29 30",TRUE
1257,10," (-0.001,0.001)",-0.001,0.001,"  1 2 3 4 5 7 16 21 22 23",TRUE
1258,3," (-0.002,0.002)",-0.002,0.002,"  1 2 3 4 5 6 7 8 9 10 11 12 13 14 15 16 17 20 21 22 23 25 26 27 28 29 30",TRUE
1259,10," (-0.001,0.001)",-0.001,0.001,"  1 2 3 4 5 6 7 8 11 12 13 14 15 16 17 21 22 23 29 30",TRUE
1260,8," (0,0)",0,0,"  1 2 16 17 18 21 22 23",TRUE
1261,14," (-0.001,0.001)",-0.001,0.001,"  1 2 3 4 5 7 8 16 17 18 19 21 22 23",TRUE
1262,7," (-0.002,0.002)",-0.002,0.002,"  1 2 3 4 5 6 7 8 11 12 13 14 15 16 17 18 19 21 22 23 24 29 30",TRUE
1263,5," (-0.001,0.001)",-0.001,0.001,"  1 2 3 4 5 7 8 10 12 13 14 16 17 18 19 20 21 22 23 24 25 26 27 28 29",TRUE
1264,15," (0,0)",0,0,"  1 10 16 17 18 19 20 21 22 23 24 25 26 27 28",TRUE
1265,2," (-0.003,0.003)",-0.003,0.003,"  1 2 3 4 5 7 8 9 10 12 13 14 15 16 17 18 19 20 21 22 23 24 25 26 27 28 29 30",TRUE
1266,4," (-0.001,0.001)",-0.001,0.001,"  1 2 3 4 5 7 8 9 10 12 13 14 16 17 18 19 20 21 22 23 24 25 26 27 28 29",TRUE
1267,8," (0,0)",0,0,"  1 2 3 4 5 6 7 9 10 16 17 18 19 20 21 22 23 24 25 26 27 28",TRUE
1268,7," (0,0)",0,0,"  1 2 3 4 5 6 9 10 11 16 17 18 19 20 21 22 23 24 25 26 27 28 30",TRUE
1269,9," (0,0)",0,0,"  1 2 5 6 9 10 11 16 17 18 19 20 21 22 23 24 25 26 27 28 30",TRUE
1270,8," (-0.002,0.002)",-0.002,0.002,"  1 2 6 9 10 11 15 16 17 18 19 20 21 22 23 24 25 26 27 28 29 30",TRUE
1271,4," (-0.001,0.001)",-0.001,0.001,"  1 2 4 5 6 9 10 11 13 14 15 16 17 18 19 20 21 22 23 24 25 26 27 28 29 30",TRUE
1272,4," (-0.001,0.001)",-0.001,0.001,"  1 2 5 6 9 10 11 12 13 14 15 16 17 18 19 20 21 22 23 24 25 26 27 28 29 30",TRUE
1273,2," (-0.001,0.001)",-0.001,0.001,"  1 2 4 5 6 8 9 10 11 12 13 14 15 16 17 18 19 20 21 22 23 24 25 26 27 28 29 30",TRUE
1274,6," (-0.001,0.001)",-0.001,0.001,"  1 6 7 9 10 11 12 13 14 15 16 17 18 19 20 21 22 23 24 25 26 27 28 29",TRUE
1275,15," (-0.001,0.001)",-0.001,0.001,"  1 9 10 18 19 20 21 22 23 24 25 26 27 28 29",TRUE
1276,7," (-0.001,0.001)",-0.001,0.001,"  1 2 18 19 21 22 23",TRUE
1277,8," (0,0)",0,0,"  1 2 4 5 6 9 10 11 12 13 18 19 20 21 22 23 24 25 26 27 28 29",TRUE
1278,8," (-0.001,0.001)",-0.001,0.001,"  1 2 3 4 5 6 9 10 12 13 18 19 20 21 22 23 24 25 26 27 28 29",TRUE
1279,6," (0,0)",0,0,"  1 2 3 4 5 23",TRUE
1280,3," (-0.001,0.001)",-0.001,0.001,"  1 2 3 4 5 6 7 8 9 10 11 12 13 14 15 18 19 20 21 22 23 24 25 26 27 28 29",TRUE
1281,3," (-0.003,0.003)",-0.003,0.003,"  1 2 3 4 5 6 8 9 10 11 12 13 14 15 18 19 20 21 22 23 24 25 26 27 28 29 30",TRUE
1282,9," (0,0)",0,0,"  1 2 3 4 5 8 17 23 30",TRUE
1283,5," (0,0)",0,0,"  1 2 3 4 5 6 7 8 9 10 16 17 18 19 20 21 22 23 24 25 26 27 28 29 30",TRUE
1284,6," (-0.001,0.001)",-0.001,0.001,"  1 2 3 4 5 7 8 10 15 16 17 18 19 20 21 22 23 24 25 26 27 28 29 30",TRUE
1285,11," (-0.001,0.001)",-0.001,0.001,"  1 2 3 4 5 7 8 14 15 16 17 18 19 21 22 23 24 29 30",TRUE
1286,3," (0,0)",0,0,"  1 2 3 4 5 7 8 10 11 12 14 15 16 17 18 19 20 21 22 23 24 25 26 27 28 29 30",TRUE
1287,9," (0,0)",0,0,"  1 2 3 4 5 6 7 8 9 11 12 13 14 15 16 17 18 21 22 23 30",TRUE
1288,9," (-0.001,0.001)",-0.001,0.001,"  1 2 3 4 5 6 7 8 9 10 11 12 13 14 15 16 17 22 23 25 30",TRUE
1289,10," (-0.001,0.001)",-0.001,0.001,"  1 2 3 4 5 6 7 8 9 10 11 12 13 14 15 16 17 25 27 30",TRUE
1290,4," (-0.001,0.001)",-0.001,0.001,"  1 2 3 4 5 6 7 8 9 10 11 12 13 14 15 16 17 20 23 24 25 26 27 28 29 30",TRUE
1291,2," (-0.003,0.003)",-0.003,0.003,"  1 2 3 4 5 6 7 9 10 11 12 13 14 15 17 18 19 20 21 22 23 24 25 26 27 28 29 30",TRUE
1292,4," (-0.001,0.001)",-0.001,0.001,"  1 2 3 4 5 6 9 10 12 13 14 15 17 18 19 20 21 22 23 24 25 26 27 28 29 30",TRUE
1293,2," (-0.004,0.004)",-0.004,0.004,"  1 15",TRUE
1294,5," (0,0)",0,0,"  1 2 5 15 16",TRUE
1295,2," (-0.002,0.002)",-0.002,0.002,"  1 2 3 4 5 6 8 9 10 12 13 14 15 16 17 18 19 20 21 22 23 24 25 26 27 28 29 30",TRUE
1296,12," (-0.002,0.002)",-0.002,0.002,"  1 2 3 4 5 6 8 9 10 15 16 17 18 19 21 22 23 30",TRUE
1297,8," (-0.001,0.001)",-0.001,0.001,"  1 2 3 4 5 8 15 16",TRUE
1298,5," (-0.001,0.001)",-0.001,0.001,"  1 2 8 15 16",TRUE
1299,4," (-0.001,0.001)",-0.001,0.001,"  1 2 3 4 5 6 7 8 9 10 11 15 16 17 18 19 20 21 22 23 24 26 27 28 29 30",TRUE
1300,6," (0,0)",0,0,"  1 7 8 11 15 16",TRUE
1301,11," (0,0)",0,0,"  1 2 4 5 7 8 11 12 13 15 16",TRUE
1302,12," (0,0)",0,0,"  1 2 3 4 5 6 7 8 9 11 12 13 14 15 16 17 25 27",TRUE
1303,3," (-0.001,0.001)",-0.001,0.001,"  1 2 3 4 5 6 7 8 9 10 11 12 13 14 15 16 17 18 19 20 23 24 25 26 27 28 29",TRUE
1304,3," (-0.003,0.003)",-0.003,0.003,"  1 2 3 4 5 6 7 8 9 10 11 12 13 14 15 16 17 18 20 22 23 24 25 26 27 28 29",TRUE
1305,8," (-0.001,0.001)",-0.001,0.001,"  1 2 3 4 5 7 8 11 12 13 14 15 16 20 22 23 24 25 26 27 28 29",TRUE
1306,4," (0,0)",0,0,"  1 2 3 4 5 6 7 8 11 12 13 14 15 16 19 20 21 22 23 24 25 26 27 28 29 30",TRUE
1307,15," (0,0)",0,0,"  1 9 10 17 19 20 21 22 23 24 25 26 27 28 29",TRUE
1308,4," (-0.004,0.004)",-0.004,0.004,"  1 2 5 7 8 9 10 11 13 14 15 16 17 18 19 20 21 22 23 24 25 26 27 28 29 30",TRUE
1309,4," (0,0)",0,0,"  1 2 4 5 7 8 9 10 11 14 15 16 17 18 19 20 21 22 23 24 25 26 27 28 29 30",TRUE
1310,5," (-0.001,0.001)",-0.001,0.001,"  1 2 4 5 7 8 9 10 11 15 16 17 18 19 20 21 22 23 24 25 26 27 28 29 30",TRUE
1311,8," (-0.002,0.002)",-0.002,0.002,"  1 2 4 5 9 10 15 16 17 18 19 20 21 22 23 24 25 26 27 28 29 30",TRUE
1312,12," (0,0)",0,0,"  1 2 4 5 9 10 17 19 20 21 22 23 24 25 26 27 28 29",TRUE
1313,13," (0,0)",0,0,"  1 2 4 5 9 10 17 20 21 22 23 24 25 26 27 28 29",TRUE
1314,7," (0,0)",0,0,"  1 2 4 5 9 10 17",TRUE
1315,8," (-0.001,0.001)",-0.001,0.001,"  1 2 3 4 5 6 9 10 17 18 19 20 21 22 23 24 25 26 27 28 29 30",TRUE
1316,10," (0,0)",0,0,"  1 2 3 4 5 6 9 10 17 21",TRUE
1317,7," (0,0)",0,0,"  1 2 3 4 5 6 9 10 12 17 18 19 20 21 22 23 24 25 26 27 28 29 30",TRUE
1318,8," (-0.001,0.001)",-0.001,0.001,"  1 2 3 4 5 6 9 10 12 17 18 19 20 21 22 23 24 25 26 27 28 29",TRUE
1319,6," (0,0)",0,0,"  1 2 3 4 5 6 9 10 12 13 17 18 19 20 21 22 23 24 25 26 27 28 29 30",TRUE
1320,8," (0,0)",0,0,"  1 2 3 4 5 6 9 10 12 13 17 19 20 21 22 23 24 25 26 27 28 29",TRUE
1321,12," (0,0)",0,0,"  1 2 3 4 5 6 9 10 12 13 17 21",TRUE
1322,11," (-0.001,0.001)",-0.001,0.001,"  1 2 3 4 5 6 9 10 12 13 17",TRUE
1323,9," (-0.001,0.001)",-0.001,0.001,"  1 2 3 4 5 6 9 12 13",TRUE
1324,5," (0,0)",0,0,"  1 2 3 4 5 6 9 10 12 13 14 17 18 19 20 21 22 23 24 25 26 27 28 29 30",TRUE
1325,7," (-0.002,0.002)",-0.002,0.002,"  1 2 3 4 5 6 9 10 12 13 14 17 19 20 21 22 23 24 25 26 27 28 29",TRUE
1326,5," (-0.001,0.001)",-0.001,0.001,"  1 2 3 4 5 6 7 8 9 10 11 12 13 14 15 16 17 20 21 22 23 25 26 27 28",TRUE
1327,11," (0,0)",0,0,"  1 2 3 4 5 6 7 8 9 10 11 12 13 14 15 16 17 21 30",TRUE
1328,9," (-0.001,0.001)",-0.001,0.001,"  1 2 3 4 5 6 7 8 9 10 11 12 13 14 15 16 17 18 21 22 30",TRUE
1329,10," (0,0)",0,0,"  1 2 3 4 5 6 7 8 9 10 11 12 13 14 15 16 17 18 21 30",TRUE
1330,5," (-0.001,0.001)",-0.001,0.001,"  1 2 3 4 5 6 7 8 9 10 11 12 13 14 15 16 18 19 20 24 26 27 28 29 30",TRUE
1331,4," (-0.001,0.001)",-0.001,0.001,"  1 2 3 4 5 6 7 8 9 11 12 13 14 15 16 18 19 20 23 24 25 26 27 28 29 30",TRUE
1332,6," (0,0)",0,0,"  1 3 4 5 16 30",TRUE
1333,13," (-0.001,0.001)",-0.001,0.001,"  1 2 3 4 5 6 8 16 17 21 22 23 30",TRUE
1334,8," (-0.002,0.002)",-0.002,0.002,"  1 2 3 4 5 8 16 30",TRUE
1335,12," (-0.001,0.001)",-0.001,0.001,"  1 2 3 4 5 6 7 8 9 10 15 16 17 18 21 22 23 30",TRUE
1336,7," (0,0)",0,0,"  1 4 7 8 15 16 30",TRUE
1337,9," (0,0)",0,0,"  1 2 3 4 5 6 7 8 9 10 14 15 16 17 18 19 21 22 23 25 30",TRUE
1338,10," (-0.001,0.001)",-0.001,0.001,"  1 7 8 11 12 13 14 15 16 30",TRUE
1339,9," (0,0)",0,0,"  1 2 3 4 5 6 7 8 9 11 12 13 14 15 16 17 21 22 23 29 30",TRUE
1340,14," (-0.002,0.002)",-0.002,0.002,"  1 2 3 4 5 6 7 8 11 12 13 14 15 16 29 30",TRUE
1341,4," (-0.001,0.001)",-0.001,0.001,"  1 2 3 4 5 6 7 8 9 11 12 13 14 15 16 17 20 21 22 23 24 26 27 28 29 30",TRUE
1342,6," (-0.002,0.002)",-0.002,0.002,"  1 2 3 4 5 6 7 8 11 12 13 14 15 16 20 21 22 24 25 26 27 28 29 30",TRUE
1343,12," (0,0)",0,0,"  1 7 8 11 12 13 14 15 16 18 19 20 24 25 26 27 28 29",TRUE
1344,10," (0,0)",0,0,"  1 7 8 10 11 12 13 14 15 16 18 19 20 24 25 26 27 28 29 30",TRUE
1345,5," (-0.002,0.002)",-0.002,0.002,"  1 3 4 5 7 8 9 10 11 12 13 14 15 16 17 18 19 20 24 25 26 27 28 29 30",TRUE
1346,2," (-0.005,0.005)",-0.005,0.005,"  1 2 4 6 7 8 9 10 11 12 13 14 15 16 17 18 19 20 21 22 23 24 25 26 27 28 29 30",TRUE
1347,7," (0,0)",0,0,"  1 6 7 8 9 10 11 12 13 15 16 18 19 20 21 22 23 24 25 26 27 28 29",TRUE
1348,9," (-0.001,0.001)",-0.001,0.001,"  1 2 5 7 9 10 11 15 16 18 19 20 21 22 23 24 25 26 27 28 29",TRUE
1349,8," (-0.001,0.001)",-0.001,0.001,"  1 2 5 11 16 21 22 23",TRUE
1350,4," (-0.003,0.003)",-0.003,0.003,"  1 2 4 5 6 7 8 9 10 11 12 13 15 16 18 19 20 21 22 23 24 25 26 27 28 29",TRUE
1351,15," (0,0)",0,0,"  1 2 3 4 5 11 16 20 21 22 23 25 26 27 28",TRUE
1352,15," (0,0)",0,0,"  1 2 3 4 5 11 16 17 21 22 23 25 26 27 28",TRUE
1353,2," (-0.004,0.004)",-0.004,0.004,"  1 2 3 4 5 7 8 9 10 11 13 14 15 16 17 18 19 20 21 22 23 24 25 26 27 28 29 30",TRUE
1354,7," (-0.001,0.001)",-0.001,0.001,"  1 2 3 4 5 6 11 12 13 14 16 17 20 21 22 23 24 25 26 27 28 29 30",TRUE
1355,11," (-0.001,0.001)",-0.001,0.001,"  1 2 3 4 5 6 7 8 11 12 13 14 16 17 21 22 23 25 30",TRUE
1356,5," (-0.001,0.001)",-0.001,0.001,"  1 2 3 4 5 6 7 8 11 12 13 14 15 16 17 20 21 22 23 24 25 26 27 28 30",TRUE
1357,11," (0,0)",0,0,"  1 2 3 4 5 6 7 8 9 10 12 13 14 15 17 21 22 23 30",TRUE
1358,7," (-0.001,0.001)",-0.001,0.001,"  1 2 3 4 5 6 7 8 9 10 12 13 14 15 17 18 19 21 22 23 24 29 30",TRUE
1359,7," (0,0)",0,0,"  1 2 3 4 5 6 8",TRUE
1360,8," (-0.002,0.002)",-0.002,0.002,"  1 2 3 4 5 6 7 8 9 10 11 12 15 16 17 18 19 21 22 23 25 30",TRUE
1361,9," (0,0)",0,0,"  1 2 3 4 5 6 8 10 25",TRUE
1362,8," (0,0)",0,0,"  1 2 3 4 5 6 7 8 9 10 11 15 16 17 18 19 21 22 23 25 27 30",TRUE
1363,7," (-0.001,0.001)",-0.001,0.001,"  1 2 4 5 8 25 27",TRUE
1364,9," (0,0)",0,0,"  1 2 3 4 5 8 25 26 27",TRUE
1365,6," (-0.003,0.003)",-0.003,0.003,"  1 2 3 4 5 6 8 9 10 11 16 17 18 19 20 21 22 23 24 25 26 27 28 30",TRUE
1366,3," (-0.002,0.002)",-0.002,0.002,"  1 2 3 4 5 6 8 9 10 11 14 15 16 17 18 19 20 21 22 23 24 25 26 27 28 29 30",TRUE
1367,2," (-0.004,0.004)",-0.004,0.004,"  1 2 3 4 5 6 8 9 10 11 13 14 15 16 17 18 19 20 21 22 23 24 25 26 27 28 29 30",TRUE
1368,14," (-0.001,0.001)",-0.001,0.001,"  1 2 3 4 5 8 12 13 14 20 24 25 26 27 28 29",TRUE
1369,4," (-0.004,0.004)",-0.004,0.004,"  1 2 3 4 5 6 7 8 9 10 12 13 14 17 18 19 20 21 22 23 24 25 26 27 28 29",TRUE
1370,7," (-0.002,0.002)",-0.002,0.002,"  1 2 3 4 5 6 7 8 9 10 11 12 13 14 15 20 24 25 26 27 28 29 30",TRUE
1371,3," (-0.001,0.001)",-0.001,0.001,"  1 2 3 4 5 6 7 8 9 10 11 12 13 14 15 16 17 20 21 22 24 25 26 27 28 29 30",TRUE
1372,8," (0,0)",0,0,"  1 9 10 16 17 21 22 23",TRUE
1373,7," (-0.001,0.001)",-0.001,0.001,"  1 2 7 8 9 10 11 15 16 17 18 19 20 21 22 23 24 25 26 27 28 29 30",TRUE
1374,6," (0,0)",0,0,"  1 2 16 21 22 23",TRUE
1375,15," (0,0)",0,0,"  1 2 4 5 9 10 16 17 18 19 21 22 23 24 29",TRUE
1376,12," (0,0)",0,0,"  1 2 4 5 9 10 16 17 19 21 22 23",TRUE
1377,6," (-0.001,0.001)",-0.001,0.001,"  1 2 4 5 16 23",TRUE
1378,11," (0,0)",0,0,"  1 2 3 4 5 6 16 17 21 22 23",TRUE
1379,4," (-0.002,0.002)",-0.002,0.002,"  1 2 3 4 5 6 7 9 10 12 13 14 15 16 17 18 19 20 21 22 23 24 26 27 28 29",TRUE
1380,7," (-0.001,0.001)",-0.001,0.001,"  1 2 3 4 5 6 7 8 11 12 13 14 15 16 20 21 22 23 25 26 27 28 30",TRUE
1381,7," (0,0)",0,0,"  1 2 3 4 5 6 7 8 11 12 13 14 15 16 17 18 19 21 22 23 25 27 30",TRUE
1382,2," (-0.002,0.002)",-0.002,0.002,"  1 2 3 4 5 6 7 8 10 11 12 13 14 15 16 17 18 19 20 21 22 23 24 25 26 27 28 30",TRUE
1383,8," (-0.001,0.001)",-0.001,0.001,"  1 2 3 4 5 6 7 8 10 11 12 13 14 15 16 17 18 19 21 22 23 30",TRUE
1384,10," (-0.001,0.001)",-0.001,0.001,"  1 2 3 4 5 6 9 10 17 29",TRUE
1385,5," (-0.001,0.001)",-0.001,0.001,"  1 2 3 4 5 6 9 10 11 12 13 14 17 18 19 20 21 22 23 24 25 26 27 28 29",TRUE
1386,13," (-0.001,0.001)",-0.001,0.001,"  1 9 10 16 17 18 19 20 21 22 23 24 25 26 27 28 29",TRUE
1387,5," (-0.002,0.002)",-0.002,0.002,"  1 2 3 4 5 6 9 10 13 14 15 16 17 18 19 20 21 22 23 24 25 26 27 28 29",TRUE
1388,8," (-0.002,0.002)",-0.002,0.002,"  1 2 5 7 9 10 15 16 17 18 19 20 21 22 23 24 25 26 27 28 29 30",TRUE
1389,6," (-0.002,0.002)",-0.002,0.002,"  1 2 5 7 8 9 10 11 15 16 17 18 19 20 21 22 23 24 25 26 27 28 29 30",TRUE
1390,3," (-0.001,0.001)",-0.001,0.001,"  1 15 16",TRUE
1391,4," (0,0)",0,0,"  1 2 5 15",TRUE
1392,8," (-0.001,0.001)",-0.001,0.001,"  1 2 4 5 15 16 19 30",TRUE
1393,6," (-0.001,0.001)",-0.001,0.001,"  1 2 4 5 15 16",TRUE
1394,10," (-0.002,0.002)",-0.002,0.002,"  1 2 3 4 5 15 16 18 19 20 21 22 23 24 25 26 27 28 29 30",TRUE
1395,6," (0,0)",0,0,"  1 2 3 4 5 6 9 12 15 16 17 18 19 20 21 22 23 24 25 26 27 28 29 30",TRUE
1396,11," (0,0)",0,0,"  1 2 3 4 5 6 12 13 15 16 30",TRUE
1397,4," (-0.002,0.002)",-0.002,0.002,"  1 2 3 4 5 6 9 12 13 14 15 16 17 18 19 20 21 22 23 24 25 26 27 28 29 30",TRUE
1398,12," (-0.001,0.001)",-0.001,0.001,"  1 2 3 4 5 6 8 11 12 13 14 15 16 18 19 25 27 30",TRUE
1399,14," (0,0)",0,0,"  1 2 3 4 5 6 8 11 12 13 14 15 16 30",TRUE
1400,6," (-0.001,0.001)",-0.001,0.001,"  1 2 3 4 5 6 7 8 9 10 11 12 13 14 15 16 18 19 20 25 26 27 28 30",TRUE
1401,10," (-0.001,0.001)",-0.001,0.001,"  1 2 3 4 5 6 7 8 9 10 11 12 13 14 15 16 17 19 21 30",TRUE
1402,5," (-0.001,0.001)",-0.001,0.001,"  1 2 3 4 5 6 7 8 9 10 11 12 13 14 15 17 20 21 22 23 24 26 27 28 29",TRUE
1403,3," (-0.002,0.002)",-0.002,0.002,"  1 2 3 4 5 6 7 8 9 10 11 12 13 14 15 17 18 20 21 22 23 24 25 26 27 28 29",TRUE
1404,5," (0,0)",0,0,"  1 2 5 6 23",TRUE
1405,11," (-0.001,0.001)",-0.001,0.001,"  1 2 3 4 5 6 7 8 16 22 23",TRUE
1406,10," (0,0)",0,0,"  1 2 3 4 5 6 10 21 22 23",TRUE
1407,12," (0,0)",0,0,"  1 2 3 4 5 6 7 8 9 10 12 13 15 16 21 22 23 30",TRUE
1408,10," (-0.001,0.001)",-0.001,0.001,"  1 2 4 5 6 9 10 21 22 23",TRUE
1409,12," (0,0)",0,0,"  1 2 3 4 5 6 7 8 9 10 15 16 17 18 19 21 22 23",TRUE
1410,10," (-0.001,0.001)",-0.001,0.001,"  1 2 3 4 5 6 7 8 9 10 15 16 17 18 19 21 22 23 25 30",TRUE
1411,12," (0,0)",0,0,"  1 2 3 4 5 6 7 8 9 10 16 17 18 19 21 22 23 25",TRUE
1412,15," (0,0)",0,0,"  1 2 4 5 6 9 10 17 18 19 21 22 23 25 27",TRUE
1413,4," (0,0)",0,0,"  1 2 3 4 5 6 7 8 9 10 14 15 16 17 18 19 20 21 22 23 24 25 26 27 28 29",TRUE
1414,8," (-0.001,0.001)",-0.001,0.001,"  1 2 3 4 5 6 9 10 14 17 18 19 20 21 22 23 24 25 26 27 28 29",TRUE
1415,5," (-0.002,0.002)",-0.002,0.002,"  1 2 6 9 10 11 12 13 14 15 16 17 18 19 20 21 22 23 24 25 26 27 28 29 30",TRUE
1416,15," (0,0)",0,0,"  1 2 6 7 8 9 10 11 12 13 14 15 17 18 30",TRUE
1417,5," (-0.003,0.003)",-0.003,0.003,"  1 2 5 6 7 8 9 10 11 12 13 14 15 16 17 18 19 20 24 25 26 27 28 29 30",TRUE
1418,11," (0,0)",0,0,"  1 2 4 5 6 7 8 9 10 11 12 13 14 15 17 18 19 29 30",TRUE
1419,6," (0,0)",0,0,"  1 2 4 5 9 17",TRUE
1420,13," (0,0)",0,0,"  1 2 3 4 5 6 8 9 10 12 13 14 17",TRUE
1421,4," (-0.003,0.003)",-0.003,0.003,"  1 2 3 4 5 6 7 8 9 10 11 12 13 14 15 17 18 19 20 23 24 26 27 28 29 30",TRUE
1422,3," (-0.001,0.001)",-0.001,0.001,"  1 2 3 4 5 6 7 8 9 10 11 12 13 14 15 17 18 19 20 21 22 23 24 26 28 29 30",TRUE
1423,10," (0,0)",0,0,"  1 2 3 4 5 6 7 8 9 10 12 13 14 16 17 21 22 23 25 27",TRUE
1424,11," (0,0)",0,0,"  1 2 3 4 5 6 8 9 10 12 13 14 16 17 21 22 23 25 27",TRUE
1425,12," (0,0)",0,0,"  1 2 3 4 5 9 16 17 20 21 22 23 24 25 26 27 28 29",TRUE
1426,6," (-0.001,0.001)",-0.001,0.001,"  1 2 3 4 5 6 9 10 12 13 14 16 17 19 20 21 22 23 24 25 26 27 28 29",TRUE
1427,9," (-0.001,0.001)",-0.001,0.001,"  1 2 3 4 5 11 15 16 18 19 20 21 22 23 24 25 26 27 28 29 30",TRUE
1428,5," (-0.001,0.001)",-0.001,0.001,"  1 2 3 4 5 6 7 11 13 14 15 16 18 19 20 21 22 23 24 25 26 27 28 29 30",TRUE
1429,13," (0,0)",0,0,"  1 2 3 4 5 6 11 14 20 24 26 28 29",TRUE
1430,3," (-0.004,0.004)",-0.004,0.004,"  1 8 17",TRUE
1431,3," (-0.002,0.002)",-0.002,0.002,"  1 2 3 4 5 6 7 8 9 11 14 15 16 17 18 19 20 21 22 23 24 25 26 27 28 29 30",TRUE
1432,5," (-0.001,0.001)",-0.001,0.001,"  1 2 3 4 5 6 7 8 9 11 14 17 18 19 20 21 22 23 24 25 26 27 28 29 30",TRUE
1433,4," (-0.001,0.001)",-0.001,0.001,"  1 2 3 4 5 6 8 9 10 11 12 14 17 18 19 20 21 22 23 24 25 26 27 28 29 30",TRUE
1434,5," (0,0)",0,0,"  1 2 3 4 5 6 8 9 10 11 12 14 17 18 19 20 21 22 23 24 25 26 27 28 29",TRUE
1435,7," (0,0)",0,0,"  1 2 3 4 5 6 8 9 10 11 12 14 17 18 19 20 23 24 25 26 27 28 29",TRUE
1436,6," (0,0)",0,0,"  1 2 3 4 5 6 8 9 10 11 12 13 14 17 18 19 20 23 24 25 26 27 28 29",TRUE
1437,15," (-0.002,0.002)",-0.002,0.002,"  1 2 3 4 5 6 8 9 10 11 12 13 14 17 29",TRUE
1438,12," (0,0)",0,0,"  1 2 3 4 5 6 8 9 10 12 13 17",TRUE
1439,6," (-0.001,0.001)",-0.001,0.001,"  1 2 3 4 5 6 8 9 10 11 12 13 14 16 17 18 19 20 24 25 26 27 28 29",TRUE
1440,4," (-0.001,0.001)",-0.001,0.001,"  1 2 3 4 5 6 8 9 10 11 12 13 14 15 16 17 18 19 20 23 24 25 26 27 28 29",TRUE
1441,2," (-0.001,0.001)",-0.001,0.001,"  1 2 3 4 5 6 7 8 9 10 11 12 13 14 15 16 17 18 19 20 22 23 24 25 26 27 28 29",TRUE
1442,5," (0,0)",0,0,"  1 2 3 4 5 6 7 8 9 10 11 12 13 14 15 16 17 18 20 24 25 26 27 28 29",TRUE
1443,7," (0,0)",0,0,"  1 2 3 4 5 6 7 8 9 10 11 12 13 14 15 16 17 20 24 26 27 28 29",TRUE
1444,10," (-0.001,0.001)",-0.001,0.001,"  1 7 8 9 10 12 13 15 16 17",TRUE
1445,7," (0,0)",0,0,"  1 2 3 4 5 6 7 8 9 10 11 12 13 14 15 16 17 20 21 24 28 29 30",TRUE
1446,9," (0,0)",0,0,"  1 2 3 4 5 6 7 8 9 10 11 12 13 14 15 16 17 21 24 29 30",TRUE
1447,12," (-0.001,0.001)",-0.001,0.001,"  1 2 3 4 5 6 7 8 9 10 11 12 13 15 16 17 21 30",TRUE
1448,10," (-0.001,0.001)",-0.001,0.001,"  1 2 3 4 5 6 7 8 9 10 11 12 13 14 15 16 17 21 22 30",TRUE
1449,14," (0,0)",0,0,"  1 2 7 8 9 10 12 13 15 16 17 21 22 30",TRUE
1450,13," (-0.001,0.001)",-0.001,0.001,"  1 2 7 8 9 10 12 13 15 16 17 18 19 21 22 23 30",TRUE
1451,4," (-0.001,0.001)",-0.001,0.001,"  1 2 4 5 7 8 9 10 12 13 15 16 17 18 19 20 21 22 23 24 25 26 27 28 29 30",TRUE
1452,13," (0,0)",0,0,"  1 2 6 7 8 9 10 11 12 13 14 15 17 21 22 23 30",TRUE
1453,3," (-0.001,0.001)",-0.001,0.001,"  1 2 21",TRUE
1454,4," (-0.001,0.001)",-0.001,0.001,"  1 2 5 6 7 8 9 10 11 12 13 14 15 17 18 20 21 22 23 24 25 26 27 28 29 30",TRUE
1455,4," (-0.002,0.002)",-0.002,0.002,"  1 2 4 5 6 7 8 9 10 11 12 13 14 15 17 20 21 22 23 24 25 26 27 28 29 30",TRUE
1456,9," (0,0)",0,0,"  1 2 4 5 6 7 8 9 10 11 12 13 14 15 17 21 22 23 25 27 30",TRUE
1457,6," (-0.001,0.001)",-0.001,0.001,"  1 2 3 4 5 6 7 8 9 11 12 13 14 15 16 17 18 19 21 22 23 24 29 30",TRUE
1458,5," (0,0)",0,0,"  1 2 3 4 5 6 7 8 11 12 13 14 15 16 17 18 19 20 21 22 23 24 28 29 30",TRUE
1459,6," (-0.002,0.002)",-0.002,0.002,"  1 2 3 4 5 7 11 12 13 14 15 16 18 19 20 21 22 23 24 25 26 27 28 29",TRUE
1460,12," (0,0)",0,0,"  1 2 3 4 5 16 18 19 20 21 22 23 24 25 26 27 28 29",TRUE
1461,4," (-0.001,0.001)",-0.001,0.001,"  1 2 3 4 5 7 8 10 11 12 13 14 15 16 18 19 20 21 22 23 24 25 26 27 28 29",TRUE
1462,7," (-0.001,0.001)",-0.001,0.001,"  1 2 3 4 5 7 9 10 15 16 17 18 19 20 21 22 23 24 25 26 27 28 29",TRUE
1463,7," (-0.001,0.001)",-0.001,0.001,"  1 2 3 4 5 6 8 9 10 11 16 17 18 19 20 21 24 25 26 27 28 29 30",TRUE
1464,7," (0,0)",0,0,"  1 3 4 5 25 26 27",TRUE
1465,5," (0,0)",0,0,"  1 5 25 26 27",TRUE
1466,8," (0,0)",0,0,"  1 4 5 20 25 26 27 28",TRUE
1467,5," (0,0)",0,0,"  1 2 3 4 5 6 7 8 11 12 13 14 15 16 18 20 21 22 24 25 26 27 28 29 30",TRUE
1468,7," (-0.001,0.001)",-0.001,0.001,"  1 2 3 4 5 6 9 11 12 13 14 15 16 18 19 20 24 25 26 27 28 29 30",TRUE
1469,12," (0,0)",0,0,"  1 9 10 18 19 20 24 25 26 27 28 29",TRUE
1470,5," (0,0)",0,0,"  1 2 3 4 5 6 9 10 11 12 13 14 15 16 17 18 19 20 24 25 26 27 28 29 30",TRUE
1471,12," (-0.001,0.001)",-0.001,0.001,"  1 7 8 9 10 17 18 19 20 21 22 23 24 25 26 27 28 29",TRUE
1472,5," (0,0)",0,0,"  1 2 3 4 5 6 7 8 9 10 11 14 17 18 19 20 21 22 23 24 25 26 27 28 29",TRUE
1473,5," (0,0)",0,0,"  1 3 4 5 7 8 9 10 11 12 13 14 17 18 19 20 21 22 23 24 25 26 27 28 29",TRUE
1474,3," (0,0)",0,0,"  1 3 4 5 6 7 8 9 10 11 12 13 14 15 17 18 19 20 21 22 23 24 25 26 27 28 29",TRUE
1475,3," (-0.003,0.003)",-0.003,0.003,"  1 3 4 5 7 8 9 10 11 12 13 14 15 16 17 18 19 20 21 22 23 24 25 26 27 28 29",TRUE
1476,7," (-0.001,0.001)",-0.001,0.001,"  1 2 3 4 5 22 23",TRUE
1477,4," (-0.002,0.002)",-0.002,0.002,"  1 2 3 4 5 6 7 8 11 13 14 15 16 18 19 20 21 22 23 24 25 26 27 28 29 30",TRUE
1478,7," (-0.001,0.001)",-0.001,0.001,"  1 2 3 4 5 6 23",TRUE
1479,4," (-0.001,0.001)",-0.001,0.001,"  1 2 6 9",TRUE
1480,2," (-0.001,0.001)",-0.001,0.001,"  1 2 3 4 5 6 7 8 9 10 11 13 14 15 16 18 19 20 21 22 23 24 25 26 27 28 29 30",TRUE
1481,5," (0,0)",0,0,"  1 2 6 9 10",TRUE
1482,4," (-0.001,0.001)",-0.001,0.001,"  1 6 9 10",TRUE
1483,6," (-0.001,0.001)",-0.001,0.001,"  1 2 3 4 5 6 8 9 10 16 17 18 19 20 21 22 23 24 25 26 27 28 29 30",TRUE
1484,14," (-0.001,0.001)",-0.001,0.001,"  1 2 3 4 5 6 9 10 17 18 19 21 22 23 29 30",TRUE
1485,7," (-0.001,0.001)",-0.001,0.001,"  1 6 9 10 12 13 17",TRUE
1486,12," (0,0)",0,0,"  1 2 3 4 5 6 9 10 12 13 14 17",TRUE
1487,3," (0,0)",0,0,"  1 2 3 4 5 6 7 9 10 11 12 13 14 15 17 18 19 20 21 22 23 24 26 27 28 29 30",TRUE
1488,5," (0,0)",0,0,"  1 2 3 4 5 6 7 9 10 11 12 13 14 15 17 18 19 20 21 22 23 24 28 29 30",TRUE
1489,7," (-0.001,0.001)",-0.001,0.001,"  1 2 3 4 5 6 7 9 10 11 12 13 14 15 17 18 19 21 22 23 24 29 30",TRUE
1490,3," (0,0)",0,0,"  1 2 3 4 5 6 7 9 10 11 12 13 14 15 16 17 18 19 20 21 22 23 24 26 28 29 30",TRUE
1491,14," (-0.001,0.001)",-0.001,0.001,"  1 2 4 5 6 7 8 9 10 11 12 13 14 15 16 17",TRUE
1492,7," (0,0)",0,0,"  1 2 3 4 5 6 7 8 9 10 11 12 13 14 15 16 17 21 22 23 25 27 30",TRUE
1493,15," (-0.001,0.001)",-0.001,0.001,"  1 6 7 8 9 10 11 12 13 14 15 16 17 25 27",TRUE
1494,4," (-0.002,0.002)",-0.002,0.002,"  1 2 3 4 5 6 7 8 9 10 11 12 13 14 15 16 17 20 22 23 24 25 26 27 28 29",TRUE
1495,4," (-0.002,0.002)",-0.002,0.002,"  1 2 3 4 5 6 7 8 9 10 11 12 13 14 15 16 17 19 20 23 24 25 26 27 28 29",TRUE
1496,2," (-0.004,0.004)",-0.004,0.004,"  1 3 4 5 6 7 8 9 10 11 12 13 14 15 16 17 18 20 21 22 23 24 25 26 27 28 29 30",TRUE
1497,5," (0,0)",0,0,"  1 3 4 5 6 7 8 9 10 11 12 13 14 15 16 17 20 21 22 23 25 26 27 28 30",TRUE
1498,7," (0,0)",0,0,"  1 3 4 5 12 13 14",TRUE
1499,14," (0,0)",0,0,"  1 2 3 4 5 6 7 8 11 12 13 14 15 16 17 30",TRUE
1500,5," (-0.002,0.002)",-0.002,0.002,"  1 2 4 5 19",TRUE
1501,12," (-0.001,0.001)",-0.001,0.001,"  1 2 3 4 5 6 12 13 14 18 19 29",TRUE
1502,8," (0,0)",0,0,"  1 2 3 4 5 6 7 8 11 12 13 14 15 16 17 18 19 20 24 28 29 30",TRUE
1503,12," (0,0)",0,0,"  1 2 4 5 18 19 20 24 26 27 28 29",TRUE
1504,11," (0,0)",0,0,"  1 2 3 4 5 6 11 12 13 14 18 19 20 24 25 26 27 28 29",TRUE
1505,3," (-0.003,0.003)",-0.003,0.003,"  1 2 3 4 5 6 7 8 10 11 12 13 14 15 16 17 18 19 20 21 24 25 26 27 28 29 30",TRUE
1506,5," (0,0)",0,0,"  1 2 3 4 5 6 7 8 11 12 13 14 15 16 18 19 20 21 22 24 25 26 27 28 29",TRUE
1507,10," (-0.001,0.001)",-0.001,0.001,"  1 2 3 4 5 12 13 14 18 19 20 21 22 23 24 25 26 27 28 29",TRUE
1508,4," (-0.001,0.001)",-0.001,0.001,"  1 2 3 4 5 6 7 8 9 11 12 13 14 15 18 19 20 21 22 23 24 25 26 27 28 29",TRUE
1509,4," (-0.001,0.001)",-0.001,0.001,"  1 2 3 4 5 6 7 8 9 10 11 12 13 14 18 19 20 21 22 23 24 25 26 27 28 29",TRUE
1510,8," (-0.001,0.001)",-0.001,0.001,"  1 2 3 4 5 9 10 16 17 18 19 20 21 22 23 24 25 26 27 28 29 30",TRUE
1511,5," (-0.002,0.002)",-0.002,0.002,"  1 2 3 4 5 9 10 13 14 15 16 17 18 19 20 21 22 23 24 25 26 27 28 29 30",TRUE
1512,4," (-0.003,0.003)",-0.003,0.003,"  1 2 3 4 5 6 7 8 9 10 11 12 13 14 16 17 18 19 20 24 25 26 27 28 29 30",TRUE
1513,11," (-0.002,0.002)",-0.002,0.002,"  1 2 3 4 5 6 7 8 9 10 11 12 13 14 17 18 19 25 30",TRUE
1514,13," (0,0)",0,0,"  1 2 3 4 5 6 7 8 9 10 11 12 13 14 17 18 19",TRUE
1515,4," (-0.002,0.002)",-0.002,0.002,"  1 2 5 6",TRUE
1516,11," (-0.001,0.001)",-0.001,0.001,"  1 2 3 4 5 6 7 8 9 10 11 12 13 14 17 18 19 21 30",TRUE
1517,2," (-0.004,0.004)",-0.004,0.004,"  1 2 3 4 5 6 7 8 9 10 11 12 13 14 15 17 18 19 20 21 22 23 24 25 26 27 28 30",TRUE
1518,10," (0,0)",0,0,"  1 2 3 4 5 6 15 21 22 23",TRUE
1519,15," (0,0)",0,0,"  1 2 3 4 5 6 7 8 9 15 16 17 21 22 23",TRUE
1520,8," (0,0)",0,0,"  1 2 6 15 16 21 22 23",TRUE
1521,10," (0,0)",0,0,"  1 2 3 4 5 6 7 8 9 10 14 15 16 17 18 19 21 22 23 29",TRUE
1522,3," (0,0)",0,0,"  1 2 3 4 5 6 7 8 9 10 12 13 14 15 16 17 18 19 20 21 22 23 24 26 27 28 29",TRUE
1523,8," (0,0)",0,0,"  1 2 3 4 5 6 7 8 11 15 16 20 21 22 23 24 25 26 27 28 29 30",TRUE
1524,3," (-0.005,0.005)",-0.005,0.005,"  1 2 3 4 5 6 7 8 9 10 11 12 13 15 16 17 20 21 22 23 24 25 26 27 28 29 30",TRUE
1525,4," (-0.002,0.002)",-0.002,0.002,"  1 2 3 4 5 6 7 8 11 12 13 14 15 16 18 20 21 22 23 24 25 26 27 28 29 30",TRUE
1526,3," (-0.004,0.004)",-0.004,0.004,"  1 2 3 4 5 6 8 10 11 12 13 14 15 16 18 19 20 21 22 23 24 25 26 27 28 29 30",TRUE
1527,4," (0,0)",0,0,"  1 2 4 5 6 9 10 11 12 13 14 15 16 18 19 20 21 22 23 24 25 26 27 28 29 30",TRUE
1528,12," (0,0)",0,0,"  1 9 10 15 16 17 18 19 20 22 23 24 25 26 27 28 29 30",TRUE
1529,4," (-0.004,0.004)",-0.004,0.004,"  1 10 15 16",TRUE
1530,4," (-0.001,0.001)",-0.001,0.001,"  1 2 15 16",TRUE
1531,7," (-0.002,0.002)",-0.002,0.002,"  1 2 3 6 7 9 10 15 16 17 18 19 20 21 22 23 24 25 26 27 28 29 30",TRUE
1532,8," (-0.001,0.001)",-0.001,0.001,"  1 2 3 4 5 6 15 16",TRUE
1533,7," (0,0)",0,0,"  1 2 3 4 5 6 15",TRUE
1534,14," (0,0)",0,0,"  1 2 3 4 5 6 9 10 12 13 15 16 17 30",TRUE
1535,4," (0,0)",0,0,"  1 2 3 4 5 6 9 10 12 13 14 15 16 17 18 19 20 22 23 24 25 26 27 28 29 30",TRUE
1536,4," (-0.002,0.002)",-0.002,0.002,"  1 2 3 4 5 6 9 10 11 12 13 14 15 16 17 18 19 20 23 24 25 26 27 28 29 30",TRUE
1537,4," (-0.002,0.002)",-0.002,0.002,"  1 2 3 4 5 6 8 9 10 11 12 13 14 15 16 17 18 19 20 24 25 26 27 28 29 30",TRUE
1538,9," (-0.002,0.002)",-0.002,0.002,"  1 2 3 4 5 6 8 9 10 11 12 13 14 15 16 17 18 19 25 27 30",TRUE
1539,14," (-0.001,0.001)",-0.001,0.001,"  1 2 3 4 5 6 7 8 11 12 13 14 21 22 23 29",TRUE
1540,7," (-0.001,0.001)",-0.001,0.001,"  1 2 3 4 5 6 12",TRUE
1541,2," (-0.004,0.004)",-0.004,0.004,"  1 2 3 4 5 6 7 8 10 12 13 14 15 16 17 18 19 20 21 22 23 24 25 26 27 28 29 30",TRUE
1542,14," (0,0)",0,0,"  1 2 3 4 5 6 7 8 12 13 14 15 16 17 29 30",TRUE
1543,9," (-0.001,0.001)",-0.001,0.001,"  1 2 3 4 5 6 12 13 14",TRUE
1544,5," (-0.002,0.002)",-0.002,0.002,"  1 2 3 4 5 6 7 8 9 11 12 13 14 15 16 17 20 21 24 25 26 27 28 29 30",TRUE
1545,8," (0,0)",0,0,"  1 2 5 6 9 11 12 13",TRUE
1546,6," (-0.001,0.001)",-0.001,0.001,"  1 9 10 11 12 13",TRUE
1547,10," (-0.001,0.001)",-0.001,0.001,"  1 2 3 4 5 6 7 8 9 10 11 12 13 14 15 16 17 19 29 30",TRUE
1548,13," (0,0)",0,0,"  1 2 3 4 5 6 8 9 10 11 12 13 14 17 18 19 30",TRUE
1549,12," (0,0)",0,0,"  1 2 5 6 9 10 11 12 13 18 19 23",TRUE
1550,13," (0,0)",0,0,"  1 2 6 9 10 11 12 13 18 19 21 22 23",TRUE
1551,9," (-0.001,0.001)",-0.001,0.001,"  1 2 3 4 5 6 8 9 10 11 12 13 14 17 18 19 21 22 23 25 30",TRUE
1552,7," (-0.001,0.001)",-0.001,0.001,"  1 2 3 4 5 6 7 8 9 10 11 12 13 14 17 18 19 21 22 23 25 27 30",TRUE
1553,6," (-0.001,0.001)",-0.001,0.001,"  1 2 3 4 5 6 9 10 11 12 13 16 18 19 20 21 22 23 24 25 26 27 28 29",TRUE
1554,6," (0,0)",0,0,"  1 2 4 5 6 9 10 11 12 13 15 16 18 19 20 21 22 23 24 25 26 27 28 29",TRUE
1555,9," (0,0)",0,0,"  1 7 9 10 11 12 13 15 16 18 19 20 21 22 23 24 25 26 27 28 29",TRUE
1556,8," (-0.001,0.001)",-0.001,0.001,"  1 7 8 9 10 11 12 13 14 15 16 17 18 19 20 24 25 26 27 28 29 30",TRUE
1557,6," (-0.001,0.001)",-0.001,0.001,"  1 8 11 12 16 30",TRUE
1558,6," (-0.001,0.001)",-0.001,0.001,"  1 2 5 11 16 30",TRUE
1559,4," (0,0)",0,0,"  1 2 5 16",TRUE
1560,2," (0,0)",0,0,"  1 2 4 5 6 7 8 9 10 11 12 13 14 15 16 17 18 19 20 22 23 24 25 26 27 28 29 30",TRUE
1561,3," (-0.005,0.005)",-0.005,0.005,"  1 2 4 5 6 7 8 9 10 11 12 13 14 15 16 17 18 19 20 23 24 25 26 27 28 29 30",TRUE
1562,10," (-0.001,0.001)",-0.001,0.001,"  1 2 4 5 8 11 12 13 16 30",TRUE
1563,8," (0,0)",0,0,"  1 2 4 5 8 11 16 30",TRUE
1564,13," (-0.001,0.001)",-0.001,0.001,"  1 2 3 4 5 8 11 12 13 14 16 29 30",TRUE
1565,12," (0,0)",0,0,"  1 2 3 4 5 8 11 12 13 14 16 30",TRUE
1566,11," (0,0)",0,0,"  1 2 3 4 5 8 11 12 13 16 30",TRUE
1567,9," (0,0)",0,0,"  1 2 3 4 5 8 11 16 30",TRUE
1568,4," (-0.001,0.001)",-0.001,0.001,"  1 2 3 4 5 8 9 10 11 12 13 14 15 16 17 18 19 20 21 24 25 26 27 28 29 30",TRUE
1569,13," (0,0)",0,0,"  1 2 3 4 5 8 11 12 13 14 16 21 30",TRUE
1570,12," (0,0)",0,0,"  1 2 3 4 5 8 11 12 13 16 21 30",TRUE
1571,11," (-0.001,0.001)",-0.001,0.001,"  1 2 3 4 5 8 11 12 16 21 30",TRUE
1572,10," (0,0)",0,0,"  1 2 3 4 5 8 11 16 21 30",TRUE
1573,3," (0,0)",0,0,"  1 2 3 4 5 8 9 10 11 12 13 14 15 16 17 18 19 20 21 22 24 25 26 27 28 29 30",TRUE
1574,5," (0,0)",0,0,"  1 2 3 4 5 8 10 11 12 13 14 16 17 18 19 20 21 22 24 25 26 27 28 29 30",TRUE
1575,14," (0,0)",0,0,"  1 2 3 4 5 8 11 12 13 14 16 21 22 30",TRUE
1576,11," (0,0)",0,0,"  1 2 3 4 5 8 11 16 21 22 30",TRUE
1577,3," (0,0)",0,0,"  1 2 3 4 5 8 9 10 11 12 13 14 16 17 18 19 20 21 22 23 24 25 26 27 28 29 30",TRUE
1578,4," (0,0)",0,0,"  1 2 3 4 5 8 10 11 12 13 14 16 17 18 19 20 21 22 23 24 25 26 27 28 29 30",TRUE
1579,5," (-0.001,0.001)",-0.001,0.001,"  1 2 3 4 5 8 11 12 13 14 16 17 18 19 20 21 22 23 24 25 26 27 28 29 30",TRUE
1580,7," (-0.002,0.002)",-0.002,0.002,"  1 2 3 4 5 8 11 12 13 14 16 19 20 21 22 23 24 25 26 27 28 29 30",TRUE
1581,4," (0,0)",0,0,"  1 2 3 4 5 6 8 11 12 13 14 16 17 18 19 20 21 22 23 24 25 26 27 28 29 30",TRUE
1582,5," (0,0)",0,0,"  1 2 3 4 5 6 7 8 11 12 13 14 16 19 20 21 22 23 24 25 26 27 28 29 30",TRUE
1583,11," (-0.001,0.001)",-0.001,0.001,"  1 2 3 4 5 6 7 8 11 12 13 14 15 16 21 22 23 29 30",TRUE
1584,15," (0,0)",0,0,"  1 2 3 4 5 6 7 8 11 15 16 21 22 23 30",TRUE
1585,7," (-0.001,0.001)",-0.001,0.001,"  1 2 3 4 5 6 7 8 9 11 12 13 14 15 16 20 21 22 23 24 28 29 30",TRUE
1586,10," (0,0)",0,0,"  1 2 3 4 5 6 7 8 9 11 12 13 14 15 16 21 22 23 29 30",TRUE
1587,11," (0,0)",0,0,"  1 2 3 4 5 6 7 8 9 11 12 13 14 15 16 21 22 23 30",TRUE
1588,14," (0,0)",0,0,"  1 2 3 4 5 6 7 8 9 11 15 16 21 22 23 30",TRUE
1589,9," (0,0)",0,0,"  1 2 3 4 5 6 7 8 9 10 11 12 13 14 15 16 21 22 23 29 30",TRUE
1590,10," (0,0)",0,0,"  1 2 3 4 5 6 7 8 9 10 11 12 13 14 15 16 21 22 23 30",TRUE
1591,15," (0,0)",0,0,"  1 2 3 4 5 6 7 9 10 15 16 17 21 22 23",TRUE
1592,6," (0,0)",0,0,"  1 2 3 4 5 6 7 8 9 10 11 12 13 14 15 16 17 18 21 22 23 24 29 30",TRUE
1593,11," (0,0)",0,0,"  1 2 3 4 5 6 7 8 9 10 11 15 16 17 18 21 22 23 30",TRUE
1594,14," (0,0)",0,0,"  1 2 3 4 5 6 7 9 10 15 17 18 19 21 22 23",TRUE
1595,9," (0,0)",0,0,"  1 2 3 4 5 6 7 8 9 10 11 15 16 17 18 19 21 22 23 25 30",TRUE
1596,6," (0,0)",0,0,"  1 2 3 4 5 6 7 8 9 10 11 12 13 15 16 17 18 19 21 22 23 25 27 30",TRUE
1597,5," (0,0)",0,0,"  1 2 3 4 5 6 7 9 10 14 15 16 17 18 19 20 21 22 23 24 25 26 27 28 29",TRUE
1598,6," (0,0)",0,0,"  1 2 3 4 5 6 7 9 10 14 15 17 18 19 20 21 22 23 24 25 26 27 28 29",TRUE
1599,4," (0,0)",0,0,"  1 2 3 4 5 6 7 9 10 13 14 15 16 17 18 19 20 21 22 23 24 25 26 27 28 29",TRUE
1600,5," (0,0)",0,0,"  1 2 3 4 5 6 7 9 10 13 14 15 17 18 19 20 21 22 23 24 25 26 27 28 29",TRUE
1601,4," (-0.001,0.001)",-0.001,0.001,"  1 2 3 4 5 6 7 9 10 12 13 14 15 17 18 19 20 21 22 23 24 25 26 27 28 29",TRUE
1602,12," (-0.001,0.001)",-0.001,0.001,"  1 2 3 4 5 11 12 13 14 16 29 30",TRUE
1603,9," (0,0)",0,0,"  1 2 3 4 5 11 12 13 14 16 20 21 22 23 24 25 26 27 28 29 30",TRUE
1604,6," (-0.001,0.001)",-0.001,0.001,"  1 2 3 4 5 10 11 12 13 14 16 18 19 20 21 22 23 24 25 26 27 28 29 30",TRUE
1605,2," (-0.002,0.002)",-0.002,0.002,"  1 2 3 4 5 6 7 9 10 11 12 13 14 15 16 18 19 20 21 22 23 24 25 26 27 28 29 30",TRUE
1606,5," (-0.003,0.003)",-0.003,0.003,"  1 2 3 4 5 6 9 10 11 12 13 14 16 19 20 21 22 23 24 25 26 27 28 29 30",TRUE
1607,10," (0,0)",0,0,"  1 2 3 4 5 6 8 9 10 11 12 13 14 16 17 21 22 23 29 30",TRUE
1608,12," (0,0)",0,0,"  1 2 3 4 5 6 8 9 10 11 12 13 16 17 21 22 23 30",TRUE
1609,15," (0,0)",0,0,"  1 2 3 4 5 6 8 9 10 16 17 21 22 23 30",TRUE
1610,12," (0,0)",0,0,"  1 2 4 5 6 8 9 10 17 21 22 23",TRUE
1611,14," (0,0)",0,0,"  1 2 3 4 5 6 7 8 9 10 15 17 21 22 23 30",TRUE
1612,11," (0,0)",0,0,"  1 6 7 8 9 10 15 17 21 22 23",TRUE
1613,14," (0,0)",0,0,"  1 2 3 4 5 6 7 8 9 10 15 17 18 21 22 23",TRUE
1614,3," (0,0)",0,0,"  1 2 4 5 6 7 8 9 10 11 12 13 14 15 17 18 19 20 21 22 23 24 25 26 27 28 29",TRUE
1615,5," (0,0)",0,0,"  1 2 6 7 8 9 10 11 12 13 14 15 17 18 19 20 21 22 23 24 25 26 27 28 29",TRUE
1616,4," (0,0)",0,0,"  1 2 6 7 8 9 10 11 12 13 14 15 16 17 18 19 20 21 22 23 24 25 26 27 28 29",TRUE
1617,8," (0,0)",0,0,"  1 2 3 4 5 6 9 10 14 15 17 18 19 20 23 24 25 26 27 28 29 30",TRUE
1618,11," (0,0)",0,0,"  1 2 3 4 5 6 8 9 10 14 17",TRUE
1619,5," (-0.003,0.003)",-0.003,0.003,"  1 2 3 4 8",TRUE
1620,8," (0,0)",0,0,"  1 2 3 4 5 6 7 8 9 10 14 15 17 18 19 20 24 26 27 28 29 30",TRUE
1621,3," (-0.001,0.001)",-0.001,0.001,"  1 2 3 4 5 6 7 8 9 10 12 13 14 15 17 18 19 20 22 23 24 25 26 27 28 29 30",TRUE
1622,5," (0,0)",0,0,"  1 7 8 12 13",TRUE
1623,5," (0,0)",0,0,"  1 2 3 4 5 6 7 8 9 10 11 12 13 14 15 17 18 19 20 24 26 27 28 29 30",TRUE
1624,13," (-0.001,0.001)",-0.001,0.001,"  1 2 3 4 5 6 7 8 9 10 11 12 13 14 15 17 30",TRUE
1625,8," (0,0)",0,0,"  1 2 7 8 11 12 13 16",TRUE
1626,14," (0,0)",0,0,"  1 2 3 4 5 6 7 8 11 12 13 14 16 17 21 22",TRUE
1627,12," (0,0)",0,0,"  1 2 3 4 5 6 7 8 11 12 13 14 16 21 22 23 25 27",TRUE
1628,10," (-0.002,0.002)",-0.002,0.002,"  1 2 3 4 5 6 7 8 11 12 13 16 20 21 22 23 25 26 27 28",TRUE
1629,7," (-0.002,0.002)",-0.002,0.002,"  1 2 3 4 5 7 8 11 12 13 16 18 19 20 21 22 23 24 25 26 27 28 29",TRUE
1630,3," (-0.003,0.003)",-0.003,0.003,"  1 2 3 4 5 6 7 8 9 11 12 13 15 16 18 19 20 21 22 23 24 25 26 27 28 29 30",TRUE
1631,6," (-0.002,0.002)",-0.002,0.002,"  1 2 7 8 9 10 11 12 13 15 16 18 19 20 21 22 23 24 25 26 27 28 29 30",TRUE
1632,3," (-0.001,0.001)",-0.001,0.001,"  1 2 3 4 7 8 9 10 11 12 13 15 16 17 18 19 20 21 22 23 24 25 26 27 28 29 30",TRUE
1633,3," (-0.002,0.002)",-0.002,0.002,"  1 2 3 7 8 9 10 11 12 13 14 15 16 17 18 19 20 21 22 23 24 25 26 27 28 29 30",TRUE
1634,7," (0,0)",0,0,"  1 7 8 9 10 11 12 13 14 15 16 17 20 21 22 23 24 25 26 27 28 29 30",TRUE
1635,7," (-0.001,0.001)",-0.001,0.001,"  1 2 15 16 21 22 23",TRUE
1636,3," (-0.002,0.002)",-0.002,0.002,"  1 2 5 6 7 8 9 10 11 12 13 14 15 16 17 19 20 21 22 23 24 25 26 27 28 29 30",TRUE
1637,15," (-0.001,0.001)",-0.001,0.001,"  1 2 5 6 12 13 14 15 16 21 22 23 25 27 30",TRUE
1638,8," (0,0)",0,0,"  1 2 5 6 16 21 22 23",TRUE
1639,7," (0,0)",0,0,"  1 2 5 6 21 22 23",TRUE
1640,7," (-0.001,0.001)",-0.001,0.001,"  1 2 3 4 5 6 12 13 14 15 16 18 20 21 22 23 24 25 26 27 28 29 30",TRUE
1641,11," (0,0)",0,0,"  1 2 3 4 5 6 12 13 14 15 16 18 19 21 22 23 25 27 30",TRUE
1642,5," (0,0)",0,0,"  1 2 3 4 5 6 10 12 13 14 15 16 18 19 20 21 22 23 24 25 26 27 28 29 30",TRUE
1643,5," (0,0)",0,0,"  1 2 3 4 5 6 9 10 12 13 14 15 16 18 19 20 21 22 23 24 25 26 27 28 30",TRUE
1644,9," (-0.001,0.001)",-0.001,0.001,"  1 2 3 4 5 6 9 10 12 13 14 15 16 17 18 19 21 22 23 25 30",TRUE
1645,13," (-0.001,0.001)",-0.001,0.001,"  1 2 3 4 5 6 9 10 15 16 17 18 19 21 22 23 30",TRUE
1646,3," (0,0)",0,0,"  1 2 3 4 5 6 7 9 10 12 13 14 15 16 17 18 19 20 21 22 23 24 25 26 27 28 30",TRUE
1647,15," (-0.001,0.001)",-0.001,0.001,"  1 2 3 4 5 6 7 8 9 10 17 18 19 22 23",TRUE
1648,15," (0,0)",0,0,"  1 2 3 4 5 6 7 8 9 10 11 17 18 19 29",TRUE
1649,7," (-0.003,0.003)",-0.003,0.003,"  1 2 3 4 5 6 7 8 9 10 11 14 15 16 17 18 19 21 22 23 24 29 30",TRUE
1650,4," (-0.002,0.002)",-0.002,0.002,"  1 2 3 4 5 6 7 8 9 10 11 13 14 15 16 17 18 19 20 21 22 23 24 28 29 30",TRUE
1651,5," (-0.001,0.001)",-0.001,0.001,"  1 2 3 4 5 6 7 8 9 10 11 15 16 17 18 19 20 21 22 23 24 26 28 29 30",TRUE
1652,5," (0,0)",0,0,"  1 2 3 4 5 6 7 8 9 10 11 16 17 18 19 20 21 22 23 24 25 26 27 28 29",TRUE
1653,3," (-0.001,0.001)",-0.001,0.001,"  1 2 3 4 5 6 7 8 9 10 11 12 13 16 17 18 19 20 21 22 23 24 25 26 27 28 29",TRUE
1654,6," (-0.001,0.001)",-0.001,0.001,"  1 2 3 4 5 6 7 8 9 10 11 12 13 17 18 19 20 23 24 25 26 27 28 29",TRUE
1655,11," (-0.001,0.001)",-0.001,0.001,"  1 7 8 9 10 12 13 14 15 18 19",TRUE
1656,4," (-0.002,0.002)",-0.002,0.002,"  1 8 11 30",TRUE
1657,7," (-0.001,0.001)",-0.001,0.001,"  1 3 7 8 9 10 11 12 13 14 15 16 17 18 19 20 24 25 26 27 28 29 30",TRUE
1658,12," (-0.001,0.001)",-0.001,0.001,"  1 3 4 7 8 9 10 11 12 13 14 15 16 17 18 19 25 30",TRUE
1659,15," (-0.001,0.001)",-0.001,0.001,"  1 3 4 5 7 8 11 12 13 14 15 16 18 19 30",TRUE
1660,13," (-0.001,0.001)",-0.001,0.001,"  1 2 3 4 5 7 8 11 13 14 15 16 30",TRUE
1661,11," (0,0)",0,0,"  1 2 3 4 5 7 8 11 15 16 30",TRUE
1662,8," (0,0)",0,0,"  1 2 3 4 5 11 16 30",TRUE
1663,14," (-0.001,0.001)",-0.001,0.001,"  1 2 3 4 5 6 7 8 11 12 13 14 15 16 18 30",TRUE
1664,13," (-0.001,0.001)",-0.001,0.001,"  1 2 3 4 5 6 8 11 16 21 22 23 30",TRUE
1665,7," (-0.001,0.001)",-0.001,0.001,"  1 2 3 4 5 6 7 8 10 11 12 13 14 15 16 18 19 21 22 23 24 29 30",TRUE
1666,8," (0,0)",0,0,"  1 2 3 4 5 6 7 8 11 12 13 14 15 16 18 19 21 22 23 24 29 30",TRUE
1667,3," (-0.003,0.003)",-0.003,0.003,"  1 2 3 4 5 6 7 8 10 11 12 13 14 15 16 18 19 20 21 22 23 24 26 27 28 29 30",TRUE
1668,5," (0,0)",0,0,"  1 2 3 4 5 6 7 8 11 12 13 14 15 16 18 20 21 22 23 24 26 27 28 29 30",TRUE
1669,7," (0,0)",0,0,"  1 2 6 7 8 9 10 11 12 13 14 15 16 17 18 19 20 24 26 27 28 29 30",TRUE
1670,3," (-0.004,0.004)",-0.004,0.004,"  1 2 5 6 7 8 9 10 11 12 13 14 15 16 17 18 19 20 22 23 24 25 26 27 28 29 30",TRUE
1671,12," (0,0)",0,0,"  1 2 4 5 6 7 8 9 10 11 12 13 14 15 16 17 19 30",TRUE
1672,11," (-0.001,0.001)",-0.001,0.001,"  1 2 3 4 5 6 7 8 11 14 15 16 17 21 22 23 25 27 30",TRUE
1673,14," (0,0)",0,0,"  1 2 3 4 5 16 20 21 22 23 25 26 27 28",TRUE
1674,2," (-0.002,0.002)",-0.002,0.002,"  1 2 3 4 5 6 7 8 9 10 11 12 13 14 15 16 17 19 20 21 22 23 24 25 26 27 28 30",TRUE
1675,13," (-0.002,0.002)",-0.002,0.002,"  1 2 3 4 5 15 16 20 21 22 23 24 25 26 27 28 30",TRUE
1676,8," (0,0)",0,0,"  1 2 3 4 5 7 8 11 14 15 16 20 21 22 23 24 25 26 27 28 29 30",TRUE
1677,2," (-0.004,0.004)",-0.004,0.004,"  1 2 3 4 5 6 7 8 9 10 11 12 14 15 16 17 18 20 21 22 23 24 25 26 27 28 29 30",TRUE
1678,7," (0,0)",0,0,"  1 2 3 4 5 7 8 11 15 16 18 19 20 21 22 23 24 25 26 27 28 29 30",TRUE
1679,5," (0,0)",0,0,"  1 2 3 4 5 7 8 11 13 14 15 16 18 19 20 21 22 23 24 25 26 27 28 29 30",TRUE
1680,7," (-0.001,0.001)",-0.001,0.001,"  1 2 3 4 5 11 12 13 15 16 18 19 20 21 22 23 24 25 26 27 28 29 30",TRUE
1681,6," (0,0)",0,0,"  1 2 3 4 5 9 10 12 13 15 16 18 19 20 21 22 23 24 25 26 27 28 29 30",TRUE
1682,2," (-0.001,0.001)",-0.001,0.001,"  1 2 3 4 5 6 8 9 10 11 12 13 15 16 17 18 19 20 21 22 23 24 25 26 27 28 29 30",TRUE
1683,10," (0,0)",0,0,"  1 2 3 4 5 7 8 11 17 30",TRUE
1684,7," (0,0)",0,0,"  1 2 3 4 5 7 8",TRUE
1685,6," (-0.001,0.001)",-0.001,0.001,"  1 2 4 5 16 19",TRUE
1686,14," (0,0)",0,0,"  1 2 3 4 5 7 8 11 15 16 17 18 19 30",TRUE
1687,6," (0,0)",0,0,"  1 2 5 16 18 19",TRUE
1688,8," (0,0)",0,0,"  1 2 16 18 19 21 22 23",TRUE
1689,11," (-0.001,0.001)",-0.001,0.001,"  1 2 3 4 5 6 7 8 11 15 16 17 18 19 21 22 23 25 30",TRUE
1690,13," (0,0)",0,0,"  1 2 4 5 6 9 10 16 18 19 21 22 23",TRUE
1691,12," (0,0)",0,0,"  1 2 3 4 5 6 7 8 9 10 12 16 17 18 19 21 22 23",TRUE
1692,8," (-0.001,0.001)",-0.001,0.001,"  1 2 3 4 5 6 7 8 9 10 11 12 13 14 16 17 18 19 21 22 23 29",TRUE
1693,11," (0,0)",0,0,"  1 2 3 4 5 6 8 9 10 12 13 14 16 18 19 21 22 23 29",TRUE
1694,8," (0,0)",0,0,"  1 2 3 4 5 6 7 8 9 10 12 13 14 16 17 18 19 21 22 23 24 29",TRUE
1695,3," (0,0)",0,0,"  1 2 3 4 5 6 7 8 9 10 11 12 13 14 16 17 18 19 20 21 22 23 24 26 27 28 29",TRUE
1696,6," (-0.001,0.001)",-0.001,0.001,"  1 2 3 4 5 6 9 10 12 13 14 16 18 19 20 21 22 23 24 25 26 27 28 29",TRUE
1697,3," (-0.001,0.001)",-0.001,0.001,"  1 2 3 4 5 6 7 8 9 10 12 13 14 15 16 18 19 20 21 22 23 24 25 26 27 28 29",TRUE
1698,4," (0,0)",0,0,"  1 2 3 4 5 6 9 10 12 13 14 15 16 18 19 20 21 22 23 24 25 26 27 28 29 30",TRUE
1699,6," (-0.001,0.001)",-0.001,0.001,"  1 2 6 9 10 11 12 13 14 15 16 18 19 20 21 22 23 24 25 26 27 28 29 30",TRUE
1700,7," (-0.001,0.001)",-0.001,0.001,"  1 7 8 9 10 15 17",TRUE
1701,14," (0,0)",0,0,"  1 2 3 4 5 6 7 8 9 10 13 14 15 17 22 23",TRUE
1702,14," (0,0)",0,0,"  1 2 3 4 5 6 7 8 9 10 13 14 15 17",TRUE
1703,4," (-0.001,0.001)",-0.001,0.001,"  1 9 10 13",TRUE
1704,2," (0,0)",0,0,"  1 13",TRUE
1705,14," (0,0)",0,0,"  1 2 3 4 5 6 7 8 9 10 12 13 14 15 17 23",TRUE
1706,15," (0,0)",0,0,"  1 2 3 4 5 6 7 8 9 10 12 13 14 15 17",TRUE
1707,13," (0,0)",0,0,"  1 2 3 4 5 6 7 8 9 10 12 13 14 15 17 23 29",TRUE
1708,14," (0,0)",0,0,"  1 2 3 4 5 6 7 8 9 10 12 13 14 15 17 29",TRUE
1709,14," (0,0)",0,0,"  1 2 4 5 7 8 9 10 12 13 14 15 17 29",TRUE
1710,14," (0,0)",0,0,"  1 9 10 12 13 17 19 20 24 25 26 27 28 29",TRUE
1711,4," (-0.001,0.001)",-0.001,0.001,"  1 2 5 7 8 9 10 11 12 13 14 15 16 17 18 19 20 21 22 24 25 26 27 28 29 30",TRUE
1712,5," (-0.001,0.001)",-0.001,0.001,"  1 2 7 8 9 10 11 12 13 14 15 16 17 18 19 20 21 22 24 25 26 27 28 29 30",TRUE
1713,8," (0,0)",0,0,"  1 9 10 11 12 13 15 16 17 18 19 20 21 22 23 24 25 26 27 28 29 30",TRUE
1714,5," (-0.001,0.001)",-0.001,0.001,"  1 3 6 7 9 10 11 12 13 15 16 17 18 19 20 21 22 23 24 25 26 27 28 29 30",TRUE
1715,3," (-0.003,0.003)",-0.003,0.003,"  1 3 4 6 7 8 9 10 11 12 13 15 16 17 18 19 20 21 22 23 24 25 26 27 28 29 30",TRUE
1716,5," (0,0)",0,0,"  1 3 4 5 6 9 10 11 12 13 16 17 18 19 20 21 22 23 24 25 26 27 28 29 30",TRUE
1717,5," (0,0)",0,0,"  1 2 3 4 5 6 9 10 11 12 13 16 18 19 20 21 22 23 24 25 26 27 28 29 30",TRUE
1718,6," (0,0)",0,0,"  1 2 3 4 5 6 11 12 13 14 16 18 19 20 21 22 23 24 25 26 27 28 29 30",TRUE
1719,4," (0,0)",0,0,"  1 2 3 4 5 6 8 10 11 12 13 14 16 18 19 20 21 22 23 24 25 26 27 28 29 30",TRUE
1720,10," (-0.001,0.001)",-0.001,0.001,"  1 2 3 4 5 20 25 26 27 28",TRUE
1721,7," (0,0)",0,0,"  1 2 3 4 5 6 13",TRUE
1722,13," (0,0)",0,0,"  1 2 3 4 5 6 11 12 13 14 20 24 25 26 27 28 29",TRUE
1723,8," (-0.001,0.001)",-0.001,0.001,"  1 2 3 4 5 6 8 11 12 13 14 16 18 19 20 24 25 26 27 28 29 30",TRUE
1724,11," (0,0)",0,0,"  1 2 3 4 5 6 7 8 12 13 17",TRUE
1725,11," (0,0)",0,0,"  1 2 4 5 6 7 8 9 12 13 17",TRUE
1726,6," (-0.002,0.002)",-0.002,0.002,"  1 2 3 4 5 6 7 8 9 10 11 12 13 14 17 19 20 24 25 26 27 28 29 30",TRUE
1727,11," (0,0)",0,0,"  1 2 6 7 8 9 10 12 13 17 21",TRUE
1728,14," (0,0)",0,0,"  1 2 4 5 6 7 8 9 10 12 13 17 21 22",TRUE
1729,6," (0,0)",0,0,"  1 2 3 4 5 6 7 8 9 10 12 13 14 17 20 21 22 23 24 25 26 27 28 29",TRUE
1730,13," (-0.001,0.001)",-0.001,0.001,"  1 2 3 4 5 6 7 8 9 10 12 13 15 17 21 22 23",TRUE
1731,7," (0,0)",0,0,"  1 2 3 4 5 6 7 8 9 10 12 13 15 16 17 20 21 22 23 25 26 27 28",TRUE
1732,3," (0,0)",0,0,"  1 2 3 4 5 6 7 8 9 10 12 13 15 16 17 18 19 20 21 22 23 24 25 26 27 28 30",TRUE
1733,9," (-0.001,0.001)",-0.001,0.001,"  1 2 4 5 6 7 8 9 10 11 12 13 15 16 17 18 19 21 22 23 30",TRUE
1734,8," (-0.002,0.002)",-0.002,0.002,"  1 2 5 6 7 8 9 10 11 12 13 14 15 16 17 18 19 21 22 23 29 30",TRUE
1735,5," (0,0)",0,0,"  1 2 5 6 7 8 9 10 11 12 13 14 15 16 17 18 19 20 21 22 23 24 28 29 30",TRUE
1736,5," (-0.002,0.002)",-0.002,0.002,"  1 2 3 4 5 6 8 9 10 12 13 17 18 19 20 21 22 23 24 25 26 27 28 29 30",TRUE
1737,8," (0,0)",0,0,"  1 2 4 5 6 8 9 10 17 18 19 20 21 22 23 24 25 26 27 28 29 30",TRUE
1738,6," (-0.001,0.001)",-0.001,0.001,"  1 8 9 10 18 19",TRUE
1739,4," (-0.001,0.001)",-0.001,0.001,"  1 2 3 4 5 6 7 8 9 10 12 15 17 18 19 20 21 22 23 24 25 26 27 28 29 30",TRUE
1740,7," (-0.001,0.001)",-0.001,0.001,"  1 7 8 9 10 15 18",TRUE
1741,4," (-0.003,0.003)",-0.003,0.003,"  1 2 4 5 6 7 8 9 10 11 15 16 17 18 19 20 21 22 23 24 25 26 27 28 29 30",TRUE
1742,8," (0,0)",0,0,"  1 7 8 9 10 11 15 16 17 18 19 20 21 22 23 24 25 26 27 28 29 30",TRUE
1743,7," (0,0)",0,0,"  1 7 8 9 11 15 16",TRUE
1744,3," (-0.005,0.005)",-0.005,0.005,"  1 2 5 6 7 8 9 10 11 13 14 15 16 17 18 19 20 21 22 23 24 25 26 27 28 29 30",TRUE
1745,12," (-0.001,0.001)",-0.001,0.001,"  1 7 8 9 10 11 13 14 15 16 18 19 20 24 25 26 27 28",TRUE
1746,4," (-0.004,0.004)",-0.004,0.004,"  1 3 4 7 8 9 10 11 12 13 14 15 16 17 18 19 20 21 22 23 24 25 26 27 28 29",TRUE
1747,5," (0,0)",0,0,"  1 3 4 5 7 8 9 10 11 12 13 14 15 16 18 19 20 22 23 24 25 26 27 28 29",TRUE
1748,6," (-0.004,0.004)",-0.004,0.004,"  1 2 3 4 5 7 8 9 10 11 12 13 14 15 16 18 19 20 24 25 26 27 28 29",TRUE
1749,5," (-0.001,0.001)",-0.001,0.001,"  1 2 4 5 8 9 10 11 12 13 14 16 17 18 19 20 21 22 23 24 25 26 27 28 29",TRUE
1750,12," (-0.001,0.001)",-0.001,0.001,"  1 2 4 5 9 10 17 21 22 23 25 27",TRUE
1751,8," (0,0)",0,0,"  1 2 3 4 5 9 10 12 14 17 18 19 20 21 22 23 24 25 26 27 28 29",TRUE
1752,9," (-0.001,0.001)",-0.001,0.001,"  1 2 3 4 5 6 9 10 17 19 20 21 22 23 24 25 26 27 28 29 30",TRUE
1753,6," (0,0)",0,0,"  1 2 3 4 5 6 9 10 14 15 17 18 19 20 21 22 23 24 25 26 27 28 29 30",TRUE
1754,4," (-0.001,0.001)",-0.001,0.001,"  1 2 3 4 5 6 7 8 9 10 11 15 16 17 19 20 21 22 23 24 25 26 27 28 29 30",TRUE
1755,14," (-0.001,0.001)",-0.001,0.001,"  1 2 3 4 5 6 7 8 9 10 11 13 15 16 17 30",TRUE
1756,6," (0,0)",0,0,"  1 2 3 4 5 6 7 8 9 10 11 12 13 15 16 17 21 22 23 25 26 27 28 30",TRUE
1757,14," (-0.001,0.001)",-0.001,0.001,"  1 2 3 4 5 6 7 8 9 10 11 12 13 15 16 30",TRUE
1758,6," (-0.001,0.001)",-0.001,0.001,"  1 2 3 4 5 6 7 8 9 10 11 12 13 14 15 16 17 18 21 22 23 25 27 30",TRUE
1759,11," (0,0)",0,0,"  1 2 3 4 5 6 7 8 9 10 11 12 13 14 15 16 17 18 30",TRUE
1760,12," (-0.001,0.001)",-0.001,0.001,"  1 2 3 4 5 6 7 8 11 12 13 14 15 16 18 19 29 30",TRUE
1761,10," (0,0)",0,0,"  1 2 3 4 5 6 7 8 10 11 12 13 14 15 16 18 19 24 29 30",TRUE
1762,2," (-0.001,0.001)",-0.001,0.001,"  1 2 3 4 5 6 7 8 9 10 11 12 13 14 15 16 17 18 19 20 22 23 24 26 27 28 29 30",TRUE
1763,5," (0,0)",0,0,"  1 6 7 8 9 10 11 12 13 14 15 16 17 18 19 20 22 23 24 25 26 27 28 29 30",TRUE
1764,7," (-0.001,0.001)",-0.001,0.001,"  1 2 4 5 6 29 30",TRUE
1765,3," (0,0)",0,0,"  1 2 3 4 5 6 7 8 9 10 12 13 14 15 17 18 19 20 21 22 24 25 26 27 28 29 30",TRUE
1766,11," (0,0)",0,0,"  1 2 3 4 5 6 21 22 23 29 30",TRUE
1767,10," (-0.001,0.001)",-0.001,0.001,"  1 2 3 4 5 6 11 16 19 20 21 22 23 24 25 26 27 28 29 30",TRUE
1768,7," (0,0)",0,0,"  1 2 3 4 5 6 11 12 13 14 16 19 20 21 22 23 24 25 26 27 28 29 30",TRUE
1769,14," (-0.001,0.001)",-0.001,0.001,"  1 2 3 4 5 6 8 11 12 13 14 16 21 22 23 30",TRUE
1770,15," (0,0)",0,0,"  1 2 3 4 5 7 8 11 12 13 14 16 21 22 23",TRUE
1771,3," (-0.002,0.002)",-0.002,0.002,"  1 2 3 4 5 6 7 8 11 12 13 14 15 16 17 19 20 21 22 23 24 25 26 27 28 29 30",TRUE
1772,4," (0,0)",0,0,"  1 2 3 4 5 6 7 8 9 10 11 12 13 14 15 16 17 20 21 22 23 24 26 28 29 30",TRUE
1773,8," (-0.001,0.001)",-0.001,0.001,"  1 2 3 4 5 7 8 9 10 11 12 13 14 15 16 17 18 19 21 22 23 30",TRUE
1774,4," (0,0)",0,0,"  1 2 3 4 5 7 8 9 10 11 12 13 14 15 16 17 18 19 20 21 22 23 25 26 27 28",TRUE
1775,2," (-0.002,0.002)",-0.002,0.002,"  1 2 3 4 5 7 8 9 10 11 12 13 14 15 16 17 18 19 20 21 22 23 24 25 26 27 28 30",TRUE
1776,11," (-0.001,0.001)",-0.001,0.001,"  1 2 3 4 5 6 8 9 10 11 12 13 14 17 18 19 25 27 30",TRUE
1777,14," (0,0)",0,0,"  1 2 3 4 5 6 8 9 10 11 12 13 14 17 19 30",TRUE
1778,7," (-0.001,0.001)",-0.001,0.001,"  1 2 3 4 5 6 7 8 9 10 11 12 13 14 15 16 17 18 19 22 23 25 30",TRUE
1779,13," (-0.001,0.001)",-0.001,0.001,"  1 2 3 4 5 6 7 8 12 13 14 15 16 21 22 23 30",TRUE
1780,6," (-0.001,0.001)",-0.001,0.001,"  1 2 3 4 5 6 7 8 9 11 12 13 14 15 16 17 20 21 22 23 24 28 29 30",TRUE
1781,9," (0,0)",0,0,"  1 2 3 4 5 7 8 12 15 16 18 20 21 22 23 24 25 26 27 28 29",TRUE
1782,5," (-0.001,0.001)",-0.001,0.001,"  1 2 3 4 5 6 7 8 12 13 14 15 16 18 19 20 21 22 23 24 25 26 27 28 29",TRUE
1783,4," (-0.001,0.001)",-0.001,0.001,"  1 2 3 4 5 6 7 8 9 10 12 13 15 16 18 19 20 21 22 23 24 25 26 27 28 29",TRUE
1784,4," (0,0)",0,0,"  1 2 3 4 5 7 8 9 10 11 12 15 16 17 18 19 20 21 22 23 24 25 26 27 28 29",TRUE
1785,5," (0,0)",0,0,"  1 2 6 7 8 9 10 11 14 15 16 17 18 19 20 21 22 23 24 25 26 27 28 29 30",TRUE
1786,12," (0,0)",0,0,"  1 2 3 4 5 6 7 8 9 11 12 13 14 15 16 17 29 30",TRUE
1787,5," (-0.002,0.002)",-0.002,0.002,"  1 2 3 4 5 6 7 8 9 10 11 12 13 14 15 16 17 18 20 24 26 27 28 29 30",TRUE
1788,6," (0,0)",0,0,"  1 2 9 10 17 18",TRUE
1789,10," (-0.001,0.001)",-0.001,0.001,"  1 2 3 4 5 6 7 8 9 10 11 12 13 14 15 17 18 19 23 30",TRUE
1790,14," (-0.001,0.001)",-0.001,0.001,"  1 2 3 4 5 6 9 10 17 18 19 21 22 23",TRUE
1791,9," (0,0)",0,0,"  1 2 3 4 5 6 7 8 9 10 11 12 13 14 17 18 19 21 22 23 25",TRUE
1792,11," (0,0)",0,0,"  1 2 3 4 5 6 9 10 11 12 13 14 17 18 19 21 22 23 25",TRUE
1793,10," (0,0)",0,0,"  1 9 10 17 18 19 21 22 23 25",TRUE
1794,14," (0,0)",0,0,"  1 2 9 10 17 18 19 20 21 22 23 24 25 26 27 28",TRUE
1795,10," (0,0)",0,0,"  1 2 5 9 10 16 17 18 19 20 21 22 23 24 25 26 27 28 29 30",TRUE
1796,3," (0,0)",0,0,"  1 2 3 4 5 6 7 9 10 12 13 15 16 17 18 19 20 21 22 23 24 25 26 27 28 29 30",TRUE
1797,6," (0,0)",0,0,"  1 2 4 5 7 8 9 10 15 16 17 18 19 20 21 22 23 24 25 26 27 28 29 30",TRUE
1798,10," (-0.001,0.001)",-0.001,0.001,"  1 2 9 10 15 16 17 18 19 20 21 22 23 24 25 26 27 28 29 30",TRUE
1799,9," (-0.001,0.001)",-0.001,0.001,"  1 2 9 10 16 17 21 22 23",TRUE
1800,7," (0,0)",0,0,"  1 2 9 10 16 17 21",TRUE
1801,6," (-0.001,0.001)",-0.001,0.001,"  1 2 5 9 16 17",TRUE
1802,5," (0,0)",0,0,"  1 2 5 16 17",TRUE
1803,14," (-0.001,0.001)",-0.001,0.001,"  1 2 3 4 5 6 7 8 9 10 16 17 21 22 23 29",TRUE
1804,5," (-0.001,0.001)",-0.001,0.001,"  1 2 3 4 5 6 7 8 9 10 11 12 13 16 17 20 21 22 23 24 25 26 27 28 29",TRUE
1805,8," (-0.001,0.001)",-0.001,0.001,"  1 2 3 4 5 6 7 8 9 10 11 12 13 14 15 16 17 19 21 22 23 30",TRUE
1806,7," (0,0)",0,0,"  1 2 3 4 5 6 7 8 9 10 11 12 13 14 15 16 17 18 19 21 25 27 30",TRUE
1807,12," (0,0)",0,0,"  1 2 3 4 5 6 7 8 11 12 13 14 15 18 19 25 27 30",TRUE
1808,10," (-0.002,0.002)",-0.002,0.002,"  1 2 3 4 5 6 12 13 14 29",TRUE
1809,5," (0,0)",0,0,"  1 2 5 11 30",TRUE
1810,9," (0,0)",0,0,"  1 2 3 4 5 6 8 11 12 13 14 18 19 20 24 25 26 27 28 29 30",TRUE
1811,12," (0,0)",0,0,"  1 2 3 4 5 6 7 8 11 13 14 30",TRUE
1812,14," (0,0)",0,0,"  1 2 3 4 5 6 7 8 11 12 13 14 15 24 29 30",TRUE
1813,9," (-0.001,0.001)",-0.001,0.001,"  1 2 5 7 8 11 15 16 30",TRUE
1814,3," (-0.008,0.008)",-0.008,0.008,"  1 2 3 4 5 6 7 8 10 11 12 13 14 15 16 18 19 20 21 22 24 25 26 27 28 29 30",TRUE
1815,12," (0,0)",0,0,"  1 2 3 4 5 6 7 8 11 13 14 15 16 17 21 22 23 30",TRUE
1816,8," (0,0)",0,0,"  1 2 3 4 5 6 7 8 9 11 12 13 14 15 16 17 21 22 23 24 29 30",TRUE
1817,11," (0,0)",0,0,"  1 2 3 4 5 6 7 8 9 11 13 14 15 16 17 21 22 23 30",TRUE
1818,11," (0,0)",0,0,"  1 2 3 4 5 6 7 8 9 10 11 14 15 16 17 21 22 23 30",TRUE
1819,14," (0,0)",0,0,"  1 2 4 5 7 8 9 10 11 15 16 17 21 22 23 30",TRUE
1820,9," (0,0)",0,0,"  1 2 3 4 5 6 7 8 9 10 11 13 14 15 16 17 19 21 22 23 30",TRUE
1821,9," (0,0)",0,0,"  1 2 3 4 5 6 7 8 9 10 11 14 15 16 17 18 19 21 22 23 30",TRUE
1822,7," (0,0)",0,0,"  1 2 3 4 5 6 7 8 9 10 11 13 14 15 16 17 18 19 21 22 23 25 30",TRUE
1823,10," (0,0)",0,0,"  1 2 4 5 7 8 9 10 11 15 16 17 18 19 21 22 23 25 27 30",TRUE
1824,6," (0,0)",0,0,"  1 2 4 5 7 8 9 10 11 15 16 17 18 19 20 21 22 23 24 25 26 27 28 30",TRUE
1825,7," (0,0)",0,0,"  1 2 5 7 8 9 10 11 15 16 17 18 19 20 21 22 23 24 25 26 27 28 30",TRUE
1826,5," (0,0)",0,0,"  1 2 5 7 8 9 10 11 12 15 16 17 18 19 20 21 22 23 24 25 26 27 28 29 30",TRUE
1827,6," (0,0)",0,0,"  1 2 7 8 9 10 11 12 15 16 17 18 19 20 21 22 23 24 25 26 27 28 29 30",TRUE
1828,8," (0,0)",0,0,"  1 2 4 5 6 9 10 17",TRUE
1829,13," (0,0)",0,0,"  1 2 3 4 5 6 7 8 9 10 11 12 13 14 15 17 23",TRUE
1830,13," (0,0)",0,0,"  1 2 3 4 5 6 9 10 12 13 14 17 23",TRUE
1831,6," (0,0)",0,0,"  1 6 9 10 17 23",TRUE
1832,2," (-0.006,0.006)",-0.006,0.006,"  1 2 3 4 5 6 7 8 9 10 11 12 13 14 15 16 17 19 20 21 23 24 25 26 27 28 29 30",TRUE
1833,14," (0,0)",0,0,"  1 2 3 4 5 6 8 9 10 11 12 13 14 17 21 23",TRUE
1834,10," (0,0)",0,0,"  1 2 6 9 10 17 18 21 22 23",TRUE
1835,14," (-0.001,0.001)",-0.001,0.001,"  1 2 4 5 6 9 10 17 18 19 21 22 23 25",TRUE
1836,13," (-0.001,0.001)",-0.001,0.001,"  1 10 18 19 20 21 22 23 24 25 26 27 28",TRUE
1837,14," (0,0)",0,0,"  1 10 16 18 19 20 21 22 23 24 25 26 27 28 29 30",TRUE
1838,12," (-0.001,0.001)",-0.001,0.001,"  1 9 10 15 16 18 19 20 21 22 23 24 25 26 27 28 29 30",TRUE
1839,5," (-0.001,0.001)",-0.001,0.001,"  1 9 10 17 29",TRUE
1840,8," (-0.001,0.001)",-0.001,0.001,"  1 3 6 7 9 10 12 15 16 17 18 19 20 21 22 23 24 25 26 27 28 29",TRUE
1841,4," (-0.003,0.003)",-0.003,0.003,"  1 3 4 6 7 8 9 10 11 12 13 15 16 17 18 19 20 21 22 23 24 25 26 27 28 29",TRUE
1842,5," (-0.002,0.002)",-0.002,0.002,"  1 3 4 5 6 7 9 10 12 13 15 16 17 18 19 20 21 22 23 24 25 26 27 28 29",TRUE
1843,9," (0,0)",0,0,"  1 2 3 4 5 9 10 17 29",TRUE
1844,5," (0,0)",0,0,"  1 2 3 4 5 6 7 8 9 10 14 17 18 19 20 21 22 23 24 25 26 27 28 29 30",TRUE
1845,11," (-0.001,0.001)",-0.001,0.001,"  1 2 3 4 5 8 9 10 14 17 30",TRUE
1846,13," (0,0)",0,0,"  1 2 3 4 5 8 9 10 11 14 17 29 30",TRUE
1847,15," (0,0)",0,0,"  1 2 3 4 5 8 9 10 11 12 13 14 17 29 30",TRUE
1848,7," (-0.002,0.002)",-0.002,0.002,"  1 2 3 4 5 8 9 10 11 12 13 14 16 17 19 20 24 25 26 27 28 29 30",TRUE
1849,13," (0,0)",0,0,"  1 2 3 4 5 6 7 8 9 10 11 12 13 14 15 16 30",TRUE
1850,13," (0,0)",0,0,"  1 2 3 4 5 6 7 8 9 11 12 13 14 15 16 21 30",TRUE
1851,13," (0,0)",0,0,"  1 7 8 9 10 11 15 16 17 18 19 25 30",TRUE
1852,9," (0,0)",0,0,"  1 7 8 9 10 17 18 19 30",TRUE
1853,7," (-0.001,0.001)",-0.001,0.001,"  1 9 10 17 19 23 30",TRUE
1854,4," (-0.001,0.001)",-0.001,0.001,"  1 9 17 23",TRUE
1855,13," (0,0)",0,0,"  1 7 8 9 10 15 17 18 19 21 22 23 30",TRUE
1856,12," (0,0)",0,0,"  1 7 8 9 10 17 18 19 21 22 23 30",TRUE
1857,5," (-0.001,0.001)",-0.001,0.001,"  1 3 6 7 8 9 10 11 14 15 16 17 18 19 20 21 22 23 24 25 26 27 28 29 30",TRUE
1858,6," (0,0)",0,0,"  1 3 4 6 7 8 9 10 11 15 16 17 18 19 20 21 22 23 24 25 26 27 28 30",TRUE
1859,2," (-0.002,0.002)",-0.002,0.002,"  1 3 4 5 6 7 8 9 10 11 13 14 15 16 17 18 19 20 21 22 23 24 25 26 27 28 29 30",TRUE
1860,11," (0,0)",0,0,"  1 3 4 5 6 9 10 17 21 22 23",TRUE
1861,11," (-0.002,0.002)",-0.002,0.002,"  1 2 3 4 5 6 8 9 10 12 13 14 17 19 21 22 23 29 30",TRUE
1862,5," (0,0)",0,0,"  1 2 3 4 5 6 7 8 9 10 12 13 14 15 17 18 19 20 21 22 23 24 28 29 30",TRUE
1863,4," (-0.003,0.003)",-0.003,0.003,"  1 2 3 4 5 6 7 9 11 12 13 14 15 16 17 18 20 21 22 23 24 25 26 27 28 29",TRUE
1864,6," (-0.001,0.001)",-0.001,0.001,"  1 2 3 4 5 17",TRUE
1865,5," (0,0)",0,0,"  1 3 4 5 17",TRUE
1866,8," (0,0)",0,0,"  1 2 3 4 5 7 8 17",TRUE
1867,5," (-0.001,0.001)",-0.001,0.001,"  1 7 8 11 17",TRUE
1868,8," (0,0)",0,0,"  1 2 3 4 5 7 8 11 12 17 18 19 20 21 22 23 24 25 26 27 28 29",TRUE
1869,9," (0,0)",0,0,"  1 2 3 4 5 7 8 11 12 17 18 20 21 22 23 24 25 26 27 28 29",TRUE
1870,4," (0,0)",0,0,"  1 2 3 4 5 6 7 8 9 10 11 12 13 17 18 19 20 21 22 23 24 25 26 27 28 29",TRUE
1871,12," (0,0)",0,0,"  1 2 3 4 5 7 8 11 12 13 17 20 24 25 26 27 28 29",TRUE
1872,9," (0,0)",0,0,"  1 3 4 7 8 11 12 13 17",TRUE
1873,13," (-0.001,0.001)",-0.001,0.001,"  1 2 3 4 5 7 8 11 12 13 14 17 29",TRUE
1874,3," (-0.002,0.002)",-0.002,0.002,"  1 2 3 4 5 7 8 9 10 11 12 13 14 15 17 18 19 20 21 22 23 24 25 26 27 28 29",TRUE
1875,8," (0,0)",0,0,"  1 2 3 4 5 7 8 11 12 13 14 15 16 17 20 24 25 26 27 28 29 30",TRUE
1876,9," (0,0)",0,0,"  1 2 3 4 5 6 7 8 11 12 13 14 15 16 17 20 24 26 28 29 30",TRUE
1877,14," (0,0)",0,0,"  1 3 4 6 7 8 9 10 11 12 13 14 15 16 17 30",TRUE
1878,11," (0,0)",0,0,"  1 3 4 5 6 7 8 9 10 11 12 13 14 15 16 17 18 19 30",TRUE
1879,14," (0,0)",0,0,"  1 6 7 8 9 10 11 12 13 14 15 16 17 18 19 30",TRUE
1880,7," (-0.001,0.001)",-0.001,0.001,"  1 3 4 5 6 7 8 9 10 11 12 13 14 15 16 17 18 19 21 22 23 25 30",TRUE
1881,3," (-0.002,0.002)",-0.002,0.002,"  1 3 4 6 7 8 9 10 11 12 13 14 15 16 17 18 19 20 21 22 23 24 25 26 27 28 30",TRUE
1882,4," (-0.002,0.002)",-0.002,0.002,"  1 3 6 7 8 9 10 11 12 13 14 15 16 17 18 19 20 21 22 23 24 25 26 27 28 30",TRUE
1883,7," (-0.001,0.001)",-0.001,0.001,"  1 8 11 12 13 14 30",TRUE
1884,9," (0,0)",0,0,"  1 2 5 7 8 11 12 13 14 15 16 18 19 20 21 22 23 24 28 29 30",TRUE
1885,10," (0,0)",0,0,"  1 2 5 7 8 11 12 13 14 30",TRUE
1886,9," (-0.001,0.001)",-0.001,0.001,"  1 2 3 4 5 6 7 8 11 12 13 14 15 16 18 19 21 22 23 29 30",TRUE
1887,14," (0,0)",0,0,"  1 2 3 4 5 6 7 8 9 11 12 13 14 30",TRUE
1888,10," (0,0)",0,0,"  1 2 3 4 5 6 9 10 12 13",TRUE
1889,14," (0,0)",0,0,"  1 2 3 4 5 6 8 9 10 11 12 13 14 17 25 30",TRUE
1890,14," (0,0)",0,0,"  1 2 3 4 5 6 9 10 12 13 17 20 25 26 27 28",TRUE
1891,10," (0,0)",0,0,"  1 2 3 4 5 6 9 10 11 12 13 14 17 20 24 25 26 27 28 30",TRUE
1892,11," (-0.001,0.001)",-0.001,0.001,"  1 7 8 11 12 13 14 15 16 25 30",TRUE
1893,5," (0,0)",0,0,"  1 2 4 5 7 8 11 12 13 14 15 16 18 19 20 21 22 23 24 25 26 27 28 29 30",TRUE
1894,11," (0,0)",0,0,"  1 2 3 4 5 6 7 8 11 12 13 14 15 16 25 26 27 28 30",TRUE
1895,13," (0,0)",0,0,"  1 2 3 4 5 6 7 8 9 10 11 13 14",TRUE
1896,11," (0,0)",0,0,"  1 2 3 4 5 6 7 8 9 10 11 12 13 14 15 16 17 25 30",TRUE
1897,2," (-0.004,0.004)",-0.004,0.004,"  1 2 3 4 5 6 7 8 9 10 11 12 13 14 15 16 17 19 20 22 23 24 25 26 27 28 29 30",TRUE
1898,7," (-0.001,0.001)",-0.001,0.001,"  1 7 8 9 10 18 19",TRUE
1899,4," (-0.001,0.001)",-0.001,0.001,"  1 2 5 7 8 9 10 11 12 13 14 15 16 17 18 19 20 21 22 23 24 25 26 27 28 29",TRUE
1900,9," (-0.001,0.001)",-0.001,0.001,"  1 2 4 5 7 8 9 10 12 13 14 17 18 19 20 24 25 26 27 28 29",TRUE
1901,3," (0,0)",0,0,"  1 2 3 4 5 7 8 9 10 12 13 14 15 16 17 18 19 20 21 22 23 24 25 26 27 28 29",TRUE
1902,15," (-0.001,0.001)",-0.001,0.001,"  1 2 3 4 5 6 7 8 9 10 12 13 14 18 19",TRUE
1903,10," (0,0)",0,0,"  1 2 3 4 5 6 7 8 9 10",TRUE
1904,5," (-0.001,0.001)",-0.001,0.001,"  1 2 3 4 5 6 7 8 9 10 12 13 14 17 18 19 20 21 24 25 26 27 28 29 30",TRUE
1905,12," (0,0)",0,0,"  1 2 3 4 5 6 7 8 9 10 11 12 13 14 18 19 25 30",TRUE
1906,10," (-0.001,0.001)",-0.001,0.001,"  1 2 3 4 5 6 8 11 16 30",TRUE
1907,9," (-0.001,0.001)",-0.001,0.001,"  1 2 3 4 5 6 7 8 9 10 11 12 13 14 15 16 18 19 25 27 30",TRUE
1908,2," (-0.001,0.001)",-0.001,0.001,"  1 2 3 4 5 6 7 8 9 10 11 12 13 14 15 16 18 19 20 21 22 23 24 25 26 27 28 30",TRUE
1909,13," (0,0)",0,0,"  1 2 3 4 5 6 7 8 9 11 15 16 17 21 22 23 30",TRUE
1910,10," (0,0)",0,0,"  1 2 3 4 5 6 13 21 22 23",TRUE
1911,3," (-0.002,0.002)",-0.002,0.002,"  1 2 3 4 5 6 7 11 12 13 14 15 16 17 18 19 20 21 22 23 24 25 26 27 28 29 30",TRUE
1912,5," (-0.001,0.001)",-0.001,0.001,"  1 2 3 4 5 6 7 11 12 13 14 15 16 18 19 20 21 22 23 24 25 26 27 28 29",TRUE
1913,4," (-0.002,0.002)",-0.002,0.002,"  1 2 5 7",TRUE
1914,11," (0,0)",0,0,"  1 2 3 4 5 6 7 8 11 12 13 16 18 19 21 22 23 25 29",TRUE
1915,13," (0,0)",0,0,"  1 2 3 4 5 6 7 8 11 12 13 16 18 19 21 22 23",TRUE
1916,7," (-0.002,0.002)",-0.002,0.002,"  1 2 4 5 7 8 9",TRUE
1917,4," (-0.004,0.004)",-0.004,0.004,"  1 2 3 4 5 6 7 8 9 10 11 12 13 16 17 18 19 20 21 22 23 25 26 27 28 29",TRUE
1918,14," (-0.001,0.001)",-0.001,0.001,"  1 2 3 4 5 6 7 8 9 10 14 15 17 22 23 30",TRUE
1919,14," (-0.001,0.001)",-0.001,0.001,"  1 2 3 4 5 6 7 8 9 10 14 15 17 30",TRUE
1920,8," (-0.001,0.001)",-0.001,0.001,"  1 2 3 4 5 6 7 8 9 10 11 12 13 14 15 17 18 21 22 23 24 30",TRUE
1921,4," (0,0)",0,0,"  1 2 3 4 5 6 7 8 9 10 11 12 13 14 15 17 18 20 21 22 23 24 26 27 28 30",TRUE
1922,7," (0,0)",0,0,"  1 2 3 4 5 6 7 8 9 10 13 14 15 17 20 21 22 23 24 26 27 28 30",TRUE
1923,4," (0,0)",0,0,"  1 2 3 4 5 6 7 8 9 10 11 12 13 14 15 17 20 21 22 23 24 25 26 27 28 30",TRUE
1924,6," (-0.001,0.001)",-0.001,0.001,"  1 2 3 4 5 6 7 8 9 10 13 14 15 17 20 21 22 23 24 25 26 27 28 30",TRUE
1925,6," (0,0)",0,0,"  1 2 3 4 5 6 7 8 9 10 14 15 16 17 20 22 23 24 25 26 27 28 29 30",TRUE
1926,3," (-0.001,0.001)",-0.001,0.001,"  1 2 3 4 5 6 7 8 9 10 13 14 15 16 17 19 20 21 22 23 24 25 26 27 28 29 30",TRUE
1927,4," (0,0)",0,0,"  1 2 3 4 5 6 7 8 9 10 14 15 16 17 18 19 20 22 23 24 25 26 27 28 29 30",TRUE
1928,8," (-0.001,0.001)",-0.001,0.001,"  1 2 5 7 8 9 10 11 14 15 16 17 18 19 20 24 25 26 27 28 29 30",TRUE
