"","num_reps","num_taxa","num_trees","tree_depth","total_alignment_length","uid","alisim_gene_models","alisim_gene_tree_length","sequence_type","tree_file","partition_file","output_alignment_file"
"1",1,10,1,0.01,10000,"expA1_00001_0010_001_0.01_10kbp","JC",NA,"DNA","expA1_00001_0010_001_0.01_10kbp_random_trees.phy","expA1_00001_0010_001_0.01_10kbp_partitions.nex","expA1_00001_0010_001_0.01_10kbp_output_alignment"
"2",2,10,1,0.01,10000,"expA1_00001_0010_002_0.01_10kbp","JC",NA,"DNA","expA1_00001_0010_002_0.01_10kbp_random_trees.phy","expA1_00001_0010_002_0.01_10kbp_partitions.nex","expA1_00001_0010_002_0.01_10kbp_output_alignment"
"3",3,10,1,0.01,10000,"expA1_00001_0010_003_0.01_10kbp","JC",NA,"DNA","expA1_00001_0010_003_0.01_10kbp_random_trees.phy","expA1_00001_0010_003_0.01_10kbp_partitions.nex","expA1_00001_0010_003_0.01_10kbp_output_alignment"
"4",4,10,1,0.01,10000,"expA1_00001_0010_004_0.01_10kbp","JC",NA,"DNA","expA1_00001_0010_004_0.01_10kbp_random_trees.phy","expA1_00001_0010_004_0.01_10kbp_partitions.nex","expA1_00001_0010_004_0.01_10kbp_output_alignment"
"5",5,10,1,0.01,10000,"expA1_00001_0010_005_0.01_10kbp","JC",NA,"DNA","expA1_00001_0010_005_0.01_10kbp_random_trees.phy","expA1_00001_0010_005_0.01_10kbp_partitions.nex","expA1_00001_0010_005_0.01_10kbp_output_alignment"
"6",6,10,1,0.01,10000,"expA1_00001_0010_006_0.01_10kbp","JC",NA,"DNA","expA1_00001_0010_006_0.01_10kbp_random_trees.phy","expA1_00001_0010_006_0.01_10kbp_partitions.nex","expA1_00001_0010_006_0.01_10kbp_output_alignment"
"7",7,10,1,0.01,10000,"expA1_00001_0010_007_0.01_10kbp","JC",NA,"DNA","expA1_00001_0010_007_0.01_10kbp_random_trees.phy","expA1_00001_0010_007_0.01_10kbp_partitions.nex","expA1_00001_0010_007_0.01_10kbp_output_alignment"
"8",8,10,1,0.01,10000,"expA1_00001_0010_008_0.01_10kbp","JC",NA,"DNA","expA1_00001_0010_008_0.01_10kbp_random_trees.phy","expA1_00001_0010_008_0.01_10kbp_partitions.nex","expA1_00001_0010_008_0.01_10kbp_output_alignment"
"9",9,10,1,0.01,10000,"expA1_00001_0010_009_0.01_10kbp","JC",NA,"DNA","expA1_00001_0010_009_0.01_10kbp_random_trees.phy","expA1_00001_0010_009_0.01_10kbp_partitions.nex","expA1_00001_0010_009_0.01_10kbp_output_alignment"
"10",10,10,1,0.01,10000,"expA1_00001_0010_010_0.01_10kbp","JC",NA,"DNA","expA1_00001_0010_010_0.01_10kbp_random_trees.phy","expA1_00001_0010_010_0.01_10kbp_partitions.nex","expA1_00001_0010_010_0.01_10kbp_output_alignment"
"11",11,10,1,0.01,10000,"expA1_00001_0010_011_0.01_10kbp","JC",NA,"DNA","expA1_00001_0010_011_0.01_10kbp_random_trees.phy","expA1_00001_0010_011_0.01_10kbp_partitions.nex","expA1_00001_0010_011_0.01_10kbp_output_alignment"
"12",12,10,1,0.01,10000,"expA1_00001_0010_012_0.01_10kbp","JC",NA,"DNA","expA1_00001_0010_012_0.01_10kbp_random_trees.phy","expA1_00001_0010_012_0.01_10kbp_partitions.nex","expA1_00001_0010_012_0.01_10kbp_output_alignment"
"13",13,10,1,0.01,10000,"expA1_00001_0010_013_0.01_10kbp","JC",NA,"DNA","expA1_00001_0010_013_0.01_10kbp_random_trees.phy","expA1_00001_0010_013_0.01_10kbp_partitions.nex","expA1_00001_0010_013_0.01_10kbp_output_alignment"
"14",14,10,1,0.01,10000,"expA1_00001_0010_014_0.01_10kbp","JC",NA,"DNA","expA1_00001_0010_014_0.01_10kbp_random_trees.phy","expA1_00001_0010_014_0.01_10kbp_partitions.nex","expA1_00001_0010_014_0.01_10kbp_output_alignment"
"15",15,10,1,0.01,10000,"expA1_00001_0010_015_0.01_10kbp","JC",NA,"DNA","expA1_00001_0010_015_0.01_10kbp_random_trees.phy","expA1_00001_0010_015_0.01_10kbp_partitions.nex","expA1_00001_0010_015_0.01_10kbp_output_alignment"
"16",16,10,1,0.01,10000,"expA1_00001_0010_016_0.01_10kbp","JC",NA,"DNA","expA1_00001_0010_016_0.01_10kbp_random_trees.phy","expA1_00001_0010_016_0.01_10kbp_partitions.nex","expA1_00001_0010_016_0.01_10kbp_output_alignment"
"17",17,10,1,0.01,10000,"expA1_00001_0010_017_0.01_10kbp","JC",NA,"DNA","expA1_00001_0010_017_0.01_10kbp_random_trees.phy","expA1_00001_0010_017_0.01_10kbp_partitions.nex","expA1_00001_0010_017_0.01_10kbp_output_alignment"
"18",18,10,1,0.01,10000,"expA1_00001_0010_018_0.01_10kbp","JC",NA,"DNA","expA1_00001_0010_018_0.01_10kbp_random_trees.phy","expA1_00001_0010_018_0.01_10kbp_partitions.nex","expA1_00001_0010_018_0.01_10kbp_output_alignment"
"19",19,10,1,0.01,10000,"expA1_00001_0010_019_0.01_10kbp","JC",NA,"DNA","expA1_00001_0010_019_0.01_10kbp_random_trees.phy","expA1_00001_0010_019_0.01_10kbp_partitions.nex","expA1_00001_0010_019_0.01_10kbp_output_alignment"
"20",20,10,1,0.01,10000,"expA1_00001_0010_020_0.01_10kbp","JC",NA,"DNA","expA1_00001_0010_020_0.01_10kbp_random_trees.phy","expA1_00001_0010_020_0.01_10kbp_partitions.nex","expA1_00001_0010_020_0.01_10kbp_output_alignment"
"21",21,10,1,0.01,10000,"expA1_00001_0010_021_0.01_10kbp","JC",NA,"DNA","expA1_00001_0010_021_0.01_10kbp_random_trees.phy","expA1_00001_0010_021_0.01_10kbp_partitions.nex","expA1_00001_0010_021_0.01_10kbp_output_alignment"
"22",22,10,1,0.01,10000,"expA1_00001_0010_022_0.01_10kbp","JC",NA,"DNA","expA1_00001_0010_022_0.01_10kbp_random_trees.phy","expA1_00001_0010_022_0.01_10kbp_partitions.nex","expA1_00001_0010_022_0.01_10kbp_output_alignment"
"23",23,10,1,0.01,10000,"expA1_00001_0010_023_0.01_10kbp","JC",NA,"DNA","expA1_00001_0010_023_0.01_10kbp_random_trees.phy","expA1_00001_0010_023_0.01_10kbp_partitions.nex","expA1_00001_0010_023_0.01_10kbp_output_alignment"
"24",24,10,1,0.01,10000,"expA1_00001_0010_024_0.01_10kbp","JC",NA,"DNA","expA1_00001_0010_024_0.01_10kbp_random_trees.phy","expA1_00001_0010_024_0.01_10kbp_partitions.nex","expA1_00001_0010_024_0.01_10kbp_output_alignment"
"25",25,10,1,0.01,10000,"expA1_00001_0010_025_0.01_10kbp","JC",NA,"DNA","expA1_00001_0010_025_0.01_10kbp_random_trees.phy","expA1_00001_0010_025_0.01_10kbp_partitions.nex","expA1_00001_0010_025_0.01_10kbp_output_alignment"
"26",26,10,1,0.01,10000,"expA1_00001_0010_026_0.01_10kbp","JC",NA,"DNA","expA1_00001_0010_026_0.01_10kbp_random_trees.phy","expA1_00001_0010_026_0.01_10kbp_partitions.nex","expA1_00001_0010_026_0.01_10kbp_output_alignment"
"27",27,10,1,0.01,10000,"expA1_00001_0010_027_0.01_10kbp","JC",NA,"DNA","expA1_00001_0010_027_0.01_10kbp_random_trees.phy","expA1_00001_0010_027_0.01_10kbp_partitions.nex","expA1_00001_0010_027_0.01_10kbp_output_alignment"
"28",28,10,1,0.01,10000,"expA1_00001_0010_028_0.01_10kbp","JC",NA,"DNA","expA1_00001_0010_028_0.01_10kbp_random_trees.phy","expA1_00001_0010_028_0.01_10kbp_partitions.nex","expA1_00001_0010_028_0.01_10kbp_output_alignment"
"29",29,10,1,0.01,10000,"expA1_00001_0010_029_0.01_10kbp","JC",NA,"DNA","expA1_00001_0010_029_0.01_10kbp_random_trees.phy","expA1_00001_0010_029_0.01_10kbp_partitions.nex","expA1_00001_0010_029_0.01_10kbp_output_alignment"
"30",30,10,1,0.01,10000,"expA1_00001_0010_030_0.01_10kbp","JC",NA,"DNA","expA1_00001_0010_030_0.01_10kbp_random_trees.phy","expA1_00001_0010_030_0.01_10kbp_partitions.nex","expA1_00001_0010_030_0.01_10kbp_output_alignment"
"31",31,10,1,0.01,10000,"expA1_00001_0010_031_0.01_10kbp","JC",NA,"DNA","expA1_00001_0010_031_0.01_10kbp_random_trees.phy","expA1_00001_0010_031_0.01_10kbp_partitions.nex","expA1_00001_0010_031_0.01_10kbp_output_alignment"
"32",32,10,1,0.01,10000,"expA1_00001_0010_032_0.01_10kbp","JC",NA,"DNA","expA1_00001_0010_032_0.01_10kbp_random_trees.phy","expA1_00001_0010_032_0.01_10kbp_partitions.nex","expA1_00001_0010_032_0.01_10kbp_output_alignment"
"33",33,10,1,0.01,10000,"expA1_00001_0010_033_0.01_10kbp","JC",NA,"DNA","expA1_00001_0010_033_0.01_10kbp_random_trees.phy","expA1_00001_0010_033_0.01_10kbp_partitions.nex","expA1_00001_0010_033_0.01_10kbp_output_alignment"
"34",34,10,1,0.01,10000,"expA1_00001_0010_034_0.01_10kbp","JC",NA,"DNA","expA1_00001_0010_034_0.01_10kbp_random_trees.phy","expA1_00001_0010_034_0.01_10kbp_partitions.nex","expA1_00001_0010_034_0.01_10kbp_output_alignment"
"35",35,10,1,0.01,10000,"expA1_00001_0010_035_0.01_10kbp","JC",NA,"DNA","expA1_00001_0010_035_0.01_10kbp_random_trees.phy","expA1_00001_0010_035_0.01_10kbp_partitions.nex","expA1_00001_0010_035_0.01_10kbp_output_alignment"
"36",36,10,1,0.01,10000,"expA1_00001_0010_036_0.01_10kbp","JC",NA,"DNA","expA1_00001_0010_036_0.01_10kbp_random_trees.phy","expA1_00001_0010_036_0.01_10kbp_partitions.nex","expA1_00001_0010_036_0.01_10kbp_output_alignment"
"37",37,10,1,0.01,10000,"expA1_00001_0010_037_0.01_10kbp","JC",NA,"DNA","expA1_00001_0010_037_0.01_10kbp_random_trees.phy","expA1_00001_0010_037_0.01_10kbp_partitions.nex","expA1_00001_0010_037_0.01_10kbp_output_alignment"
"38",38,10,1,0.01,10000,"expA1_00001_0010_038_0.01_10kbp","JC",NA,"DNA","expA1_00001_0010_038_0.01_10kbp_random_trees.phy","expA1_00001_0010_038_0.01_10kbp_partitions.nex","expA1_00001_0010_038_0.01_10kbp_output_alignment"
"39",39,10,1,0.01,10000,"expA1_00001_0010_039_0.01_10kbp","JC",NA,"DNA","expA1_00001_0010_039_0.01_10kbp_random_trees.phy","expA1_00001_0010_039_0.01_10kbp_partitions.nex","expA1_00001_0010_039_0.01_10kbp_output_alignment"
"40",40,10,1,0.01,10000,"expA1_00001_0010_040_0.01_10kbp","JC",NA,"DNA","expA1_00001_0010_040_0.01_10kbp_random_trees.phy","expA1_00001_0010_040_0.01_10kbp_partitions.nex","expA1_00001_0010_040_0.01_10kbp_output_alignment"
"41",41,10,1,0.01,10000,"expA1_00001_0010_041_0.01_10kbp","JC",NA,"DNA","expA1_00001_0010_041_0.01_10kbp_random_trees.phy","expA1_00001_0010_041_0.01_10kbp_partitions.nex","expA1_00001_0010_041_0.01_10kbp_output_alignment"
"42",42,10,1,0.01,10000,"expA1_00001_0010_042_0.01_10kbp","JC",NA,"DNA","expA1_00001_0010_042_0.01_10kbp_random_trees.phy","expA1_00001_0010_042_0.01_10kbp_partitions.nex","expA1_00001_0010_042_0.01_10kbp_output_alignment"
"43",43,10,1,0.01,10000,"expA1_00001_0010_043_0.01_10kbp","JC",NA,"DNA","expA1_00001_0010_043_0.01_10kbp_random_trees.phy","expA1_00001_0010_043_0.01_10kbp_partitions.nex","expA1_00001_0010_043_0.01_10kbp_output_alignment"
"44",44,10,1,0.01,10000,"expA1_00001_0010_044_0.01_10kbp","JC",NA,"DNA","expA1_00001_0010_044_0.01_10kbp_random_trees.phy","expA1_00001_0010_044_0.01_10kbp_partitions.nex","expA1_00001_0010_044_0.01_10kbp_output_alignment"
"45",45,10,1,0.01,10000,"expA1_00001_0010_045_0.01_10kbp","JC",NA,"DNA","expA1_00001_0010_045_0.01_10kbp_random_trees.phy","expA1_00001_0010_045_0.01_10kbp_partitions.nex","expA1_00001_0010_045_0.01_10kbp_output_alignment"
"46",46,10,1,0.01,10000,"expA1_00001_0010_046_0.01_10kbp","JC",NA,"DNA","expA1_00001_0010_046_0.01_10kbp_random_trees.phy","expA1_00001_0010_046_0.01_10kbp_partitions.nex","expA1_00001_0010_046_0.01_10kbp_output_alignment"
"47",47,10,1,0.01,10000,"expA1_00001_0010_047_0.01_10kbp","JC",NA,"DNA","expA1_00001_0010_047_0.01_10kbp_random_trees.phy","expA1_00001_0010_047_0.01_10kbp_partitions.nex","expA1_00001_0010_047_0.01_10kbp_output_alignment"
"48",48,10,1,0.01,10000,"expA1_00001_0010_048_0.01_10kbp","JC",NA,"DNA","expA1_00001_0010_048_0.01_10kbp_random_trees.phy","expA1_00001_0010_048_0.01_10kbp_partitions.nex","expA1_00001_0010_048_0.01_10kbp_output_alignment"
"49",49,10,1,0.01,10000,"expA1_00001_0010_049_0.01_10kbp","JC",NA,"DNA","expA1_00001_0010_049_0.01_10kbp_random_trees.phy","expA1_00001_0010_049_0.01_10kbp_partitions.nex","expA1_00001_0010_049_0.01_10kbp_output_alignment"
"50",50,10,1,0.01,10000,"expA1_00001_0010_050_0.01_10kbp","JC",NA,"DNA","expA1_00001_0010_050_0.01_10kbp_random_trees.phy","expA1_00001_0010_050_0.01_10kbp_partitions.nex","expA1_00001_0010_050_0.01_10kbp_output_alignment"
"51",51,10,1,0.01,10000,"expA1_00001_0010_051_0.01_10kbp","JC",NA,"DNA","expA1_00001_0010_051_0.01_10kbp_random_trees.phy","expA1_00001_0010_051_0.01_10kbp_partitions.nex","expA1_00001_0010_051_0.01_10kbp_output_alignment"
"52",52,10,1,0.01,10000,"expA1_00001_0010_052_0.01_10kbp","JC",NA,"DNA","expA1_00001_0010_052_0.01_10kbp_random_trees.phy","expA1_00001_0010_052_0.01_10kbp_partitions.nex","expA1_00001_0010_052_0.01_10kbp_output_alignment"
"53",53,10,1,0.01,10000,"expA1_00001_0010_053_0.01_10kbp","JC",NA,"DNA","expA1_00001_0010_053_0.01_10kbp_random_trees.phy","expA1_00001_0010_053_0.01_10kbp_partitions.nex","expA1_00001_0010_053_0.01_10kbp_output_alignment"
"54",54,10,1,0.01,10000,"expA1_00001_0010_054_0.01_10kbp","JC",NA,"DNA","expA1_00001_0010_054_0.01_10kbp_random_trees.phy","expA1_00001_0010_054_0.01_10kbp_partitions.nex","expA1_00001_0010_054_0.01_10kbp_output_alignment"
"55",55,10,1,0.01,10000,"expA1_00001_0010_055_0.01_10kbp","JC",NA,"DNA","expA1_00001_0010_055_0.01_10kbp_random_trees.phy","expA1_00001_0010_055_0.01_10kbp_partitions.nex","expA1_00001_0010_055_0.01_10kbp_output_alignment"
"56",56,10,1,0.01,10000,"expA1_00001_0010_056_0.01_10kbp","JC",NA,"DNA","expA1_00001_0010_056_0.01_10kbp_random_trees.phy","expA1_00001_0010_056_0.01_10kbp_partitions.nex","expA1_00001_0010_056_0.01_10kbp_output_alignment"
"57",57,10,1,0.01,10000,"expA1_00001_0010_057_0.01_10kbp","JC",NA,"DNA","expA1_00001_0010_057_0.01_10kbp_random_trees.phy","expA1_00001_0010_057_0.01_10kbp_partitions.nex","expA1_00001_0010_057_0.01_10kbp_output_alignment"
"58",58,10,1,0.01,10000,"expA1_00001_0010_058_0.01_10kbp","JC",NA,"DNA","expA1_00001_0010_058_0.01_10kbp_random_trees.phy","expA1_00001_0010_058_0.01_10kbp_partitions.nex","expA1_00001_0010_058_0.01_10kbp_output_alignment"
"59",59,10,1,0.01,10000,"expA1_00001_0010_059_0.01_10kbp","JC",NA,"DNA","expA1_00001_0010_059_0.01_10kbp_random_trees.phy","expA1_00001_0010_059_0.01_10kbp_partitions.nex","expA1_00001_0010_059_0.01_10kbp_output_alignment"
"60",60,10,1,0.01,10000,"expA1_00001_0010_060_0.01_10kbp","JC",NA,"DNA","expA1_00001_0010_060_0.01_10kbp_random_trees.phy","expA1_00001_0010_060_0.01_10kbp_partitions.nex","expA1_00001_0010_060_0.01_10kbp_output_alignment"
"61",61,10,1,0.01,10000,"expA1_00001_0010_061_0.01_10kbp","JC",NA,"DNA","expA1_00001_0010_061_0.01_10kbp_random_trees.phy","expA1_00001_0010_061_0.01_10kbp_partitions.nex","expA1_00001_0010_061_0.01_10kbp_output_alignment"
"62",62,10,1,0.01,10000,"expA1_00001_0010_062_0.01_10kbp","JC",NA,"DNA","expA1_00001_0010_062_0.01_10kbp_random_trees.phy","expA1_00001_0010_062_0.01_10kbp_partitions.nex","expA1_00001_0010_062_0.01_10kbp_output_alignment"
"63",63,10,1,0.01,10000,"expA1_00001_0010_063_0.01_10kbp","JC",NA,"DNA","expA1_00001_0010_063_0.01_10kbp_random_trees.phy","expA1_00001_0010_063_0.01_10kbp_partitions.nex","expA1_00001_0010_063_0.01_10kbp_output_alignment"
"64",64,10,1,0.01,10000,"expA1_00001_0010_064_0.01_10kbp","JC",NA,"DNA","expA1_00001_0010_064_0.01_10kbp_random_trees.phy","expA1_00001_0010_064_0.01_10kbp_partitions.nex","expA1_00001_0010_064_0.01_10kbp_output_alignment"
"65",65,10,1,0.01,10000,"expA1_00001_0010_065_0.01_10kbp","JC",NA,"DNA","expA1_00001_0010_065_0.01_10kbp_random_trees.phy","expA1_00001_0010_065_0.01_10kbp_partitions.nex","expA1_00001_0010_065_0.01_10kbp_output_alignment"
"66",66,10,1,0.01,10000,"expA1_00001_0010_066_0.01_10kbp","JC",NA,"DNA","expA1_00001_0010_066_0.01_10kbp_random_trees.phy","expA1_00001_0010_066_0.01_10kbp_partitions.nex","expA1_00001_0010_066_0.01_10kbp_output_alignment"
"67",67,10,1,0.01,10000,"expA1_00001_0010_067_0.01_10kbp","JC",NA,"DNA","expA1_00001_0010_067_0.01_10kbp_random_trees.phy","expA1_00001_0010_067_0.01_10kbp_partitions.nex","expA1_00001_0010_067_0.01_10kbp_output_alignment"
"68",68,10,1,0.01,10000,"expA1_00001_0010_068_0.01_10kbp","JC",NA,"DNA","expA1_00001_0010_068_0.01_10kbp_random_trees.phy","expA1_00001_0010_068_0.01_10kbp_partitions.nex","expA1_00001_0010_068_0.01_10kbp_output_alignment"
"69",69,10,1,0.01,10000,"expA1_00001_0010_069_0.01_10kbp","JC",NA,"DNA","expA1_00001_0010_069_0.01_10kbp_random_trees.phy","expA1_00001_0010_069_0.01_10kbp_partitions.nex","expA1_00001_0010_069_0.01_10kbp_output_alignment"
"70",70,10,1,0.01,10000,"expA1_00001_0010_070_0.01_10kbp","JC",NA,"DNA","expA1_00001_0010_070_0.01_10kbp_random_trees.phy","expA1_00001_0010_070_0.01_10kbp_partitions.nex","expA1_00001_0010_070_0.01_10kbp_output_alignment"
"71",71,10,1,0.01,10000,"expA1_00001_0010_071_0.01_10kbp","JC",NA,"DNA","expA1_00001_0010_071_0.01_10kbp_random_trees.phy","expA1_00001_0010_071_0.01_10kbp_partitions.nex","expA1_00001_0010_071_0.01_10kbp_output_alignment"
"72",72,10,1,0.01,10000,"expA1_00001_0010_072_0.01_10kbp","JC",NA,"DNA","expA1_00001_0010_072_0.01_10kbp_random_trees.phy","expA1_00001_0010_072_0.01_10kbp_partitions.nex","expA1_00001_0010_072_0.01_10kbp_output_alignment"
"73",73,10,1,0.01,10000,"expA1_00001_0010_073_0.01_10kbp","JC",NA,"DNA","expA1_00001_0010_073_0.01_10kbp_random_trees.phy","expA1_00001_0010_073_0.01_10kbp_partitions.nex","expA1_00001_0010_073_0.01_10kbp_output_alignment"
"74",74,10,1,0.01,10000,"expA1_00001_0010_074_0.01_10kbp","JC",NA,"DNA","expA1_00001_0010_074_0.01_10kbp_random_trees.phy","expA1_00001_0010_074_0.01_10kbp_partitions.nex","expA1_00001_0010_074_0.01_10kbp_output_alignment"
"75",75,10,1,0.01,10000,"expA1_00001_0010_075_0.01_10kbp","JC",NA,"DNA","expA1_00001_0010_075_0.01_10kbp_random_trees.phy","expA1_00001_0010_075_0.01_10kbp_partitions.nex","expA1_00001_0010_075_0.01_10kbp_output_alignment"
"76",76,10,1,0.01,10000,"expA1_00001_0010_076_0.01_10kbp","JC",NA,"DNA","expA1_00001_0010_076_0.01_10kbp_random_trees.phy","expA1_00001_0010_076_0.01_10kbp_partitions.nex","expA1_00001_0010_076_0.01_10kbp_output_alignment"
"77",77,10,1,0.01,10000,"expA1_00001_0010_077_0.01_10kbp","JC",NA,"DNA","expA1_00001_0010_077_0.01_10kbp_random_trees.phy","expA1_00001_0010_077_0.01_10kbp_partitions.nex","expA1_00001_0010_077_0.01_10kbp_output_alignment"
"78",78,10,1,0.01,10000,"expA1_00001_0010_078_0.01_10kbp","JC",NA,"DNA","expA1_00001_0010_078_0.01_10kbp_random_trees.phy","expA1_00001_0010_078_0.01_10kbp_partitions.nex","expA1_00001_0010_078_0.01_10kbp_output_alignment"
"79",79,10,1,0.01,10000,"expA1_00001_0010_079_0.01_10kbp","JC",NA,"DNA","expA1_00001_0010_079_0.01_10kbp_random_trees.phy","expA1_00001_0010_079_0.01_10kbp_partitions.nex","expA1_00001_0010_079_0.01_10kbp_output_alignment"
"80",80,10,1,0.01,10000,"expA1_00001_0010_080_0.01_10kbp","JC",NA,"DNA","expA1_00001_0010_080_0.01_10kbp_random_trees.phy","expA1_00001_0010_080_0.01_10kbp_partitions.nex","expA1_00001_0010_080_0.01_10kbp_output_alignment"
"81",81,10,1,0.01,10000,"expA1_00001_0010_081_0.01_10kbp","JC",NA,"DNA","expA1_00001_0010_081_0.01_10kbp_random_trees.phy","expA1_00001_0010_081_0.01_10kbp_partitions.nex","expA1_00001_0010_081_0.01_10kbp_output_alignment"
"82",82,10,1,0.01,10000,"expA1_00001_0010_082_0.01_10kbp","JC",NA,"DNA","expA1_00001_0010_082_0.01_10kbp_random_trees.phy","expA1_00001_0010_082_0.01_10kbp_partitions.nex","expA1_00001_0010_082_0.01_10kbp_output_alignment"
"83",83,10,1,0.01,10000,"expA1_00001_0010_083_0.01_10kbp","JC",NA,"DNA","expA1_00001_0010_083_0.01_10kbp_random_trees.phy","expA1_00001_0010_083_0.01_10kbp_partitions.nex","expA1_00001_0010_083_0.01_10kbp_output_alignment"
"84",84,10,1,0.01,10000,"expA1_00001_0010_084_0.01_10kbp","JC",NA,"DNA","expA1_00001_0010_084_0.01_10kbp_random_trees.phy","expA1_00001_0010_084_0.01_10kbp_partitions.nex","expA1_00001_0010_084_0.01_10kbp_output_alignment"
"85",85,10,1,0.01,10000,"expA1_00001_0010_085_0.01_10kbp","JC",NA,"DNA","expA1_00001_0010_085_0.01_10kbp_random_trees.phy","expA1_00001_0010_085_0.01_10kbp_partitions.nex","expA1_00001_0010_085_0.01_10kbp_output_alignment"
"86",86,10,1,0.01,10000,"expA1_00001_0010_086_0.01_10kbp","JC",NA,"DNA","expA1_00001_0010_086_0.01_10kbp_random_trees.phy","expA1_00001_0010_086_0.01_10kbp_partitions.nex","expA1_00001_0010_086_0.01_10kbp_output_alignment"
"87",87,10,1,0.01,10000,"expA1_00001_0010_087_0.01_10kbp","JC",NA,"DNA","expA1_00001_0010_087_0.01_10kbp_random_trees.phy","expA1_00001_0010_087_0.01_10kbp_partitions.nex","expA1_00001_0010_087_0.01_10kbp_output_alignment"
"88",88,10,1,0.01,10000,"expA1_00001_0010_088_0.01_10kbp","JC",NA,"DNA","expA1_00001_0010_088_0.01_10kbp_random_trees.phy","expA1_00001_0010_088_0.01_10kbp_partitions.nex","expA1_00001_0010_088_0.01_10kbp_output_alignment"
"89",89,10,1,0.01,10000,"expA1_00001_0010_089_0.01_10kbp","JC",NA,"DNA","expA1_00001_0010_089_0.01_10kbp_random_trees.phy","expA1_00001_0010_089_0.01_10kbp_partitions.nex","expA1_00001_0010_089_0.01_10kbp_output_alignment"
"90",90,10,1,0.01,10000,"expA1_00001_0010_090_0.01_10kbp","JC",NA,"DNA","expA1_00001_0010_090_0.01_10kbp_random_trees.phy","expA1_00001_0010_090_0.01_10kbp_partitions.nex","expA1_00001_0010_090_0.01_10kbp_output_alignment"
"91",91,10,1,0.01,10000,"expA1_00001_0010_091_0.01_10kbp","JC",NA,"DNA","expA1_00001_0010_091_0.01_10kbp_random_trees.phy","expA1_00001_0010_091_0.01_10kbp_partitions.nex","expA1_00001_0010_091_0.01_10kbp_output_alignment"
"92",92,10,1,0.01,10000,"expA1_00001_0010_092_0.01_10kbp","JC",NA,"DNA","expA1_00001_0010_092_0.01_10kbp_random_trees.phy","expA1_00001_0010_092_0.01_10kbp_partitions.nex","expA1_00001_0010_092_0.01_10kbp_output_alignment"
"93",93,10,1,0.01,10000,"expA1_00001_0010_093_0.01_10kbp","JC",NA,"DNA","expA1_00001_0010_093_0.01_10kbp_random_trees.phy","expA1_00001_0010_093_0.01_10kbp_partitions.nex","expA1_00001_0010_093_0.01_10kbp_output_alignment"
"94",94,10,1,0.01,10000,"expA1_00001_0010_094_0.01_10kbp","JC",NA,"DNA","expA1_00001_0010_094_0.01_10kbp_random_trees.phy","expA1_00001_0010_094_0.01_10kbp_partitions.nex","expA1_00001_0010_094_0.01_10kbp_output_alignment"
"95",95,10,1,0.01,10000,"expA1_00001_0010_095_0.01_10kbp","JC",NA,"DNA","expA1_00001_0010_095_0.01_10kbp_random_trees.phy","expA1_00001_0010_095_0.01_10kbp_partitions.nex","expA1_00001_0010_095_0.01_10kbp_output_alignment"
"96",96,10,1,0.01,10000,"expA1_00001_0010_096_0.01_10kbp","JC",NA,"DNA","expA1_00001_0010_096_0.01_10kbp_random_trees.phy","expA1_00001_0010_096_0.01_10kbp_partitions.nex","expA1_00001_0010_096_0.01_10kbp_output_alignment"
"97",97,10,1,0.01,10000,"expA1_00001_0010_097_0.01_10kbp","JC",NA,"DNA","expA1_00001_0010_097_0.01_10kbp_random_trees.phy","expA1_00001_0010_097_0.01_10kbp_partitions.nex","expA1_00001_0010_097_0.01_10kbp_output_alignment"
"98",98,10,1,0.01,10000,"expA1_00001_0010_098_0.01_10kbp","JC",NA,"DNA","expA1_00001_0010_098_0.01_10kbp_random_trees.phy","expA1_00001_0010_098_0.01_10kbp_partitions.nex","expA1_00001_0010_098_0.01_10kbp_output_alignment"
"99",99,10,1,0.01,10000,"expA1_00001_0010_099_0.01_10kbp","JC",NA,"DNA","expA1_00001_0010_099_0.01_10kbp_random_trees.phy","expA1_00001_0010_099_0.01_10kbp_partitions.nex","expA1_00001_0010_099_0.01_10kbp_output_alignment"
"100",100,10,1,0.01,10000,"expA1_00001_0010_100_0.01_10kbp","JC",NA,"DNA","expA1_00001_0010_100_0.01_10kbp_random_trees.phy","expA1_00001_0010_100_0.01_10kbp_partitions.nex","expA1_00001_0010_100_0.01_10kbp_output_alignment"
"101",1,20,1,0.01,10000,"expA1_00001_0020_001_0.01_10kbp","JC",NA,"DNA","expA1_00001_0020_001_0.01_10kbp_random_trees.phy","expA1_00001_0020_001_0.01_10kbp_partitions.nex","expA1_00001_0020_001_0.01_10kbp_output_alignment"
"102",2,20,1,0.01,10000,"expA1_00001_0020_002_0.01_10kbp","JC",NA,"DNA","expA1_00001_0020_002_0.01_10kbp_random_trees.phy","expA1_00001_0020_002_0.01_10kbp_partitions.nex","expA1_00001_0020_002_0.01_10kbp_output_alignment"
"103",3,20,1,0.01,10000,"expA1_00001_0020_003_0.01_10kbp","JC",NA,"DNA","expA1_00001_0020_003_0.01_10kbp_random_trees.phy","expA1_00001_0020_003_0.01_10kbp_partitions.nex","expA1_00001_0020_003_0.01_10kbp_output_alignment"
"104",4,20,1,0.01,10000,"expA1_00001_0020_004_0.01_10kbp","JC",NA,"DNA","expA1_00001_0020_004_0.01_10kbp_random_trees.phy","expA1_00001_0020_004_0.01_10kbp_partitions.nex","expA1_00001_0020_004_0.01_10kbp_output_alignment"
"105",5,20,1,0.01,10000,"expA1_00001_0020_005_0.01_10kbp","JC",NA,"DNA","expA1_00001_0020_005_0.01_10kbp_random_trees.phy","expA1_00001_0020_005_0.01_10kbp_partitions.nex","expA1_00001_0020_005_0.01_10kbp_output_alignment"
"106",6,20,1,0.01,10000,"expA1_00001_0020_006_0.01_10kbp","JC",NA,"DNA","expA1_00001_0020_006_0.01_10kbp_random_trees.phy","expA1_00001_0020_006_0.01_10kbp_partitions.nex","expA1_00001_0020_006_0.01_10kbp_output_alignment"
"107",7,20,1,0.01,10000,"expA1_00001_0020_007_0.01_10kbp","JC",NA,"DNA","expA1_00001_0020_007_0.01_10kbp_random_trees.phy","expA1_00001_0020_007_0.01_10kbp_partitions.nex","expA1_00001_0020_007_0.01_10kbp_output_alignment"
"108",8,20,1,0.01,10000,"expA1_00001_0020_008_0.01_10kbp","JC",NA,"DNA","expA1_00001_0020_008_0.01_10kbp_random_trees.phy","expA1_00001_0020_008_0.01_10kbp_partitions.nex","expA1_00001_0020_008_0.01_10kbp_output_alignment"
"109",9,20,1,0.01,10000,"expA1_00001_0020_009_0.01_10kbp","JC",NA,"DNA","expA1_00001_0020_009_0.01_10kbp_random_trees.phy","expA1_00001_0020_009_0.01_10kbp_partitions.nex","expA1_00001_0020_009_0.01_10kbp_output_alignment"
"110",10,20,1,0.01,10000,"expA1_00001_0020_010_0.01_10kbp","JC",NA,"DNA","expA1_00001_0020_010_0.01_10kbp_random_trees.phy","expA1_00001_0020_010_0.01_10kbp_partitions.nex","expA1_00001_0020_010_0.01_10kbp_output_alignment"
"111",11,20,1,0.01,10000,"expA1_00001_0020_011_0.01_10kbp","JC",NA,"DNA","expA1_00001_0020_011_0.01_10kbp_random_trees.phy","expA1_00001_0020_011_0.01_10kbp_partitions.nex","expA1_00001_0020_011_0.01_10kbp_output_alignment"
"112",12,20,1,0.01,10000,"expA1_00001_0020_012_0.01_10kbp","JC",NA,"DNA","expA1_00001_0020_012_0.01_10kbp_random_trees.phy","expA1_00001_0020_012_0.01_10kbp_partitions.nex","expA1_00001_0020_012_0.01_10kbp_output_alignment"
"113",13,20,1,0.01,10000,"expA1_00001_0020_013_0.01_10kbp","JC",NA,"DNA","expA1_00001_0020_013_0.01_10kbp_random_trees.phy","expA1_00001_0020_013_0.01_10kbp_partitions.nex","expA1_00001_0020_013_0.01_10kbp_output_alignment"
"114",14,20,1,0.01,10000,"expA1_00001_0020_014_0.01_10kbp","JC",NA,"DNA","expA1_00001_0020_014_0.01_10kbp_random_trees.phy","expA1_00001_0020_014_0.01_10kbp_partitions.nex","expA1_00001_0020_014_0.01_10kbp_output_alignment"
"115",15,20,1,0.01,10000,"expA1_00001_0020_015_0.01_10kbp","JC",NA,"DNA","expA1_00001_0020_015_0.01_10kbp_random_trees.phy","expA1_00001_0020_015_0.01_10kbp_partitions.nex","expA1_00001_0020_015_0.01_10kbp_output_alignment"
"116",16,20,1,0.01,10000,"expA1_00001_0020_016_0.01_10kbp","JC",NA,"DNA","expA1_00001_0020_016_0.01_10kbp_random_trees.phy","expA1_00001_0020_016_0.01_10kbp_partitions.nex","expA1_00001_0020_016_0.01_10kbp_output_alignment"
"117",17,20,1,0.01,10000,"expA1_00001_0020_017_0.01_10kbp","JC",NA,"DNA","expA1_00001_0020_017_0.01_10kbp_random_trees.phy","expA1_00001_0020_017_0.01_10kbp_partitions.nex","expA1_00001_0020_017_0.01_10kbp_output_alignment"
"118",18,20,1,0.01,10000,"expA1_00001_0020_018_0.01_10kbp","JC",NA,"DNA","expA1_00001_0020_018_0.01_10kbp_random_trees.phy","expA1_00001_0020_018_0.01_10kbp_partitions.nex","expA1_00001_0020_018_0.01_10kbp_output_alignment"
"119",19,20,1,0.01,10000,"expA1_00001_0020_019_0.01_10kbp","JC",NA,"DNA","expA1_00001_0020_019_0.01_10kbp_random_trees.phy","expA1_00001_0020_019_0.01_10kbp_partitions.nex","expA1_00001_0020_019_0.01_10kbp_output_alignment"
"120",20,20,1,0.01,10000,"expA1_00001_0020_020_0.01_10kbp","JC",NA,"DNA","expA1_00001_0020_020_0.01_10kbp_random_trees.phy","expA1_00001_0020_020_0.01_10kbp_partitions.nex","expA1_00001_0020_020_0.01_10kbp_output_alignment"
"121",21,20,1,0.01,10000,"expA1_00001_0020_021_0.01_10kbp","JC",NA,"DNA","expA1_00001_0020_021_0.01_10kbp_random_trees.phy","expA1_00001_0020_021_0.01_10kbp_partitions.nex","expA1_00001_0020_021_0.01_10kbp_output_alignment"
"122",22,20,1,0.01,10000,"expA1_00001_0020_022_0.01_10kbp","JC",NA,"DNA","expA1_00001_0020_022_0.01_10kbp_random_trees.phy","expA1_00001_0020_022_0.01_10kbp_partitions.nex","expA1_00001_0020_022_0.01_10kbp_output_alignment"
"123",23,20,1,0.01,10000,"expA1_00001_0020_023_0.01_10kbp","JC",NA,"DNA","expA1_00001_0020_023_0.01_10kbp_random_trees.phy","expA1_00001_0020_023_0.01_10kbp_partitions.nex","expA1_00001_0020_023_0.01_10kbp_output_alignment"
"124",24,20,1,0.01,10000,"expA1_00001_0020_024_0.01_10kbp","JC",NA,"DNA","expA1_00001_0020_024_0.01_10kbp_random_trees.phy","expA1_00001_0020_024_0.01_10kbp_partitions.nex","expA1_00001_0020_024_0.01_10kbp_output_alignment"
"125",25,20,1,0.01,10000,"expA1_00001_0020_025_0.01_10kbp","JC",NA,"DNA","expA1_00001_0020_025_0.01_10kbp_random_trees.phy","expA1_00001_0020_025_0.01_10kbp_partitions.nex","expA1_00001_0020_025_0.01_10kbp_output_alignment"
"126",26,20,1,0.01,10000,"expA1_00001_0020_026_0.01_10kbp","JC",NA,"DNA","expA1_00001_0020_026_0.01_10kbp_random_trees.phy","expA1_00001_0020_026_0.01_10kbp_partitions.nex","expA1_00001_0020_026_0.01_10kbp_output_alignment"
"127",27,20,1,0.01,10000,"expA1_00001_0020_027_0.01_10kbp","JC",NA,"DNA","expA1_00001_0020_027_0.01_10kbp_random_trees.phy","expA1_00001_0020_027_0.01_10kbp_partitions.nex","expA1_00001_0020_027_0.01_10kbp_output_alignment"
"128",28,20,1,0.01,10000,"expA1_00001_0020_028_0.01_10kbp","JC",NA,"DNA","expA1_00001_0020_028_0.01_10kbp_random_trees.phy","expA1_00001_0020_028_0.01_10kbp_partitions.nex","expA1_00001_0020_028_0.01_10kbp_output_alignment"
"129",29,20,1,0.01,10000,"expA1_00001_0020_029_0.01_10kbp","JC",NA,"DNA","expA1_00001_0020_029_0.01_10kbp_random_trees.phy","expA1_00001_0020_029_0.01_10kbp_partitions.nex","expA1_00001_0020_029_0.01_10kbp_output_alignment"
"130",30,20,1,0.01,10000,"expA1_00001_0020_030_0.01_10kbp","JC",NA,"DNA","expA1_00001_0020_030_0.01_10kbp_random_trees.phy","expA1_00001_0020_030_0.01_10kbp_partitions.nex","expA1_00001_0020_030_0.01_10kbp_output_alignment"
"131",31,20,1,0.01,10000,"expA1_00001_0020_031_0.01_10kbp","JC",NA,"DNA","expA1_00001_0020_031_0.01_10kbp_random_trees.phy","expA1_00001_0020_031_0.01_10kbp_partitions.nex","expA1_00001_0020_031_0.01_10kbp_output_alignment"
"132",32,20,1,0.01,10000,"expA1_00001_0020_032_0.01_10kbp","JC",NA,"DNA","expA1_00001_0020_032_0.01_10kbp_random_trees.phy","expA1_00001_0020_032_0.01_10kbp_partitions.nex","expA1_00001_0020_032_0.01_10kbp_output_alignment"
"133",33,20,1,0.01,10000,"expA1_00001_0020_033_0.01_10kbp","JC",NA,"DNA","expA1_00001_0020_033_0.01_10kbp_random_trees.phy","expA1_00001_0020_033_0.01_10kbp_partitions.nex","expA1_00001_0020_033_0.01_10kbp_output_alignment"
"134",34,20,1,0.01,10000,"expA1_00001_0020_034_0.01_10kbp","JC",NA,"DNA","expA1_00001_0020_034_0.01_10kbp_random_trees.phy","expA1_00001_0020_034_0.01_10kbp_partitions.nex","expA1_00001_0020_034_0.01_10kbp_output_alignment"
"135",35,20,1,0.01,10000,"expA1_00001_0020_035_0.01_10kbp","JC",NA,"DNA","expA1_00001_0020_035_0.01_10kbp_random_trees.phy","expA1_00001_0020_035_0.01_10kbp_partitions.nex","expA1_00001_0020_035_0.01_10kbp_output_alignment"
"136",36,20,1,0.01,10000,"expA1_00001_0020_036_0.01_10kbp","JC",NA,"DNA","expA1_00001_0020_036_0.01_10kbp_random_trees.phy","expA1_00001_0020_036_0.01_10kbp_partitions.nex","expA1_00001_0020_036_0.01_10kbp_output_alignment"
"137",37,20,1,0.01,10000,"expA1_00001_0020_037_0.01_10kbp","JC",NA,"DNA","expA1_00001_0020_037_0.01_10kbp_random_trees.phy","expA1_00001_0020_037_0.01_10kbp_partitions.nex","expA1_00001_0020_037_0.01_10kbp_output_alignment"
"138",38,20,1,0.01,10000,"expA1_00001_0020_038_0.01_10kbp","JC",NA,"DNA","expA1_00001_0020_038_0.01_10kbp_random_trees.phy","expA1_00001_0020_038_0.01_10kbp_partitions.nex","expA1_00001_0020_038_0.01_10kbp_output_alignment"
"139",39,20,1,0.01,10000,"expA1_00001_0020_039_0.01_10kbp","JC",NA,"DNA","expA1_00001_0020_039_0.01_10kbp_random_trees.phy","expA1_00001_0020_039_0.01_10kbp_partitions.nex","expA1_00001_0020_039_0.01_10kbp_output_alignment"
"140",40,20,1,0.01,10000,"expA1_00001_0020_040_0.01_10kbp","JC",NA,"DNA","expA1_00001_0020_040_0.01_10kbp_random_trees.phy","expA1_00001_0020_040_0.01_10kbp_partitions.nex","expA1_00001_0020_040_0.01_10kbp_output_alignment"
"141",41,20,1,0.01,10000,"expA1_00001_0020_041_0.01_10kbp","JC",NA,"DNA","expA1_00001_0020_041_0.01_10kbp_random_trees.phy","expA1_00001_0020_041_0.01_10kbp_partitions.nex","expA1_00001_0020_041_0.01_10kbp_output_alignment"
"142",42,20,1,0.01,10000,"expA1_00001_0020_042_0.01_10kbp","JC",NA,"DNA","expA1_00001_0020_042_0.01_10kbp_random_trees.phy","expA1_00001_0020_042_0.01_10kbp_partitions.nex","expA1_00001_0020_042_0.01_10kbp_output_alignment"
"143",43,20,1,0.01,10000,"expA1_00001_0020_043_0.01_10kbp","JC",NA,"DNA","expA1_00001_0020_043_0.01_10kbp_random_trees.phy","expA1_00001_0020_043_0.01_10kbp_partitions.nex","expA1_00001_0020_043_0.01_10kbp_output_alignment"
"144",44,20,1,0.01,10000,"expA1_00001_0020_044_0.01_10kbp","JC",NA,"DNA","expA1_00001_0020_044_0.01_10kbp_random_trees.phy","expA1_00001_0020_044_0.01_10kbp_partitions.nex","expA1_00001_0020_044_0.01_10kbp_output_alignment"
"145",45,20,1,0.01,10000,"expA1_00001_0020_045_0.01_10kbp","JC",NA,"DNA","expA1_00001_0020_045_0.01_10kbp_random_trees.phy","expA1_00001_0020_045_0.01_10kbp_partitions.nex","expA1_00001_0020_045_0.01_10kbp_output_alignment"
"146",46,20,1,0.01,10000,"expA1_00001_0020_046_0.01_10kbp","JC",NA,"DNA","expA1_00001_0020_046_0.01_10kbp_random_trees.phy","expA1_00001_0020_046_0.01_10kbp_partitions.nex","expA1_00001_0020_046_0.01_10kbp_output_alignment"
"147",47,20,1,0.01,10000,"expA1_00001_0020_047_0.01_10kbp","JC",NA,"DNA","expA1_00001_0020_047_0.01_10kbp_random_trees.phy","expA1_00001_0020_047_0.01_10kbp_partitions.nex","expA1_00001_0020_047_0.01_10kbp_output_alignment"
"148",48,20,1,0.01,10000,"expA1_00001_0020_048_0.01_10kbp","JC",NA,"DNA","expA1_00001_0020_048_0.01_10kbp_random_trees.phy","expA1_00001_0020_048_0.01_10kbp_partitions.nex","expA1_00001_0020_048_0.01_10kbp_output_alignment"
"149",49,20,1,0.01,10000,"expA1_00001_0020_049_0.01_10kbp","JC",NA,"DNA","expA1_00001_0020_049_0.01_10kbp_random_trees.phy","expA1_00001_0020_049_0.01_10kbp_partitions.nex","expA1_00001_0020_049_0.01_10kbp_output_alignment"
"150",50,20,1,0.01,10000,"expA1_00001_0020_050_0.01_10kbp","JC",NA,"DNA","expA1_00001_0020_050_0.01_10kbp_random_trees.phy","expA1_00001_0020_050_0.01_10kbp_partitions.nex","expA1_00001_0020_050_0.01_10kbp_output_alignment"
"151",51,20,1,0.01,10000,"expA1_00001_0020_051_0.01_10kbp","JC",NA,"DNA","expA1_00001_0020_051_0.01_10kbp_random_trees.phy","expA1_00001_0020_051_0.01_10kbp_partitions.nex","expA1_00001_0020_051_0.01_10kbp_output_alignment"
"152",52,20,1,0.01,10000,"expA1_00001_0020_052_0.01_10kbp","JC",NA,"DNA","expA1_00001_0020_052_0.01_10kbp_random_trees.phy","expA1_00001_0020_052_0.01_10kbp_partitions.nex","expA1_00001_0020_052_0.01_10kbp_output_alignment"
"153",53,20,1,0.01,10000,"expA1_00001_0020_053_0.01_10kbp","JC",NA,"DNA","expA1_00001_0020_053_0.01_10kbp_random_trees.phy","expA1_00001_0020_053_0.01_10kbp_partitions.nex","expA1_00001_0020_053_0.01_10kbp_output_alignment"
"154",54,20,1,0.01,10000,"expA1_00001_0020_054_0.01_10kbp","JC",NA,"DNA","expA1_00001_0020_054_0.01_10kbp_random_trees.phy","expA1_00001_0020_054_0.01_10kbp_partitions.nex","expA1_00001_0020_054_0.01_10kbp_output_alignment"
"155",55,20,1,0.01,10000,"expA1_00001_0020_055_0.01_10kbp","JC",NA,"DNA","expA1_00001_0020_055_0.01_10kbp_random_trees.phy","expA1_00001_0020_055_0.01_10kbp_partitions.nex","expA1_00001_0020_055_0.01_10kbp_output_alignment"
"156",56,20,1,0.01,10000,"expA1_00001_0020_056_0.01_10kbp","JC",NA,"DNA","expA1_00001_0020_056_0.01_10kbp_random_trees.phy","expA1_00001_0020_056_0.01_10kbp_partitions.nex","expA1_00001_0020_056_0.01_10kbp_output_alignment"
"157",57,20,1,0.01,10000,"expA1_00001_0020_057_0.01_10kbp","JC",NA,"DNA","expA1_00001_0020_057_0.01_10kbp_random_trees.phy","expA1_00001_0020_057_0.01_10kbp_partitions.nex","expA1_00001_0020_057_0.01_10kbp_output_alignment"
"158",58,20,1,0.01,10000,"expA1_00001_0020_058_0.01_10kbp","JC",NA,"DNA","expA1_00001_0020_058_0.01_10kbp_random_trees.phy","expA1_00001_0020_058_0.01_10kbp_partitions.nex","expA1_00001_0020_058_0.01_10kbp_output_alignment"
"159",59,20,1,0.01,10000,"expA1_00001_0020_059_0.01_10kbp","JC",NA,"DNA","expA1_00001_0020_059_0.01_10kbp_random_trees.phy","expA1_00001_0020_059_0.01_10kbp_partitions.nex","expA1_00001_0020_059_0.01_10kbp_output_alignment"
"160",60,20,1,0.01,10000,"expA1_00001_0020_060_0.01_10kbp","JC",NA,"DNA","expA1_00001_0020_060_0.01_10kbp_random_trees.phy","expA1_00001_0020_060_0.01_10kbp_partitions.nex","expA1_00001_0020_060_0.01_10kbp_output_alignment"
"161",61,20,1,0.01,10000,"expA1_00001_0020_061_0.01_10kbp","JC",NA,"DNA","expA1_00001_0020_061_0.01_10kbp_random_trees.phy","expA1_00001_0020_061_0.01_10kbp_partitions.nex","expA1_00001_0020_061_0.01_10kbp_output_alignment"
"162",62,20,1,0.01,10000,"expA1_00001_0020_062_0.01_10kbp","JC",NA,"DNA","expA1_00001_0020_062_0.01_10kbp_random_trees.phy","expA1_00001_0020_062_0.01_10kbp_partitions.nex","expA1_00001_0020_062_0.01_10kbp_output_alignment"
"163",63,20,1,0.01,10000,"expA1_00001_0020_063_0.01_10kbp","JC",NA,"DNA","expA1_00001_0020_063_0.01_10kbp_random_trees.phy","expA1_00001_0020_063_0.01_10kbp_partitions.nex","expA1_00001_0020_063_0.01_10kbp_output_alignment"
"164",64,20,1,0.01,10000,"expA1_00001_0020_064_0.01_10kbp","JC",NA,"DNA","expA1_00001_0020_064_0.01_10kbp_random_trees.phy","expA1_00001_0020_064_0.01_10kbp_partitions.nex","expA1_00001_0020_064_0.01_10kbp_output_alignment"
"165",65,20,1,0.01,10000,"expA1_00001_0020_065_0.01_10kbp","JC",NA,"DNA","expA1_00001_0020_065_0.01_10kbp_random_trees.phy","expA1_00001_0020_065_0.01_10kbp_partitions.nex","expA1_00001_0020_065_0.01_10kbp_output_alignment"
"166",66,20,1,0.01,10000,"expA1_00001_0020_066_0.01_10kbp","JC",NA,"DNA","expA1_00001_0020_066_0.01_10kbp_random_trees.phy","expA1_00001_0020_066_0.01_10kbp_partitions.nex","expA1_00001_0020_066_0.01_10kbp_output_alignment"
"167",67,20,1,0.01,10000,"expA1_00001_0020_067_0.01_10kbp","JC",NA,"DNA","expA1_00001_0020_067_0.01_10kbp_random_trees.phy","expA1_00001_0020_067_0.01_10kbp_partitions.nex","expA1_00001_0020_067_0.01_10kbp_output_alignment"
"168",68,20,1,0.01,10000,"expA1_00001_0020_068_0.01_10kbp","JC",NA,"DNA","expA1_00001_0020_068_0.01_10kbp_random_trees.phy","expA1_00001_0020_068_0.01_10kbp_partitions.nex","expA1_00001_0020_068_0.01_10kbp_output_alignment"
"169",69,20,1,0.01,10000,"expA1_00001_0020_069_0.01_10kbp","JC",NA,"DNA","expA1_00001_0020_069_0.01_10kbp_random_trees.phy","expA1_00001_0020_069_0.01_10kbp_partitions.nex","expA1_00001_0020_069_0.01_10kbp_output_alignment"
"170",70,20,1,0.01,10000,"expA1_00001_0020_070_0.01_10kbp","JC",NA,"DNA","expA1_00001_0020_070_0.01_10kbp_random_trees.phy","expA1_00001_0020_070_0.01_10kbp_partitions.nex","expA1_00001_0020_070_0.01_10kbp_output_alignment"
"171",71,20,1,0.01,10000,"expA1_00001_0020_071_0.01_10kbp","JC",NA,"DNA","expA1_00001_0020_071_0.01_10kbp_random_trees.phy","expA1_00001_0020_071_0.01_10kbp_partitions.nex","expA1_00001_0020_071_0.01_10kbp_output_alignment"
"172",72,20,1,0.01,10000,"expA1_00001_0020_072_0.01_10kbp","JC",NA,"DNA","expA1_00001_0020_072_0.01_10kbp_random_trees.phy","expA1_00001_0020_072_0.01_10kbp_partitions.nex","expA1_00001_0020_072_0.01_10kbp_output_alignment"
"173",73,20,1,0.01,10000,"expA1_00001_0020_073_0.01_10kbp","JC",NA,"DNA","expA1_00001_0020_073_0.01_10kbp_random_trees.phy","expA1_00001_0020_073_0.01_10kbp_partitions.nex","expA1_00001_0020_073_0.01_10kbp_output_alignment"
"174",74,20,1,0.01,10000,"expA1_00001_0020_074_0.01_10kbp","JC",NA,"DNA","expA1_00001_0020_074_0.01_10kbp_random_trees.phy","expA1_00001_0020_074_0.01_10kbp_partitions.nex","expA1_00001_0020_074_0.01_10kbp_output_alignment"
"175",75,20,1,0.01,10000,"expA1_00001_0020_075_0.01_10kbp","JC",NA,"DNA","expA1_00001_0020_075_0.01_10kbp_random_trees.phy","expA1_00001_0020_075_0.01_10kbp_partitions.nex","expA1_00001_0020_075_0.01_10kbp_output_alignment"
"176",76,20,1,0.01,10000,"expA1_00001_0020_076_0.01_10kbp","JC",NA,"DNA","expA1_00001_0020_076_0.01_10kbp_random_trees.phy","expA1_00001_0020_076_0.01_10kbp_partitions.nex","expA1_00001_0020_076_0.01_10kbp_output_alignment"
"177",77,20,1,0.01,10000,"expA1_00001_0020_077_0.01_10kbp","JC",NA,"DNA","expA1_00001_0020_077_0.01_10kbp_random_trees.phy","expA1_00001_0020_077_0.01_10kbp_partitions.nex","expA1_00001_0020_077_0.01_10kbp_output_alignment"
"178",78,20,1,0.01,10000,"expA1_00001_0020_078_0.01_10kbp","JC",NA,"DNA","expA1_00001_0020_078_0.01_10kbp_random_trees.phy","expA1_00001_0020_078_0.01_10kbp_partitions.nex","expA1_00001_0020_078_0.01_10kbp_output_alignment"
"179",79,20,1,0.01,10000,"expA1_00001_0020_079_0.01_10kbp","JC",NA,"DNA","expA1_00001_0020_079_0.01_10kbp_random_trees.phy","expA1_00001_0020_079_0.01_10kbp_partitions.nex","expA1_00001_0020_079_0.01_10kbp_output_alignment"
"180",80,20,1,0.01,10000,"expA1_00001_0020_080_0.01_10kbp","JC",NA,"DNA","expA1_00001_0020_080_0.01_10kbp_random_trees.phy","expA1_00001_0020_080_0.01_10kbp_partitions.nex","expA1_00001_0020_080_0.01_10kbp_output_alignment"
"181",81,20,1,0.01,10000,"expA1_00001_0020_081_0.01_10kbp","JC",NA,"DNA","expA1_00001_0020_081_0.01_10kbp_random_trees.phy","expA1_00001_0020_081_0.01_10kbp_partitions.nex","expA1_00001_0020_081_0.01_10kbp_output_alignment"
"182",82,20,1,0.01,10000,"expA1_00001_0020_082_0.01_10kbp","JC",NA,"DNA","expA1_00001_0020_082_0.01_10kbp_random_trees.phy","expA1_00001_0020_082_0.01_10kbp_partitions.nex","expA1_00001_0020_082_0.01_10kbp_output_alignment"
"183",83,20,1,0.01,10000,"expA1_00001_0020_083_0.01_10kbp","JC",NA,"DNA","expA1_00001_0020_083_0.01_10kbp_random_trees.phy","expA1_00001_0020_083_0.01_10kbp_partitions.nex","expA1_00001_0020_083_0.01_10kbp_output_alignment"
"184",84,20,1,0.01,10000,"expA1_00001_0020_084_0.01_10kbp","JC",NA,"DNA","expA1_00001_0020_084_0.01_10kbp_random_trees.phy","expA1_00001_0020_084_0.01_10kbp_partitions.nex","expA1_00001_0020_084_0.01_10kbp_output_alignment"
"185",85,20,1,0.01,10000,"expA1_00001_0020_085_0.01_10kbp","JC",NA,"DNA","expA1_00001_0020_085_0.01_10kbp_random_trees.phy","expA1_00001_0020_085_0.01_10kbp_partitions.nex","expA1_00001_0020_085_0.01_10kbp_output_alignment"
"186",86,20,1,0.01,10000,"expA1_00001_0020_086_0.01_10kbp","JC",NA,"DNA","expA1_00001_0020_086_0.01_10kbp_random_trees.phy","expA1_00001_0020_086_0.01_10kbp_partitions.nex","expA1_00001_0020_086_0.01_10kbp_output_alignment"
"187",87,20,1,0.01,10000,"expA1_00001_0020_087_0.01_10kbp","JC",NA,"DNA","expA1_00001_0020_087_0.01_10kbp_random_trees.phy","expA1_00001_0020_087_0.01_10kbp_partitions.nex","expA1_00001_0020_087_0.01_10kbp_output_alignment"
"188",88,20,1,0.01,10000,"expA1_00001_0020_088_0.01_10kbp","JC",NA,"DNA","expA1_00001_0020_088_0.01_10kbp_random_trees.phy","expA1_00001_0020_088_0.01_10kbp_partitions.nex","expA1_00001_0020_088_0.01_10kbp_output_alignment"
"189",89,20,1,0.01,10000,"expA1_00001_0020_089_0.01_10kbp","JC",NA,"DNA","expA1_00001_0020_089_0.01_10kbp_random_trees.phy","expA1_00001_0020_089_0.01_10kbp_partitions.nex","expA1_00001_0020_089_0.01_10kbp_output_alignment"
"190",90,20,1,0.01,10000,"expA1_00001_0020_090_0.01_10kbp","JC",NA,"DNA","expA1_00001_0020_090_0.01_10kbp_random_trees.phy","expA1_00001_0020_090_0.01_10kbp_partitions.nex","expA1_00001_0020_090_0.01_10kbp_output_alignment"
"191",91,20,1,0.01,10000,"expA1_00001_0020_091_0.01_10kbp","JC",NA,"DNA","expA1_00001_0020_091_0.01_10kbp_random_trees.phy","expA1_00001_0020_091_0.01_10kbp_partitions.nex","expA1_00001_0020_091_0.01_10kbp_output_alignment"
"192",92,20,1,0.01,10000,"expA1_00001_0020_092_0.01_10kbp","JC",NA,"DNA","expA1_00001_0020_092_0.01_10kbp_random_trees.phy","expA1_00001_0020_092_0.01_10kbp_partitions.nex","expA1_00001_0020_092_0.01_10kbp_output_alignment"
"193",93,20,1,0.01,10000,"expA1_00001_0020_093_0.01_10kbp","JC",NA,"DNA","expA1_00001_0020_093_0.01_10kbp_random_trees.phy","expA1_00001_0020_093_0.01_10kbp_partitions.nex","expA1_00001_0020_093_0.01_10kbp_output_alignment"
"194",94,20,1,0.01,10000,"expA1_00001_0020_094_0.01_10kbp","JC",NA,"DNA","expA1_00001_0020_094_0.01_10kbp_random_trees.phy","expA1_00001_0020_094_0.01_10kbp_partitions.nex","expA1_00001_0020_094_0.01_10kbp_output_alignment"
"195",95,20,1,0.01,10000,"expA1_00001_0020_095_0.01_10kbp","JC",NA,"DNA","expA1_00001_0020_095_0.01_10kbp_random_trees.phy","expA1_00001_0020_095_0.01_10kbp_partitions.nex","expA1_00001_0020_095_0.01_10kbp_output_alignment"
"196",96,20,1,0.01,10000,"expA1_00001_0020_096_0.01_10kbp","JC",NA,"DNA","expA1_00001_0020_096_0.01_10kbp_random_trees.phy","expA1_00001_0020_096_0.01_10kbp_partitions.nex","expA1_00001_0020_096_0.01_10kbp_output_alignment"
"197",97,20,1,0.01,10000,"expA1_00001_0020_097_0.01_10kbp","JC",NA,"DNA","expA1_00001_0020_097_0.01_10kbp_random_trees.phy","expA1_00001_0020_097_0.01_10kbp_partitions.nex","expA1_00001_0020_097_0.01_10kbp_output_alignment"
"198",98,20,1,0.01,10000,"expA1_00001_0020_098_0.01_10kbp","JC",NA,"DNA","expA1_00001_0020_098_0.01_10kbp_random_trees.phy","expA1_00001_0020_098_0.01_10kbp_partitions.nex","expA1_00001_0020_098_0.01_10kbp_output_alignment"
"199",99,20,1,0.01,10000,"expA1_00001_0020_099_0.01_10kbp","JC",NA,"DNA","expA1_00001_0020_099_0.01_10kbp_random_trees.phy","expA1_00001_0020_099_0.01_10kbp_partitions.nex","expA1_00001_0020_099_0.01_10kbp_output_alignment"
"200",100,20,1,0.01,10000,"expA1_00001_0020_100_0.01_10kbp","JC",NA,"DNA","expA1_00001_0020_100_0.01_10kbp_random_trees.phy","expA1_00001_0020_100_0.01_10kbp_partitions.nex","expA1_00001_0020_100_0.01_10kbp_output_alignment"
"201",1,30,1,0.01,10000,"expA1_00001_0030_001_0.01_10kbp","JC",NA,"DNA","expA1_00001_0030_001_0.01_10kbp_random_trees.phy","expA1_00001_0030_001_0.01_10kbp_partitions.nex","expA1_00001_0030_001_0.01_10kbp_output_alignment"
"202",2,30,1,0.01,10000,"expA1_00001_0030_002_0.01_10kbp","JC",NA,"DNA","expA1_00001_0030_002_0.01_10kbp_random_trees.phy","expA1_00001_0030_002_0.01_10kbp_partitions.nex","expA1_00001_0030_002_0.01_10kbp_output_alignment"
"203",3,30,1,0.01,10000,"expA1_00001_0030_003_0.01_10kbp","JC",NA,"DNA","expA1_00001_0030_003_0.01_10kbp_random_trees.phy","expA1_00001_0030_003_0.01_10kbp_partitions.nex","expA1_00001_0030_003_0.01_10kbp_output_alignment"
"204",4,30,1,0.01,10000,"expA1_00001_0030_004_0.01_10kbp","JC",NA,"DNA","expA1_00001_0030_004_0.01_10kbp_random_trees.phy","expA1_00001_0030_004_0.01_10kbp_partitions.nex","expA1_00001_0030_004_0.01_10kbp_output_alignment"
"205",5,30,1,0.01,10000,"expA1_00001_0030_005_0.01_10kbp","JC",NA,"DNA","expA1_00001_0030_005_0.01_10kbp_random_trees.phy","expA1_00001_0030_005_0.01_10kbp_partitions.nex","expA1_00001_0030_005_0.01_10kbp_output_alignment"
"206",6,30,1,0.01,10000,"expA1_00001_0030_006_0.01_10kbp","JC",NA,"DNA","expA1_00001_0030_006_0.01_10kbp_random_trees.phy","expA1_00001_0030_006_0.01_10kbp_partitions.nex","expA1_00001_0030_006_0.01_10kbp_output_alignment"
"207",7,30,1,0.01,10000,"expA1_00001_0030_007_0.01_10kbp","JC",NA,"DNA","expA1_00001_0030_007_0.01_10kbp_random_trees.phy","expA1_00001_0030_007_0.01_10kbp_partitions.nex","expA1_00001_0030_007_0.01_10kbp_output_alignment"
"208",8,30,1,0.01,10000,"expA1_00001_0030_008_0.01_10kbp","JC",NA,"DNA","expA1_00001_0030_008_0.01_10kbp_random_trees.phy","expA1_00001_0030_008_0.01_10kbp_partitions.nex","expA1_00001_0030_008_0.01_10kbp_output_alignment"
"209",9,30,1,0.01,10000,"expA1_00001_0030_009_0.01_10kbp","JC",NA,"DNA","expA1_00001_0030_009_0.01_10kbp_random_trees.phy","expA1_00001_0030_009_0.01_10kbp_partitions.nex","expA1_00001_0030_009_0.01_10kbp_output_alignment"
"210",10,30,1,0.01,10000,"expA1_00001_0030_010_0.01_10kbp","JC",NA,"DNA","expA1_00001_0030_010_0.01_10kbp_random_trees.phy","expA1_00001_0030_010_0.01_10kbp_partitions.nex","expA1_00001_0030_010_0.01_10kbp_output_alignment"
"211",11,30,1,0.01,10000,"expA1_00001_0030_011_0.01_10kbp","JC",NA,"DNA","expA1_00001_0030_011_0.01_10kbp_random_trees.phy","expA1_00001_0030_011_0.01_10kbp_partitions.nex","expA1_00001_0030_011_0.01_10kbp_output_alignment"
"212",12,30,1,0.01,10000,"expA1_00001_0030_012_0.01_10kbp","JC",NA,"DNA","expA1_00001_0030_012_0.01_10kbp_random_trees.phy","expA1_00001_0030_012_0.01_10kbp_partitions.nex","expA1_00001_0030_012_0.01_10kbp_output_alignment"
"213",13,30,1,0.01,10000,"expA1_00001_0030_013_0.01_10kbp","JC",NA,"DNA","expA1_00001_0030_013_0.01_10kbp_random_trees.phy","expA1_00001_0030_013_0.01_10kbp_partitions.nex","expA1_00001_0030_013_0.01_10kbp_output_alignment"
"214",14,30,1,0.01,10000,"expA1_00001_0030_014_0.01_10kbp","JC",NA,"DNA","expA1_00001_0030_014_0.01_10kbp_random_trees.phy","expA1_00001_0030_014_0.01_10kbp_partitions.nex","expA1_00001_0030_014_0.01_10kbp_output_alignment"
"215",15,30,1,0.01,10000,"expA1_00001_0030_015_0.01_10kbp","JC",NA,"DNA","expA1_00001_0030_015_0.01_10kbp_random_trees.phy","expA1_00001_0030_015_0.01_10kbp_partitions.nex","expA1_00001_0030_015_0.01_10kbp_output_alignment"
"216",16,30,1,0.01,10000,"expA1_00001_0030_016_0.01_10kbp","JC",NA,"DNA","expA1_00001_0030_016_0.01_10kbp_random_trees.phy","expA1_00001_0030_016_0.01_10kbp_partitions.nex","expA1_00001_0030_016_0.01_10kbp_output_alignment"
"217",17,30,1,0.01,10000,"expA1_00001_0030_017_0.01_10kbp","JC",NA,"DNA","expA1_00001_0030_017_0.01_10kbp_random_trees.phy","expA1_00001_0030_017_0.01_10kbp_partitions.nex","expA1_00001_0030_017_0.01_10kbp_output_alignment"
"218",18,30,1,0.01,10000,"expA1_00001_0030_018_0.01_10kbp","JC",NA,"DNA","expA1_00001_0030_018_0.01_10kbp_random_trees.phy","expA1_00001_0030_018_0.01_10kbp_partitions.nex","expA1_00001_0030_018_0.01_10kbp_output_alignment"
"219",19,30,1,0.01,10000,"expA1_00001_0030_019_0.01_10kbp","JC",NA,"DNA","expA1_00001_0030_019_0.01_10kbp_random_trees.phy","expA1_00001_0030_019_0.01_10kbp_partitions.nex","expA1_00001_0030_019_0.01_10kbp_output_alignment"
"220",20,30,1,0.01,10000,"expA1_00001_0030_020_0.01_10kbp","JC",NA,"DNA","expA1_00001_0030_020_0.01_10kbp_random_trees.phy","expA1_00001_0030_020_0.01_10kbp_partitions.nex","expA1_00001_0030_020_0.01_10kbp_output_alignment"
"221",21,30,1,0.01,10000,"expA1_00001_0030_021_0.01_10kbp","JC",NA,"DNA","expA1_00001_0030_021_0.01_10kbp_random_trees.phy","expA1_00001_0030_021_0.01_10kbp_partitions.nex","expA1_00001_0030_021_0.01_10kbp_output_alignment"
"222",22,30,1,0.01,10000,"expA1_00001_0030_022_0.01_10kbp","JC",NA,"DNA","expA1_00001_0030_022_0.01_10kbp_random_trees.phy","expA1_00001_0030_022_0.01_10kbp_partitions.nex","expA1_00001_0030_022_0.01_10kbp_output_alignment"
"223",23,30,1,0.01,10000,"expA1_00001_0030_023_0.01_10kbp","JC",NA,"DNA","expA1_00001_0030_023_0.01_10kbp_random_trees.phy","expA1_00001_0030_023_0.01_10kbp_partitions.nex","expA1_00001_0030_023_0.01_10kbp_output_alignment"
"224",24,30,1,0.01,10000,"expA1_00001_0030_024_0.01_10kbp","JC",NA,"DNA","expA1_00001_0030_024_0.01_10kbp_random_trees.phy","expA1_00001_0030_024_0.01_10kbp_partitions.nex","expA1_00001_0030_024_0.01_10kbp_output_alignment"
"225",25,30,1,0.01,10000,"expA1_00001_0030_025_0.01_10kbp","JC",NA,"DNA","expA1_00001_0030_025_0.01_10kbp_random_trees.phy","expA1_00001_0030_025_0.01_10kbp_partitions.nex","expA1_00001_0030_025_0.01_10kbp_output_alignment"
"226",26,30,1,0.01,10000,"expA1_00001_0030_026_0.01_10kbp","JC",NA,"DNA","expA1_00001_0030_026_0.01_10kbp_random_trees.phy","expA1_00001_0030_026_0.01_10kbp_partitions.nex","expA1_00001_0030_026_0.01_10kbp_output_alignment"
"227",27,30,1,0.01,10000,"expA1_00001_0030_027_0.01_10kbp","JC",NA,"DNA","expA1_00001_0030_027_0.01_10kbp_random_trees.phy","expA1_00001_0030_027_0.01_10kbp_partitions.nex","expA1_00001_0030_027_0.01_10kbp_output_alignment"
"228",28,30,1,0.01,10000,"expA1_00001_0030_028_0.01_10kbp","JC",NA,"DNA","expA1_00001_0030_028_0.01_10kbp_random_trees.phy","expA1_00001_0030_028_0.01_10kbp_partitions.nex","expA1_00001_0030_028_0.01_10kbp_output_alignment"
"229",29,30,1,0.01,10000,"expA1_00001_0030_029_0.01_10kbp","JC",NA,"DNA","expA1_00001_0030_029_0.01_10kbp_random_trees.phy","expA1_00001_0030_029_0.01_10kbp_partitions.nex","expA1_00001_0030_029_0.01_10kbp_output_alignment"
"230",30,30,1,0.01,10000,"expA1_00001_0030_030_0.01_10kbp","JC",NA,"DNA","expA1_00001_0030_030_0.01_10kbp_random_trees.phy","expA1_00001_0030_030_0.01_10kbp_partitions.nex","expA1_00001_0030_030_0.01_10kbp_output_alignment"
"231",31,30,1,0.01,10000,"expA1_00001_0030_031_0.01_10kbp","JC",NA,"DNA","expA1_00001_0030_031_0.01_10kbp_random_trees.phy","expA1_00001_0030_031_0.01_10kbp_partitions.nex","expA1_00001_0030_031_0.01_10kbp_output_alignment"
"232",32,30,1,0.01,10000,"expA1_00001_0030_032_0.01_10kbp","JC",NA,"DNA","expA1_00001_0030_032_0.01_10kbp_random_trees.phy","expA1_00001_0030_032_0.01_10kbp_partitions.nex","expA1_00001_0030_032_0.01_10kbp_output_alignment"
"233",33,30,1,0.01,10000,"expA1_00001_0030_033_0.01_10kbp","JC",NA,"DNA","expA1_00001_0030_033_0.01_10kbp_random_trees.phy","expA1_00001_0030_033_0.01_10kbp_partitions.nex","expA1_00001_0030_033_0.01_10kbp_output_alignment"
"234",34,30,1,0.01,10000,"expA1_00001_0030_034_0.01_10kbp","JC",NA,"DNA","expA1_00001_0030_034_0.01_10kbp_random_trees.phy","expA1_00001_0030_034_0.01_10kbp_partitions.nex","expA1_00001_0030_034_0.01_10kbp_output_alignment"
"235",35,30,1,0.01,10000,"expA1_00001_0030_035_0.01_10kbp","JC",NA,"DNA","expA1_00001_0030_035_0.01_10kbp_random_trees.phy","expA1_00001_0030_035_0.01_10kbp_partitions.nex","expA1_00001_0030_035_0.01_10kbp_output_alignment"
"236",36,30,1,0.01,10000,"expA1_00001_0030_036_0.01_10kbp","JC",NA,"DNA","expA1_00001_0030_036_0.01_10kbp_random_trees.phy","expA1_00001_0030_036_0.01_10kbp_partitions.nex","expA1_00001_0030_036_0.01_10kbp_output_alignment"
"237",37,30,1,0.01,10000,"expA1_00001_0030_037_0.01_10kbp","JC",NA,"DNA","expA1_00001_0030_037_0.01_10kbp_random_trees.phy","expA1_00001_0030_037_0.01_10kbp_partitions.nex","expA1_00001_0030_037_0.01_10kbp_output_alignment"
"238",38,30,1,0.01,10000,"expA1_00001_0030_038_0.01_10kbp","JC",NA,"DNA","expA1_00001_0030_038_0.01_10kbp_random_trees.phy","expA1_00001_0030_038_0.01_10kbp_partitions.nex","expA1_00001_0030_038_0.01_10kbp_output_alignment"
"239",39,30,1,0.01,10000,"expA1_00001_0030_039_0.01_10kbp","JC",NA,"DNA","expA1_00001_0030_039_0.01_10kbp_random_trees.phy","expA1_00001_0030_039_0.01_10kbp_partitions.nex","expA1_00001_0030_039_0.01_10kbp_output_alignment"
"240",40,30,1,0.01,10000,"expA1_00001_0030_040_0.01_10kbp","JC",NA,"DNA","expA1_00001_0030_040_0.01_10kbp_random_trees.phy","expA1_00001_0030_040_0.01_10kbp_partitions.nex","expA1_00001_0030_040_0.01_10kbp_output_alignment"
"241",41,30,1,0.01,10000,"expA1_00001_0030_041_0.01_10kbp","JC",NA,"DNA","expA1_00001_0030_041_0.01_10kbp_random_trees.phy","expA1_00001_0030_041_0.01_10kbp_partitions.nex","expA1_00001_0030_041_0.01_10kbp_output_alignment"
"242",42,30,1,0.01,10000,"expA1_00001_0030_042_0.01_10kbp","JC",NA,"DNA","expA1_00001_0030_042_0.01_10kbp_random_trees.phy","expA1_00001_0030_042_0.01_10kbp_partitions.nex","expA1_00001_0030_042_0.01_10kbp_output_alignment"
"243",43,30,1,0.01,10000,"expA1_00001_0030_043_0.01_10kbp","JC",NA,"DNA","expA1_00001_0030_043_0.01_10kbp_random_trees.phy","expA1_00001_0030_043_0.01_10kbp_partitions.nex","expA1_00001_0030_043_0.01_10kbp_output_alignment"
"244",44,30,1,0.01,10000,"expA1_00001_0030_044_0.01_10kbp","JC",NA,"DNA","expA1_00001_0030_044_0.01_10kbp_random_trees.phy","expA1_00001_0030_044_0.01_10kbp_partitions.nex","expA1_00001_0030_044_0.01_10kbp_output_alignment"
"245",45,30,1,0.01,10000,"expA1_00001_0030_045_0.01_10kbp","JC",NA,"DNA","expA1_00001_0030_045_0.01_10kbp_random_trees.phy","expA1_00001_0030_045_0.01_10kbp_partitions.nex","expA1_00001_0030_045_0.01_10kbp_output_alignment"
"246",46,30,1,0.01,10000,"expA1_00001_0030_046_0.01_10kbp","JC",NA,"DNA","expA1_00001_0030_046_0.01_10kbp_random_trees.phy","expA1_00001_0030_046_0.01_10kbp_partitions.nex","expA1_00001_0030_046_0.01_10kbp_output_alignment"
"247",47,30,1,0.01,10000,"expA1_00001_0030_047_0.01_10kbp","JC",NA,"DNA","expA1_00001_0030_047_0.01_10kbp_random_trees.phy","expA1_00001_0030_047_0.01_10kbp_partitions.nex","expA1_00001_0030_047_0.01_10kbp_output_alignment"
"248",48,30,1,0.01,10000,"expA1_00001_0030_048_0.01_10kbp","JC",NA,"DNA","expA1_00001_0030_048_0.01_10kbp_random_trees.phy","expA1_00001_0030_048_0.01_10kbp_partitions.nex","expA1_00001_0030_048_0.01_10kbp_output_alignment"
"249",49,30,1,0.01,10000,"expA1_00001_0030_049_0.01_10kbp","JC",NA,"DNA","expA1_00001_0030_049_0.01_10kbp_random_trees.phy","expA1_00001_0030_049_0.01_10kbp_partitions.nex","expA1_00001_0030_049_0.01_10kbp_output_alignment"
"250",50,30,1,0.01,10000,"expA1_00001_0030_050_0.01_10kbp","JC",NA,"DNA","expA1_00001_0030_050_0.01_10kbp_random_trees.phy","expA1_00001_0030_050_0.01_10kbp_partitions.nex","expA1_00001_0030_050_0.01_10kbp_output_alignment"
"251",51,30,1,0.01,10000,"expA1_00001_0030_051_0.01_10kbp","JC",NA,"DNA","expA1_00001_0030_051_0.01_10kbp_random_trees.phy","expA1_00001_0030_051_0.01_10kbp_partitions.nex","expA1_00001_0030_051_0.01_10kbp_output_alignment"
"252",52,30,1,0.01,10000,"expA1_00001_0030_052_0.01_10kbp","JC",NA,"DNA","expA1_00001_0030_052_0.01_10kbp_random_trees.phy","expA1_00001_0030_052_0.01_10kbp_partitions.nex","expA1_00001_0030_052_0.01_10kbp_output_alignment"
"253",53,30,1,0.01,10000,"expA1_00001_0030_053_0.01_10kbp","JC",NA,"DNA","expA1_00001_0030_053_0.01_10kbp_random_trees.phy","expA1_00001_0030_053_0.01_10kbp_partitions.nex","expA1_00001_0030_053_0.01_10kbp_output_alignment"
"254",54,30,1,0.01,10000,"expA1_00001_0030_054_0.01_10kbp","JC",NA,"DNA","expA1_00001_0030_054_0.01_10kbp_random_trees.phy","expA1_00001_0030_054_0.01_10kbp_partitions.nex","expA1_00001_0030_054_0.01_10kbp_output_alignment"
"255",55,30,1,0.01,10000,"expA1_00001_0030_055_0.01_10kbp","JC",NA,"DNA","expA1_00001_0030_055_0.01_10kbp_random_trees.phy","expA1_00001_0030_055_0.01_10kbp_partitions.nex","expA1_00001_0030_055_0.01_10kbp_output_alignment"
"256",56,30,1,0.01,10000,"expA1_00001_0030_056_0.01_10kbp","JC",NA,"DNA","expA1_00001_0030_056_0.01_10kbp_random_trees.phy","expA1_00001_0030_056_0.01_10kbp_partitions.nex","expA1_00001_0030_056_0.01_10kbp_output_alignment"
"257",57,30,1,0.01,10000,"expA1_00001_0030_057_0.01_10kbp","JC",NA,"DNA","expA1_00001_0030_057_0.01_10kbp_random_trees.phy","expA1_00001_0030_057_0.01_10kbp_partitions.nex","expA1_00001_0030_057_0.01_10kbp_output_alignment"
"258",58,30,1,0.01,10000,"expA1_00001_0030_058_0.01_10kbp","JC",NA,"DNA","expA1_00001_0030_058_0.01_10kbp_random_trees.phy","expA1_00001_0030_058_0.01_10kbp_partitions.nex","expA1_00001_0030_058_0.01_10kbp_output_alignment"
"259",59,30,1,0.01,10000,"expA1_00001_0030_059_0.01_10kbp","JC",NA,"DNA","expA1_00001_0030_059_0.01_10kbp_random_trees.phy","expA1_00001_0030_059_0.01_10kbp_partitions.nex","expA1_00001_0030_059_0.01_10kbp_output_alignment"
"260",60,30,1,0.01,10000,"expA1_00001_0030_060_0.01_10kbp","JC",NA,"DNA","expA1_00001_0030_060_0.01_10kbp_random_trees.phy","expA1_00001_0030_060_0.01_10kbp_partitions.nex","expA1_00001_0030_060_0.01_10kbp_output_alignment"
"261",61,30,1,0.01,10000,"expA1_00001_0030_061_0.01_10kbp","JC",NA,"DNA","expA1_00001_0030_061_0.01_10kbp_random_trees.phy","expA1_00001_0030_061_0.01_10kbp_partitions.nex","expA1_00001_0030_061_0.01_10kbp_output_alignment"
"262",62,30,1,0.01,10000,"expA1_00001_0030_062_0.01_10kbp","JC",NA,"DNA","expA1_00001_0030_062_0.01_10kbp_random_trees.phy","expA1_00001_0030_062_0.01_10kbp_partitions.nex","expA1_00001_0030_062_0.01_10kbp_output_alignment"
"263",63,30,1,0.01,10000,"expA1_00001_0030_063_0.01_10kbp","JC",NA,"DNA","expA1_00001_0030_063_0.01_10kbp_random_trees.phy","expA1_00001_0030_063_0.01_10kbp_partitions.nex","expA1_00001_0030_063_0.01_10kbp_output_alignment"
"264",64,30,1,0.01,10000,"expA1_00001_0030_064_0.01_10kbp","JC",NA,"DNA","expA1_00001_0030_064_0.01_10kbp_random_trees.phy","expA1_00001_0030_064_0.01_10kbp_partitions.nex","expA1_00001_0030_064_0.01_10kbp_output_alignment"
"265",65,30,1,0.01,10000,"expA1_00001_0030_065_0.01_10kbp","JC",NA,"DNA","expA1_00001_0030_065_0.01_10kbp_random_trees.phy","expA1_00001_0030_065_0.01_10kbp_partitions.nex","expA1_00001_0030_065_0.01_10kbp_output_alignment"
"266",66,30,1,0.01,10000,"expA1_00001_0030_066_0.01_10kbp","JC",NA,"DNA","expA1_00001_0030_066_0.01_10kbp_random_trees.phy","expA1_00001_0030_066_0.01_10kbp_partitions.nex","expA1_00001_0030_066_0.01_10kbp_output_alignment"
"267",67,30,1,0.01,10000,"expA1_00001_0030_067_0.01_10kbp","JC",NA,"DNA","expA1_00001_0030_067_0.01_10kbp_random_trees.phy","expA1_00001_0030_067_0.01_10kbp_partitions.nex","expA1_00001_0030_067_0.01_10kbp_output_alignment"
"268",68,30,1,0.01,10000,"expA1_00001_0030_068_0.01_10kbp","JC",NA,"DNA","expA1_00001_0030_068_0.01_10kbp_random_trees.phy","expA1_00001_0030_068_0.01_10kbp_partitions.nex","expA1_00001_0030_068_0.01_10kbp_output_alignment"
"269",69,30,1,0.01,10000,"expA1_00001_0030_069_0.01_10kbp","JC",NA,"DNA","expA1_00001_0030_069_0.01_10kbp_random_trees.phy","expA1_00001_0030_069_0.01_10kbp_partitions.nex","expA1_00001_0030_069_0.01_10kbp_output_alignment"
"270",70,30,1,0.01,10000,"expA1_00001_0030_070_0.01_10kbp","JC",NA,"DNA","expA1_00001_0030_070_0.01_10kbp_random_trees.phy","expA1_00001_0030_070_0.01_10kbp_partitions.nex","expA1_00001_0030_070_0.01_10kbp_output_alignment"
"271",71,30,1,0.01,10000,"expA1_00001_0030_071_0.01_10kbp","JC",NA,"DNA","expA1_00001_0030_071_0.01_10kbp_random_trees.phy","expA1_00001_0030_071_0.01_10kbp_partitions.nex","expA1_00001_0030_071_0.01_10kbp_output_alignment"
"272",72,30,1,0.01,10000,"expA1_00001_0030_072_0.01_10kbp","JC",NA,"DNA","expA1_00001_0030_072_0.01_10kbp_random_trees.phy","expA1_00001_0030_072_0.01_10kbp_partitions.nex","expA1_00001_0030_072_0.01_10kbp_output_alignment"
"273",73,30,1,0.01,10000,"expA1_00001_0030_073_0.01_10kbp","JC",NA,"DNA","expA1_00001_0030_073_0.01_10kbp_random_trees.phy","expA1_00001_0030_073_0.01_10kbp_partitions.nex","expA1_00001_0030_073_0.01_10kbp_output_alignment"
"274",74,30,1,0.01,10000,"expA1_00001_0030_074_0.01_10kbp","JC",NA,"DNA","expA1_00001_0030_074_0.01_10kbp_random_trees.phy","expA1_00001_0030_074_0.01_10kbp_partitions.nex","expA1_00001_0030_074_0.01_10kbp_output_alignment"
"275",75,30,1,0.01,10000,"expA1_00001_0030_075_0.01_10kbp","JC",NA,"DNA","expA1_00001_0030_075_0.01_10kbp_random_trees.phy","expA1_00001_0030_075_0.01_10kbp_partitions.nex","expA1_00001_0030_075_0.01_10kbp_output_alignment"
"276",76,30,1,0.01,10000,"expA1_00001_0030_076_0.01_10kbp","JC",NA,"DNA","expA1_00001_0030_076_0.01_10kbp_random_trees.phy","expA1_00001_0030_076_0.01_10kbp_partitions.nex","expA1_00001_0030_076_0.01_10kbp_output_alignment"
"277",77,30,1,0.01,10000,"expA1_00001_0030_077_0.01_10kbp","JC",NA,"DNA","expA1_00001_0030_077_0.01_10kbp_random_trees.phy","expA1_00001_0030_077_0.01_10kbp_partitions.nex","expA1_00001_0030_077_0.01_10kbp_output_alignment"
"278",78,30,1,0.01,10000,"expA1_00001_0030_078_0.01_10kbp","JC",NA,"DNA","expA1_00001_0030_078_0.01_10kbp_random_trees.phy","expA1_00001_0030_078_0.01_10kbp_partitions.nex","expA1_00001_0030_078_0.01_10kbp_output_alignment"
"279",79,30,1,0.01,10000,"expA1_00001_0030_079_0.01_10kbp","JC",NA,"DNA","expA1_00001_0030_079_0.01_10kbp_random_trees.phy","expA1_00001_0030_079_0.01_10kbp_partitions.nex","expA1_00001_0030_079_0.01_10kbp_output_alignment"
"280",80,30,1,0.01,10000,"expA1_00001_0030_080_0.01_10kbp","JC",NA,"DNA","expA1_00001_0030_080_0.01_10kbp_random_trees.phy","expA1_00001_0030_080_0.01_10kbp_partitions.nex","expA1_00001_0030_080_0.01_10kbp_output_alignment"
"281",81,30,1,0.01,10000,"expA1_00001_0030_081_0.01_10kbp","JC",NA,"DNA","expA1_00001_0030_081_0.01_10kbp_random_trees.phy","expA1_00001_0030_081_0.01_10kbp_partitions.nex","expA1_00001_0030_081_0.01_10kbp_output_alignment"
"282",82,30,1,0.01,10000,"expA1_00001_0030_082_0.01_10kbp","JC",NA,"DNA","expA1_00001_0030_082_0.01_10kbp_random_trees.phy","expA1_00001_0030_082_0.01_10kbp_partitions.nex","expA1_00001_0030_082_0.01_10kbp_output_alignment"
"283",83,30,1,0.01,10000,"expA1_00001_0030_083_0.01_10kbp","JC",NA,"DNA","expA1_00001_0030_083_0.01_10kbp_random_trees.phy","expA1_00001_0030_083_0.01_10kbp_partitions.nex","expA1_00001_0030_083_0.01_10kbp_output_alignment"
"284",84,30,1,0.01,10000,"expA1_00001_0030_084_0.01_10kbp","JC",NA,"DNA","expA1_00001_0030_084_0.01_10kbp_random_trees.phy","expA1_00001_0030_084_0.01_10kbp_partitions.nex","expA1_00001_0030_084_0.01_10kbp_output_alignment"
"285",85,30,1,0.01,10000,"expA1_00001_0030_085_0.01_10kbp","JC",NA,"DNA","expA1_00001_0030_085_0.01_10kbp_random_trees.phy","expA1_00001_0030_085_0.01_10kbp_partitions.nex","expA1_00001_0030_085_0.01_10kbp_output_alignment"
"286",86,30,1,0.01,10000,"expA1_00001_0030_086_0.01_10kbp","JC",NA,"DNA","expA1_00001_0030_086_0.01_10kbp_random_trees.phy","expA1_00001_0030_086_0.01_10kbp_partitions.nex","expA1_00001_0030_086_0.01_10kbp_output_alignment"
"287",87,30,1,0.01,10000,"expA1_00001_0030_087_0.01_10kbp","JC",NA,"DNA","expA1_00001_0030_087_0.01_10kbp_random_trees.phy","expA1_00001_0030_087_0.01_10kbp_partitions.nex","expA1_00001_0030_087_0.01_10kbp_output_alignment"
"288",88,30,1,0.01,10000,"expA1_00001_0030_088_0.01_10kbp","JC",NA,"DNA","expA1_00001_0030_088_0.01_10kbp_random_trees.phy","expA1_00001_0030_088_0.01_10kbp_partitions.nex","expA1_00001_0030_088_0.01_10kbp_output_alignment"
"289",89,30,1,0.01,10000,"expA1_00001_0030_089_0.01_10kbp","JC",NA,"DNA","expA1_00001_0030_089_0.01_10kbp_random_trees.phy","expA1_00001_0030_089_0.01_10kbp_partitions.nex","expA1_00001_0030_089_0.01_10kbp_output_alignment"
"290",90,30,1,0.01,10000,"expA1_00001_0030_090_0.01_10kbp","JC",NA,"DNA","expA1_00001_0030_090_0.01_10kbp_random_trees.phy","expA1_00001_0030_090_0.01_10kbp_partitions.nex","expA1_00001_0030_090_0.01_10kbp_output_alignment"
"291",91,30,1,0.01,10000,"expA1_00001_0030_091_0.01_10kbp","JC",NA,"DNA","expA1_00001_0030_091_0.01_10kbp_random_trees.phy","expA1_00001_0030_091_0.01_10kbp_partitions.nex","expA1_00001_0030_091_0.01_10kbp_output_alignment"
"292",92,30,1,0.01,10000,"expA1_00001_0030_092_0.01_10kbp","JC",NA,"DNA","expA1_00001_0030_092_0.01_10kbp_random_trees.phy","expA1_00001_0030_092_0.01_10kbp_partitions.nex","expA1_00001_0030_092_0.01_10kbp_output_alignment"
"293",93,30,1,0.01,10000,"expA1_00001_0030_093_0.01_10kbp","JC",NA,"DNA","expA1_00001_0030_093_0.01_10kbp_random_trees.phy","expA1_00001_0030_093_0.01_10kbp_partitions.nex","expA1_00001_0030_093_0.01_10kbp_output_alignment"
"294",94,30,1,0.01,10000,"expA1_00001_0030_094_0.01_10kbp","JC",NA,"DNA","expA1_00001_0030_094_0.01_10kbp_random_trees.phy","expA1_00001_0030_094_0.01_10kbp_partitions.nex","expA1_00001_0030_094_0.01_10kbp_output_alignment"
"295",95,30,1,0.01,10000,"expA1_00001_0030_095_0.01_10kbp","JC",NA,"DNA","expA1_00001_0030_095_0.01_10kbp_random_trees.phy","expA1_00001_0030_095_0.01_10kbp_partitions.nex","expA1_00001_0030_095_0.01_10kbp_output_alignment"
"296",96,30,1,0.01,10000,"expA1_00001_0030_096_0.01_10kbp","JC",NA,"DNA","expA1_00001_0030_096_0.01_10kbp_random_trees.phy","expA1_00001_0030_096_0.01_10kbp_partitions.nex","expA1_00001_0030_096_0.01_10kbp_output_alignment"
"297",97,30,1,0.01,10000,"expA1_00001_0030_097_0.01_10kbp","JC",NA,"DNA","expA1_00001_0030_097_0.01_10kbp_random_trees.phy","expA1_00001_0030_097_0.01_10kbp_partitions.nex","expA1_00001_0030_097_0.01_10kbp_output_alignment"
"298",98,30,1,0.01,10000,"expA1_00001_0030_098_0.01_10kbp","JC",NA,"DNA","expA1_00001_0030_098_0.01_10kbp_random_trees.phy","expA1_00001_0030_098_0.01_10kbp_partitions.nex","expA1_00001_0030_098_0.01_10kbp_output_alignment"
"299",99,30,1,0.01,10000,"expA1_00001_0030_099_0.01_10kbp","JC",NA,"DNA","expA1_00001_0030_099_0.01_10kbp_random_trees.phy","expA1_00001_0030_099_0.01_10kbp_partitions.nex","expA1_00001_0030_099_0.01_10kbp_output_alignment"
"300",100,30,1,0.01,10000,"expA1_00001_0030_100_0.01_10kbp","JC",NA,"DNA","expA1_00001_0030_100_0.01_10kbp_random_trees.phy","expA1_00001_0030_100_0.01_10kbp_partitions.nex","expA1_00001_0030_100_0.01_10kbp_output_alignment"
"301",1,40,1,0.01,10000,"expA1_00001_0040_001_0.01_10kbp","JC",NA,"DNA","expA1_00001_0040_001_0.01_10kbp_random_trees.phy","expA1_00001_0040_001_0.01_10kbp_partitions.nex","expA1_00001_0040_001_0.01_10kbp_output_alignment"
"302",2,40,1,0.01,10000,"expA1_00001_0040_002_0.01_10kbp","JC",NA,"DNA","expA1_00001_0040_002_0.01_10kbp_random_trees.phy","expA1_00001_0040_002_0.01_10kbp_partitions.nex","expA1_00001_0040_002_0.01_10kbp_output_alignment"
"303",3,40,1,0.01,10000,"expA1_00001_0040_003_0.01_10kbp","JC",NA,"DNA","expA1_00001_0040_003_0.01_10kbp_random_trees.phy","expA1_00001_0040_003_0.01_10kbp_partitions.nex","expA1_00001_0040_003_0.01_10kbp_output_alignment"
"304",4,40,1,0.01,10000,"expA1_00001_0040_004_0.01_10kbp","JC",NA,"DNA","expA1_00001_0040_004_0.01_10kbp_random_trees.phy","expA1_00001_0040_004_0.01_10kbp_partitions.nex","expA1_00001_0040_004_0.01_10kbp_output_alignment"
"305",5,40,1,0.01,10000,"expA1_00001_0040_005_0.01_10kbp","JC",NA,"DNA","expA1_00001_0040_005_0.01_10kbp_random_trees.phy","expA1_00001_0040_005_0.01_10kbp_partitions.nex","expA1_00001_0040_005_0.01_10kbp_output_alignment"
"306",6,40,1,0.01,10000,"expA1_00001_0040_006_0.01_10kbp","JC",NA,"DNA","expA1_00001_0040_006_0.01_10kbp_random_trees.phy","expA1_00001_0040_006_0.01_10kbp_partitions.nex","expA1_00001_0040_006_0.01_10kbp_output_alignment"
"307",7,40,1,0.01,10000,"expA1_00001_0040_007_0.01_10kbp","JC",NA,"DNA","expA1_00001_0040_007_0.01_10kbp_random_trees.phy","expA1_00001_0040_007_0.01_10kbp_partitions.nex","expA1_00001_0040_007_0.01_10kbp_output_alignment"
"308",8,40,1,0.01,10000,"expA1_00001_0040_008_0.01_10kbp","JC",NA,"DNA","expA1_00001_0040_008_0.01_10kbp_random_trees.phy","expA1_00001_0040_008_0.01_10kbp_partitions.nex","expA1_00001_0040_008_0.01_10kbp_output_alignment"
"309",9,40,1,0.01,10000,"expA1_00001_0040_009_0.01_10kbp","JC",NA,"DNA","expA1_00001_0040_009_0.01_10kbp_random_trees.phy","expA1_00001_0040_009_0.01_10kbp_partitions.nex","expA1_00001_0040_009_0.01_10kbp_output_alignment"
"310",10,40,1,0.01,10000,"expA1_00001_0040_010_0.01_10kbp","JC",NA,"DNA","expA1_00001_0040_010_0.01_10kbp_random_trees.phy","expA1_00001_0040_010_0.01_10kbp_partitions.nex","expA1_00001_0040_010_0.01_10kbp_output_alignment"
"311",11,40,1,0.01,10000,"expA1_00001_0040_011_0.01_10kbp","JC",NA,"DNA","expA1_00001_0040_011_0.01_10kbp_random_trees.phy","expA1_00001_0040_011_0.01_10kbp_partitions.nex","expA1_00001_0040_011_0.01_10kbp_output_alignment"
"312",12,40,1,0.01,10000,"expA1_00001_0040_012_0.01_10kbp","JC",NA,"DNA","expA1_00001_0040_012_0.01_10kbp_random_trees.phy","expA1_00001_0040_012_0.01_10kbp_partitions.nex","expA1_00001_0040_012_0.01_10kbp_output_alignment"
"313",13,40,1,0.01,10000,"expA1_00001_0040_013_0.01_10kbp","JC",NA,"DNA","expA1_00001_0040_013_0.01_10kbp_random_trees.phy","expA1_00001_0040_013_0.01_10kbp_partitions.nex","expA1_00001_0040_013_0.01_10kbp_output_alignment"
"314",14,40,1,0.01,10000,"expA1_00001_0040_014_0.01_10kbp","JC",NA,"DNA","expA1_00001_0040_014_0.01_10kbp_random_trees.phy","expA1_00001_0040_014_0.01_10kbp_partitions.nex","expA1_00001_0040_014_0.01_10kbp_output_alignment"
"315",15,40,1,0.01,10000,"expA1_00001_0040_015_0.01_10kbp","JC",NA,"DNA","expA1_00001_0040_015_0.01_10kbp_random_trees.phy","expA1_00001_0040_015_0.01_10kbp_partitions.nex","expA1_00001_0040_015_0.01_10kbp_output_alignment"
"316",16,40,1,0.01,10000,"expA1_00001_0040_016_0.01_10kbp","JC",NA,"DNA","expA1_00001_0040_016_0.01_10kbp_random_trees.phy","expA1_00001_0040_016_0.01_10kbp_partitions.nex","expA1_00001_0040_016_0.01_10kbp_output_alignment"
"317",17,40,1,0.01,10000,"expA1_00001_0040_017_0.01_10kbp","JC",NA,"DNA","expA1_00001_0040_017_0.01_10kbp_random_trees.phy","expA1_00001_0040_017_0.01_10kbp_partitions.nex","expA1_00001_0040_017_0.01_10kbp_output_alignment"
"318",18,40,1,0.01,10000,"expA1_00001_0040_018_0.01_10kbp","JC",NA,"DNA","expA1_00001_0040_018_0.01_10kbp_random_trees.phy","expA1_00001_0040_018_0.01_10kbp_partitions.nex","expA1_00001_0040_018_0.01_10kbp_output_alignment"
"319",19,40,1,0.01,10000,"expA1_00001_0040_019_0.01_10kbp","JC",NA,"DNA","expA1_00001_0040_019_0.01_10kbp_random_trees.phy","expA1_00001_0040_019_0.01_10kbp_partitions.nex","expA1_00001_0040_019_0.01_10kbp_output_alignment"
"320",20,40,1,0.01,10000,"expA1_00001_0040_020_0.01_10kbp","JC",NA,"DNA","expA1_00001_0040_020_0.01_10kbp_random_trees.phy","expA1_00001_0040_020_0.01_10kbp_partitions.nex","expA1_00001_0040_020_0.01_10kbp_output_alignment"
"321",21,40,1,0.01,10000,"expA1_00001_0040_021_0.01_10kbp","JC",NA,"DNA","expA1_00001_0040_021_0.01_10kbp_random_trees.phy","expA1_00001_0040_021_0.01_10kbp_partitions.nex","expA1_00001_0040_021_0.01_10kbp_output_alignment"
"322",22,40,1,0.01,10000,"expA1_00001_0040_022_0.01_10kbp","JC",NA,"DNA","expA1_00001_0040_022_0.01_10kbp_random_trees.phy","expA1_00001_0040_022_0.01_10kbp_partitions.nex","expA1_00001_0040_022_0.01_10kbp_output_alignment"
"323",23,40,1,0.01,10000,"expA1_00001_0040_023_0.01_10kbp","JC",NA,"DNA","expA1_00001_0040_023_0.01_10kbp_random_trees.phy","expA1_00001_0040_023_0.01_10kbp_partitions.nex","expA1_00001_0040_023_0.01_10kbp_output_alignment"
"324",24,40,1,0.01,10000,"expA1_00001_0040_024_0.01_10kbp","JC",NA,"DNA","expA1_00001_0040_024_0.01_10kbp_random_trees.phy","expA1_00001_0040_024_0.01_10kbp_partitions.nex","expA1_00001_0040_024_0.01_10kbp_output_alignment"
"325",25,40,1,0.01,10000,"expA1_00001_0040_025_0.01_10kbp","JC",NA,"DNA","expA1_00001_0040_025_0.01_10kbp_random_trees.phy","expA1_00001_0040_025_0.01_10kbp_partitions.nex","expA1_00001_0040_025_0.01_10kbp_output_alignment"
"326",26,40,1,0.01,10000,"expA1_00001_0040_026_0.01_10kbp","JC",NA,"DNA","expA1_00001_0040_026_0.01_10kbp_random_trees.phy","expA1_00001_0040_026_0.01_10kbp_partitions.nex","expA1_00001_0040_026_0.01_10kbp_output_alignment"
"327",27,40,1,0.01,10000,"expA1_00001_0040_027_0.01_10kbp","JC",NA,"DNA","expA1_00001_0040_027_0.01_10kbp_random_trees.phy","expA1_00001_0040_027_0.01_10kbp_partitions.nex","expA1_00001_0040_027_0.01_10kbp_output_alignment"
"328",28,40,1,0.01,10000,"expA1_00001_0040_028_0.01_10kbp","JC",NA,"DNA","expA1_00001_0040_028_0.01_10kbp_random_trees.phy","expA1_00001_0040_028_0.01_10kbp_partitions.nex","expA1_00001_0040_028_0.01_10kbp_output_alignment"
"329",29,40,1,0.01,10000,"expA1_00001_0040_029_0.01_10kbp","JC",NA,"DNA","expA1_00001_0040_029_0.01_10kbp_random_trees.phy","expA1_00001_0040_029_0.01_10kbp_partitions.nex","expA1_00001_0040_029_0.01_10kbp_output_alignment"
"330",30,40,1,0.01,10000,"expA1_00001_0040_030_0.01_10kbp","JC",NA,"DNA","expA1_00001_0040_030_0.01_10kbp_random_trees.phy","expA1_00001_0040_030_0.01_10kbp_partitions.nex","expA1_00001_0040_030_0.01_10kbp_output_alignment"
"331",31,40,1,0.01,10000,"expA1_00001_0040_031_0.01_10kbp","JC",NA,"DNA","expA1_00001_0040_031_0.01_10kbp_random_trees.phy","expA1_00001_0040_031_0.01_10kbp_partitions.nex","expA1_00001_0040_031_0.01_10kbp_output_alignment"
"332",32,40,1,0.01,10000,"expA1_00001_0040_032_0.01_10kbp","JC",NA,"DNA","expA1_00001_0040_032_0.01_10kbp_random_trees.phy","expA1_00001_0040_032_0.01_10kbp_partitions.nex","expA1_00001_0040_032_0.01_10kbp_output_alignment"
"333",33,40,1,0.01,10000,"expA1_00001_0040_033_0.01_10kbp","JC",NA,"DNA","expA1_00001_0040_033_0.01_10kbp_random_trees.phy","expA1_00001_0040_033_0.01_10kbp_partitions.nex","expA1_00001_0040_033_0.01_10kbp_output_alignment"
"334",34,40,1,0.01,10000,"expA1_00001_0040_034_0.01_10kbp","JC",NA,"DNA","expA1_00001_0040_034_0.01_10kbp_random_trees.phy","expA1_00001_0040_034_0.01_10kbp_partitions.nex","expA1_00001_0040_034_0.01_10kbp_output_alignment"
"335",35,40,1,0.01,10000,"expA1_00001_0040_035_0.01_10kbp","JC",NA,"DNA","expA1_00001_0040_035_0.01_10kbp_random_trees.phy","expA1_00001_0040_035_0.01_10kbp_partitions.nex","expA1_00001_0040_035_0.01_10kbp_output_alignment"
"336",36,40,1,0.01,10000,"expA1_00001_0040_036_0.01_10kbp","JC",NA,"DNA","expA1_00001_0040_036_0.01_10kbp_random_trees.phy","expA1_00001_0040_036_0.01_10kbp_partitions.nex","expA1_00001_0040_036_0.01_10kbp_output_alignment"
"337",37,40,1,0.01,10000,"expA1_00001_0040_037_0.01_10kbp","JC",NA,"DNA","expA1_00001_0040_037_0.01_10kbp_random_trees.phy","expA1_00001_0040_037_0.01_10kbp_partitions.nex","expA1_00001_0040_037_0.01_10kbp_output_alignment"
"338",38,40,1,0.01,10000,"expA1_00001_0040_038_0.01_10kbp","JC",NA,"DNA","expA1_00001_0040_038_0.01_10kbp_random_trees.phy","expA1_00001_0040_038_0.01_10kbp_partitions.nex","expA1_00001_0040_038_0.01_10kbp_output_alignment"
"339",39,40,1,0.01,10000,"expA1_00001_0040_039_0.01_10kbp","JC",NA,"DNA","expA1_00001_0040_039_0.01_10kbp_random_trees.phy","expA1_00001_0040_039_0.01_10kbp_partitions.nex","expA1_00001_0040_039_0.01_10kbp_output_alignment"
"340",40,40,1,0.01,10000,"expA1_00001_0040_040_0.01_10kbp","JC",NA,"DNA","expA1_00001_0040_040_0.01_10kbp_random_trees.phy","expA1_00001_0040_040_0.01_10kbp_partitions.nex","expA1_00001_0040_040_0.01_10kbp_output_alignment"
"341",41,40,1,0.01,10000,"expA1_00001_0040_041_0.01_10kbp","JC",NA,"DNA","expA1_00001_0040_041_0.01_10kbp_random_trees.phy","expA1_00001_0040_041_0.01_10kbp_partitions.nex","expA1_00001_0040_041_0.01_10kbp_output_alignment"
"342",42,40,1,0.01,10000,"expA1_00001_0040_042_0.01_10kbp","JC",NA,"DNA","expA1_00001_0040_042_0.01_10kbp_random_trees.phy","expA1_00001_0040_042_0.01_10kbp_partitions.nex","expA1_00001_0040_042_0.01_10kbp_output_alignment"
"343",43,40,1,0.01,10000,"expA1_00001_0040_043_0.01_10kbp","JC",NA,"DNA","expA1_00001_0040_043_0.01_10kbp_random_trees.phy","expA1_00001_0040_043_0.01_10kbp_partitions.nex","expA1_00001_0040_043_0.01_10kbp_output_alignment"
"344",44,40,1,0.01,10000,"expA1_00001_0040_044_0.01_10kbp","JC",NA,"DNA","expA1_00001_0040_044_0.01_10kbp_random_trees.phy","expA1_00001_0040_044_0.01_10kbp_partitions.nex","expA1_00001_0040_044_0.01_10kbp_output_alignment"
"345",45,40,1,0.01,10000,"expA1_00001_0040_045_0.01_10kbp","JC",NA,"DNA","expA1_00001_0040_045_0.01_10kbp_random_trees.phy","expA1_00001_0040_045_0.01_10kbp_partitions.nex","expA1_00001_0040_045_0.01_10kbp_output_alignment"
"346",46,40,1,0.01,10000,"expA1_00001_0040_046_0.01_10kbp","JC",NA,"DNA","expA1_00001_0040_046_0.01_10kbp_random_trees.phy","expA1_00001_0040_046_0.01_10kbp_partitions.nex","expA1_00001_0040_046_0.01_10kbp_output_alignment"
"347",47,40,1,0.01,10000,"expA1_00001_0040_047_0.01_10kbp","JC",NA,"DNA","expA1_00001_0040_047_0.01_10kbp_random_trees.phy","expA1_00001_0040_047_0.01_10kbp_partitions.nex","expA1_00001_0040_047_0.01_10kbp_output_alignment"
"348",48,40,1,0.01,10000,"expA1_00001_0040_048_0.01_10kbp","JC",NA,"DNA","expA1_00001_0040_048_0.01_10kbp_random_trees.phy","expA1_00001_0040_048_0.01_10kbp_partitions.nex","expA1_00001_0040_048_0.01_10kbp_output_alignment"
"349",49,40,1,0.01,10000,"expA1_00001_0040_049_0.01_10kbp","JC",NA,"DNA","expA1_00001_0040_049_0.01_10kbp_random_trees.phy","expA1_00001_0040_049_0.01_10kbp_partitions.nex","expA1_00001_0040_049_0.01_10kbp_output_alignment"
"350",50,40,1,0.01,10000,"expA1_00001_0040_050_0.01_10kbp","JC",NA,"DNA","expA1_00001_0040_050_0.01_10kbp_random_trees.phy","expA1_00001_0040_050_0.01_10kbp_partitions.nex","expA1_00001_0040_050_0.01_10kbp_output_alignment"
"351",51,40,1,0.01,10000,"expA1_00001_0040_051_0.01_10kbp","JC",NA,"DNA","expA1_00001_0040_051_0.01_10kbp_random_trees.phy","expA1_00001_0040_051_0.01_10kbp_partitions.nex","expA1_00001_0040_051_0.01_10kbp_output_alignment"
"352",52,40,1,0.01,10000,"expA1_00001_0040_052_0.01_10kbp","JC",NA,"DNA","expA1_00001_0040_052_0.01_10kbp_random_trees.phy","expA1_00001_0040_052_0.01_10kbp_partitions.nex","expA1_00001_0040_052_0.01_10kbp_output_alignment"
"353",53,40,1,0.01,10000,"expA1_00001_0040_053_0.01_10kbp","JC",NA,"DNA","expA1_00001_0040_053_0.01_10kbp_random_trees.phy","expA1_00001_0040_053_0.01_10kbp_partitions.nex","expA1_00001_0040_053_0.01_10kbp_output_alignment"
"354",54,40,1,0.01,10000,"expA1_00001_0040_054_0.01_10kbp","JC",NA,"DNA","expA1_00001_0040_054_0.01_10kbp_random_trees.phy","expA1_00001_0040_054_0.01_10kbp_partitions.nex","expA1_00001_0040_054_0.01_10kbp_output_alignment"
"355",55,40,1,0.01,10000,"expA1_00001_0040_055_0.01_10kbp","JC",NA,"DNA","expA1_00001_0040_055_0.01_10kbp_random_trees.phy","expA1_00001_0040_055_0.01_10kbp_partitions.nex","expA1_00001_0040_055_0.01_10kbp_output_alignment"
"356",56,40,1,0.01,10000,"expA1_00001_0040_056_0.01_10kbp","JC",NA,"DNA","expA1_00001_0040_056_0.01_10kbp_random_trees.phy","expA1_00001_0040_056_0.01_10kbp_partitions.nex","expA1_00001_0040_056_0.01_10kbp_output_alignment"
"357",57,40,1,0.01,10000,"expA1_00001_0040_057_0.01_10kbp","JC",NA,"DNA","expA1_00001_0040_057_0.01_10kbp_random_trees.phy","expA1_00001_0040_057_0.01_10kbp_partitions.nex","expA1_00001_0040_057_0.01_10kbp_output_alignment"
"358",58,40,1,0.01,10000,"expA1_00001_0040_058_0.01_10kbp","JC",NA,"DNA","expA1_00001_0040_058_0.01_10kbp_random_trees.phy","expA1_00001_0040_058_0.01_10kbp_partitions.nex","expA1_00001_0040_058_0.01_10kbp_output_alignment"
"359",59,40,1,0.01,10000,"expA1_00001_0040_059_0.01_10kbp","JC",NA,"DNA","expA1_00001_0040_059_0.01_10kbp_random_trees.phy","expA1_00001_0040_059_0.01_10kbp_partitions.nex","expA1_00001_0040_059_0.01_10kbp_output_alignment"
"360",60,40,1,0.01,10000,"expA1_00001_0040_060_0.01_10kbp","JC",NA,"DNA","expA1_00001_0040_060_0.01_10kbp_random_trees.phy","expA1_00001_0040_060_0.01_10kbp_partitions.nex","expA1_00001_0040_060_0.01_10kbp_output_alignment"
"361",61,40,1,0.01,10000,"expA1_00001_0040_061_0.01_10kbp","JC",NA,"DNA","expA1_00001_0040_061_0.01_10kbp_random_trees.phy","expA1_00001_0040_061_0.01_10kbp_partitions.nex","expA1_00001_0040_061_0.01_10kbp_output_alignment"
"362",62,40,1,0.01,10000,"expA1_00001_0040_062_0.01_10kbp","JC",NA,"DNA","expA1_00001_0040_062_0.01_10kbp_random_trees.phy","expA1_00001_0040_062_0.01_10kbp_partitions.nex","expA1_00001_0040_062_0.01_10kbp_output_alignment"
"363",63,40,1,0.01,10000,"expA1_00001_0040_063_0.01_10kbp","JC",NA,"DNA","expA1_00001_0040_063_0.01_10kbp_random_trees.phy","expA1_00001_0040_063_0.01_10kbp_partitions.nex","expA1_00001_0040_063_0.01_10kbp_output_alignment"
"364",64,40,1,0.01,10000,"expA1_00001_0040_064_0.01_10kbp","JC",NA,"DNA","expA1_00001_0040_064_0.01_10kbp_random_trees.phy","expA1_00001_0040_064_0.01_10kbp_partitions.nex","expA1_00001_0040_064_0.01_10kbp_output_alignment"
"365",65,40,1,0.01,10000,"expA1_00001_0040_065_0.01_10kbp","JC",NA,"DNA","expA1_00001_0040_065_0.01_10kbp_random_trees.phy","expA1_00001_0040_065_0.01_10kbp_partitions.nex","expA1_00001_0040_065_0.01_10kbp_output_alignment"
"366",66,40,1,0.01,10000,"expA1_00001_0040_066_0.01_10kbp","JC",NA,"DNA","expA1_00001_0040_066_0.01_10kbp_random_trees.phy","expA1_00001_0040_066_0.01_10kbp_partitions.nex","expA1_00001_0040_066_0.01_10kbp_output_alignment"
"367",67,40,1,0.01,10000,"expA1_00001_0040_067_0.01_10kbp","JC",NA,"DNA","expA1_00001_0040_067_0.01_10kbp_random_trees.phy","expA1_00001_0040_067_0.01_10kbp_partitions.nex","expA1_00001_0040_067_0.01_10kbp_output_alignment"
"368",68,40,1,0.01,10000,"expA1_00001_0040_068_0.01_10kbp","JC",NA,"DNA","expA1_00001_0040_068_0.01_10kbp_random_trees.phy","expA1_00001_0040_068_0.01_10kbp_partitions.nex","expA1_00001_0040_068_0.01_10kbp_output_alignment"
"369",69,40,1,0.01,10000,"expA1_00001_0040_069_0.01_10kbp","JC",NA,"DNA","expA1_00001_0040_069_0.01_10kbp_random_trees.phy","expA1_00001_0040_069_0.01_10kbp_partitions.nex","expA1_00001_0040_069_0.01_10kbp_output_alignment"
"370",70,40,1,0.01,10000,"expA1_00001_0040_070_0.01_10kbp","JC",NA,"DNA","expA1_00001_0040_070_0.01_10kbp_random_trees.phy","expA1_00001_0040_070_0.01_10kbp_partitions.nex","expA1_00001_0040_070_0.01_10kbp_output_alignment"
"371",71,40,1,0.01,10000,"expA1_00001_0040_071_0.01_10kbp","JC",NA,"DNA","expA1_00001_0040_071_0.01_10kbp_random_trees.phy","expA1_00001_0040_071_0.01_10kbp_partitions.nex","expA1_00001_0040_071_0.01_10kbp_output_alignment"
"372",72,40,1,0.01,10000,"expA1_00001_0040_072_0.01_10kbp","JC",NA,"DNA","expA1_00001_0040_072_0.01_10kbp_random_trees.phy","expA1_00001_0040_072_0.01_10kbp_partitions.nex","expA1_00001_0040_072_0.01_10kbp_output_alignment"
"373",73,40,1,0.01,10000,"expA1_00001_0040_073_0.01_10kbp","JC",NA,"DNA","expA1_00001_0040_073_0.01_10kbp_random_trees.phy","expA1_00001_0040_073_0.01_10kbp_partitions.nex","expA1_00001_0040_073_0.01_10kbp_output_alignment"
"374",74,40,1,0.01,10000,"expA1_00001_0040_074_0.01_10kbp","JC",NA,"DNA","expA1_00001_0040_074_0.01_10kbp_random_trees.phy","expA1_00001_0040_074_0.01_10kbp_partitions.nex","expA1_00001_0040_074_0.01_10kbp_output_alignment"
"375",75,40,1,0.01,10000,"expA1_00001_0040_075_0.01_10kbp","JC",NA,"DNA","expA1_00001_0040_075_0.01_10kbp_random_trees.phy","expA1_00001_0040_075_0.01_10kbp_partitions.nex","expA1_00001_0040_075_0.01_10kbp_output_alignment"
"376",76,40,1,0.01,10000,"expA1_00001_0040_076_0.01_10kbp","JC",NA,"DNA","expA1_00001_0040_076_0.01_10kbp_random_trees.phy","expA1_00001_0040_076_0.01_10kbp_partitions.nex","expA1_00001_0040_076_0.01_10kbp_output_alignment"
"377",77,40,1,0.01,10000,"expA1_00001_0040_077_0.01_10kbp","JC",NA,"DNA","expA1_00001_0040_077_0.01_10kbp_random_trees.phy","expA1_00001_0040_077_0.01_10kbp_partitions.nex","expA1_00001_0040_077_0.01_10kbp_output_alignment"
"378",78,40,1,0.01,10000,"expA1_00001_0040_078_0.01_10kbp","JC",NA,"DNA","expA1_00001_0040_078_0.01_10kbp_random_trees.phy","expA1_00001_0040_078_0.01_10kbp_partitions.nex","expA1_00001_0040_078_0.01_10kbp_output_alignment"
"379",79,40,1,0.01,10000,"expA1_00001_0040_079_0.01_10kbp","JC",NA,"DNA","expA1_00001_0040_079_0.01_10kbp_random_trees.phy","expA1_00001_0040_079_0.01_10kbp_partitions.nex","expA1_00001_0040_079_0.01_10kbp_output_alignment"
"380",80,40,1,0.01,10000,"expA1_00001_0040_080_0.01_10kbp","JC",NA,"DNA","expA1_00001_0040_080_0.01_10kbp_random_trees.phy","expA1_00001_0040_080_0.01_10kbp_partitions.nex","expA1_00001_0040_080_0.01_10kbp_output_alignment"
"381",81,40,1,0.01,10000,"expA1_00001_0040_081_0.01_10kbp","JC",NA,"DNA","expA1_00001_0040_081_0.01_10kbp_random_trees.phy","expA1_00001_0040_081_0.01_10kbp_partitions.nex","expA1_00001_0040_081_0.01_10kbp_output_alignment"
"382",82,40,1,0.01,10000,"expA1_00001_0040_082_0.01_10kbp","JC",NA,"DNA","expA1_00001_0040_082_0.01_10kbp_random_trees.phy","expA1_00001_0040_082_0.01_10kbp_partitions.nex","expA1_00001_0040_082_0.01_10kbp_output_alignment"
"383",83,40,1,0.01,10000,"expA1_00001_0040_083_0.01_10kbp","JC",NA,"DNA","expA1_00001_0040_083_0.01_10kbp_random_trees.phy","expA1_00001_0040_083_0.01_10kbp_partitions.nex","expA1_00001_0040_083_0.01_10kbp_output_alignment"
"384",84,40,1,0.01,10000,"expA1_00001_0040_084_0.01_10kbp","JC",NA,"DNA","expA1_00001_0040_084_0.01_10kbp_random_trees.phy","expA1_00001_0040_084_0.01_10kbp_partitions.nex","expA1_00001_0040_084_0.01_10kbp_output_alignment"
"385",85,40,1,0.01,10000,"expA1_00001_0040_085_0.01_10kbp","JC",NA,"DNA","expA1_00001_0040_085_0.01_10kbp_random_trees.phy","expA1_00001_0040_085_0.01_10kbp_partitions.nex","expA1_00001_0040_085_0.01_10kbp_output_alignment"
"386",86,40,1,0.01,10000,"expA1_00001_0040_086_0.01_10kbp","JC",NA,"DNA","expA1_00001_0040_086_0.01_10kbp_random_trees.phy","expA1_00001_0040_086_0.01_10kbp_partitions.nex","expA1_00001_0040_086_0.01_10kbp_output_alignment"
"387",87,40,1,0.01,10000,"expA1_00001_0040_087_0.01_10kbp","JC",NA,"DNA","expA1_00001_0040_087_0.01_10kbp_random_trees.phy","expA1_00001_0040_087_0.01_10kbp_partitions.nex","expA1_00001_0040_087_0.01_10kbp_output_alignment"
"388",88,40,1,0.01,10000,"expA1_00001_0040_088_0.01_10kbp","JC",NA,"DNA","expA1_00001_0040_088_0.01_10kbp_random_trees.phy","expA1_00001_0040_088_0.01_10kbp_partitions.nex","expA1_00001_0040_088_0.01_10kbp_output_alignment"
"389",89,40,1,0.01,10000,"expA1_00001_0040_089_0.01_10kbp","JC",NA,"DNA","expA1_00001_0040_089_0.01_10kbp_random_trees.phy","expA1_00001_0040_089_0.01_10kbp_partitions.nex","expA1_00001_0040_089_0.01_10kbp_output_alignment"
"390",90,40,1,0.01,10000,"expA1_00001_0040_090_0.01_10kbp","JC",NA,"DNA","expA1_00001_0040_090_0.01_10kbp_random_trees.phy","expA1_00001_0040_090_0.01_10kbp_partitions.nex","expA1_00001_0040_090_0.01_10kbp_output_alignment"
"391",91,40,1,0.01,10000,"expA1_00001_0040_091_0.01_10kbp","JC",NA,"DNA","expA1_00001_0040_091_0.01_10kbp_random_trees.phy","expA1_00001_0040_091_0.01_10kbp_partitions.nex","expA1_00001_0040_091_0.01_10kbp_output_alignment"
"392",92,40,1,0.01,10000,"expA1_00001_0040_092_0.01_10kbp","JC",NA,"DNA","expA1_00001_0040_092_0.01_10kbp_random_trees.phy","expA1_00001_0040_092_0.01_10kbp_partitions.nex","expA1_00001_0040_092_0.01_10kbp_output_alignment"
"393",93,40,1,0.01,10000,"expA1_00001_0040_093_0.01_10kbp","JC",NA,"DNA","expA1_00001_0040_093_0.01_10kbp_random_trees.phy","expA1_00001_0040_093_0.01_10kbp_partitions.nex","expA1_00001_0040_093_0.01_10kbp_output_alignment"
"394",94,40,1,0.01,10000,"expA1_00001_0040_094_0.01_10kbp","JC",NA,"DNA","expA1_00001_0040_094_0.01_10kbp_random_trees.phy","expA1_00001_0040_094_0.01_10kbp_partitions.nex","expA1_00001_0040_094_0.01_10kbp_output_alignment"
"395",95,40,1,0.01,10000,"expA1_00001_0040_095_0.01_10kbp","JC",NA,"DNA","expA1_00001_0040_095_0.01_10kbp_random_trees.phy","expA1_00001_0040_095_0.01_10kbp_partitions.nex","expA1_00001_0040_095_0.01_10kbp_output_alignment"
"396",96,40,1,0.01,10000,"expA1_00001_0040_096_0.01_10kbp","JC",NA,"DNA","expA1_00001_0040_096_0.01_10kbp_random_trees.phy","expA1_00001_0040_096_0.01_10kbp_partitions.nex","expA1_00001_0040_096_0.01_10kbp_output_alignment"
"397",97,40,1,0.01,10000,"expA1_00001_0040_097_0.01_10kbp","JC",NA,"DNA","expA1_00001_0040_097_0.01_10kbp_random_trees.phy","expA1_00001_0040_097_0.01_10kbp_partitions.nex","expA1_00001_0040_097_0.01_10kbp_output_alignment"
"398",98,40,1,0.01,10000,"expA1_00001_0040_098_0.01_10kbp","JC",NA,"DNA","expA1_00001_0040_098_0.01_10kbp_random_trees.phy","expA1_00001_0040_098_0.01_10kbp_partitions.nex","expA1_00001_0040_098_0.01_10kbp_output_alignment"
"399",99,40,1,0.01,10000,"expA1_00001_0040_099_0.01_10kbp","JC",NA,"DNA","expA1_00001_0040_099_0.01_10kbp_random_trees.phy","expA1_00001_0040_099_0.01_10kbp_partitions.nex","expA1_00001_0040_099_0.01_10kbp_output_alignment"
"400",100,40,1,0.01,10000,"expA1_00001_0040_100_0.01_10kbp","JC",NA,"DNA","expA1_00001_0040_100_0.01_10kbp_random_trees.phy","expA1_00001_0040_100_0.01_10kbp_partitions.nex","expA1_00001_0040_100_0.01_10kbp_output_alignment"
"401",1,50,1,0.01,10000,"expA1_00001_0050_001_0.01_10kbp","JC",NA,"DNA","expA1_00001_0050_001_0.01_10kbp_random_trees.phy","expA1_00001_0050_001_0.01_10kbp_partitions.nex","expA1_00001_0050_001_0.01_10kbp_output_alignment"
"402",2,50,1,0.01,10000,"expA1_00001_0050_002_0.01_10kbp","JC",NA,"DNA","expA1_00001_0050_002_0.01_10kbp_random_trees.phy","expA1_00001_0050_002_0.01_10kbp_partitions.nex","expA1_00001_0050_002_0.01_10kbp_output_alignment"
"403",3,50,1,0.01,10000,"expA1_00001_0050_003_0.01_10kbp","JC",NA,"DNA","expA1_00001_0050_003_0.01_10kbp_random_trees.phy","expA1_00001_0050_003_0.01_10kbp_partitions.nex","expA1_00001_0050_003_0.01_10kbp_output_alignment"
"404",4,50,1,0.01,10000,"expA1_00001_0050_004_0.01_10kbp","JC",NA,"DNA","expA1_00001_0050_004_0.01_10kbp_random_trees.phy","expA1_00001_0050_004_0.01_10kbp_partitions.nex","expA1_00001_0050_004_0.01_10kbp_output_alignment"
"405",5,50,1,0.01,10000,"expA1_00001_0050_005_0.01_10kbp","JC",NA,"DNA","expA1_00001_0050_005_0.01_10kbp_random_trees.phy","expA1_00001_0050_005_0.01_10kbp_partitions.nex","expA1_00001_0050_005_0.01_10kbp_output_alignment"
"406",6,50,1,0.01,10000,"expA1_00001_0050_006_0.01_10kbp","JC",NA,"DNA","expA1_00001_0050_006_0.01_10kbp_random_trees.phy","expA1_00001_0050_006_0.01_10kbp_partitions.nex","expA1_00001_0050_006_0.01_10kbp_output_alignment"
"407",7,50,1,0.01,10000,"expA1_00001_0050_007_0.01_10kbp","JC",NA,"DNA","expA1_00001_0050_007_0.01_10kbp_random_trees.phy","expA1_00001_0050_007_0.01_10kbp_partitions.nex","expA1_00001_0050_007_0.01_10kbp_output_alignment"
"408",8,50,1,0.01,10000,"expA1_00001_0050_008_0.01_10kbp","JC",NA,"DNA","expA1_00001_0050_008_0.01_10kbp_random_trees.phy","expA1_00001_0050_008_0.01_10kbp_partitions.nex","expA1_00001_0050_008_0.01_10kbp_output_alignment"
"409",9,50,1,0.01,10000,"expA1_00001_0050_009_0.01_10kbp","JC",NA,"DNA","expA1_00001_0050_009_0.01_10kbp_random_trees.phy","expA1_00001_0050_009_0.01_10kbp_partitions.nex","expA1_00001_0050_009_0.01_10kbp_output_alignment"
"410",10,50,1,0.01,10000,"expA1_00001_0050_010_0.01_10kbp","JC",NA,"DNA","expA1_00001_0050_010_0.01_10kbp_random_trees.phy","expA1_00001_0050_010_0.01_10kbp_partitions.nex","expA1_00001_0050_010_0.01_10kbp_output_alignment"
"411",11,50,1,0.01,10000,"expA1_00001_0050_011_0.01_10kbp","JC",NA,"DNA","expA1_00001_0050_011_0.01_10kbp_random_trees.phy","expA1_00001_0050_011_0.01_10kbp_partitions.nex","expA1_00001_0050_011_0.01_10kbp_output_alignment"
"412",12,50,1,0.01,10000,"expA1_00001_0050_012_0.01_10kbp","JC",NA,"DNA","expA1_00001_0050_012_0.01_10kbp_random_trees.phy","expA1_00001_0050_012_0.01_10kbp_partitions.nex","expA1_00001_0050_012_0.01_10kbp_output_alignment"
"413",13,50,1,0.01,10000,"expA1_00001_0050_013_0.01_10kbp","JC",NA,"DNA","expA1_00001_0050_013_0.01_10kbp_random_trees.phy","expA1_00001_0050_013_0.01_10kbp_partitions.nex","expA1_00001_0050_013_0.01_10kbp_output_alignment"
"414",14,50,1,0.01,10000,"expA1_00001_0050_014_0.01_10kbp","JC",NA,"DNA","expA1_00001_0050_014_0.01_10kbp_random_trees.phy","expA1_00001_0050_014_0.01_10kbp_partitions.nex","expA1_00001_0050_014_0.01_10kbp_output_alignment"
"415",15,50,1,0.01,10000,"expA1_00001_0050_015_0.01_10kbp","JC",NA,"DNA","expA1_00001_0050_015_0.01_10kbp_random_trees.phy","expA1_00001_0050_015_0.01_10kbp_partitions.nex","expA1_00001_0050_015_0.01_10kbp_output_alignment"
"416",16,50,1,0.01,10000,"expA1_00001_0050_016_0.01_10kbp","JC",NA,"DNA","expA1_00001_0050_016_0.01_10kbp_random_trees.phy","expA1_00001_0050_016_0.01_10kbp_partitions.nex","expA1_00001_0050_016_0.01_10kbp_output_alignment"
"417",17,50,1,0.01,10000,"expA1_00001_0050_017_0.01_10kbp","JC",NA,"DNA","expA1_00001_0050_017_0.01_10kbp_random_trees.phy","expA1_00001_0050_017_0.01_10kbp_partitions.nex","expA1_00001_0050_017_0.01_10kbp_output_alignment"
"418",18,50,1,0.01,10000,"expA1_00001_0050_018_0.01_10kbp","JC",NA,"DNA","expA1_00001_0050_018_0.01_10kbp_random_trees.phy","expA1_00001_0050_018_0.01_10kbp_partitions.nex","expA1_00001_0050_018_0.01_10kbp_output_alignment"
"419",19,50,1,0.01,10000,"expA1_00001_0050_019_0.01_10kbp","JC",NA,"DNA","expA1_00001_0050_019_0.01_10kbp_random_trees.phy","expA1_00001_0050_019_0.01_10kbp_partitions.nex","expA1_00001_0050_019_0.01_10kbp_output_alignment"
"420",20,50,1,0.01,10000,"expA1_00001_0050_020_0.01_10kbp","JC",NA,"DNA","expA1_00001_0050_020_0.01_10kbp_random_trees.phy","expA1_00001_0050_020_0.01_10kbp_partitions.nex","expA1_00001_0050_020_0.01_10kbp_output_alignment"
"421",21,50,1,0.01,10000,"expA1_00001_0050_021_0.01_10kbp","JC",NA,"DNA","expA1_00001_0050_021_0.01_10kbp_random_trees.phy","expA1_00001_0050_021_0.01_10kbp_partitions.nex","expA1_00001_0050_021_0.01_10kbp_output_alignment"
"422",22,50,1,0.01,10000,"expA1_00001_0050_022_0.01_10kbp","JC",NA,"DNA","expA1_00001_0050_022_0.01_10kbp_random_trees.phy","expA1_00001_0050_022_0.01_10kbp_partitions.nex","expA1_00001_0050_022_0.01_10kbp_output_alignment"
"423",23,50,1,0.01,10000,"expA1_00001_0050_023_0.01_10kbp","JC",NA,"DNA","expA1_00001_0050_023_0.01_10kbp_random_trees.phy","expA1_00001_0050_023_0.01_10kbp_partitions.nex","expA1_00001_0050_023_0.01_10kbp_output_alignment"
"424",24,50,1,0.01,10000,"expA1_00001_0050_024_0.01_10kbp","JC",NA,"DNA","expA1_00001_0050_024_0.01_10kbp_random_trees.phy","expA1_00001_0050_024_0.01_10kbp_partitions.nex","expA1_00001_0050_024_0.01_10kbp_output_alignment"
"425",25,50,1,0.01,10000,"expA1_00001_0050_025_0.01_10kbp","JC",NA,"DNA","expA1_00001_0050_025_0.01_10kbp_random_trees.phy","expA1_00001_0050_025_0.01_10kbp_partitions.nex","expA1_00001_0050_025_0.01_10kbp_output_alignment"
"426",26,50,1,0.01,10000,"expA1_00001_0050_026_0.01_10kbp","JC",NA,"DNA","expA1_00001_0050_026_0.01_10kbp_random_trees.phy","expA1_00001_0050_026_0.01_10kbp_partitions.nex","expA1_00001_0050_026_0.01_10kbp_output_alignment"
"427",27,50,1,0.01,10000,"expA1_00001_0050_027_0.01_10kbp","JC",NA,"DNA","expA1_00001_0050_027_0.01_10kbp_random_trees.phy","expA1_00001_0050_027_0.01_10kbp_partitions.nex","expA1_00001_0050_027_0.01_10kbp_output_alignment"
"428",28,50,1,0.01,10000,"expA1_00001_0050_028_0.01_10kbp","JC",NA,"DNA","expA1_00001_0050_028_0.01_10kbp_random_trees.phy","expA1_00001_0050_028_0.01_10kbp_partitions.nex","expA1_00001_0050_028_0.01_10kbp_output_alignment"
"429",29,50,1,0.01,10000,"expA1_00001_0050_029_0.01_10kbp","JC",NA,"DNA","expA1_00001_0050_029_0.01_10kbp_random_trees.phy","expA1_00001_0050_029_0.01_10kbp_partitions.nex","expA1_00001_0050_029_0.01_10kbp_output_alignment"
"430",30,50,1,0.01,10000,"expA1_00001_0050_030_0.01_10kbp","JC",NA,"DNA","expA1_00001_0050_030_0.01_10kbp_random_trees.phy","expA1_00001_0050_030_0.01_10kbp_partitions.nex","expA1_00001_0050_030_0.01_10kbp_output_alignment"
"431",31,50,1,0.01,10000,"expA1_00001_0050_031_0.01_10kbp","JC",NA,"DNA","expA1_00001_0050_031_0.01_10kbp_random_trees.phy","expA1_00001_0050_031_0.01_10kbp_partitions.nex","expA1_00001_0050_031_0.01_10kbp_output_alignment"
"432",32,50,1,0.01,10000,"expA1_00001_0050_032_0.01_10kbp","JC",NA,"DNA","expA1_00001_0050_032_0.01_10kbp_random_trees.phy","expA1_00001_0050_032_0.01_10kbp_partitions.nex","expA1_00001_0050_032_0.01_10kbp_output_alignment"
"433",33,50,1,0.01,10000,"expA1_00001_0050_033_0.01_10kbp","JC",NA,"DNA","expA1_00001_0050_033_0.01_10kbp_random_trees.phy","expA1_00001_0050_033_0.01_10kbp_partitions.nex","expA1_00001_0050_033_0.01_10kbp_output_alignment"
"434",34,50,1,0.01,10000,"expA1_00001_0050_034_0.01_10kbp","JC",NA,"DNA","expA1_00001_0050_034_0.01_10kbp_random_trees.phy","expA1_00001_0050_034_0.01_10kbp_partitions.nex","expA1_00001_0050_034_0.01_10kbp_output_alignment"
"435",35,50,1,0.01,10000,"expA1_00001_0050_035_0.01_10kbp","JC",NA,"DNA","expA1_00001_0050_035_0.01_10kbp_random_trees.phy","expA1_00001_0050_035_0.01_10kbp_partitions.nex","expA1_00001_0050_035_0.01_10kbp_output_alignment"
"436",36,50,1,0.01,10000,"expA1_00001_0050_036_0.01_10kbp","JC",NA,"DNA","expA1_00001_0050_036_0.01_10kbp_random_trees.phy","expA1_00001_0050_036_0.01_10kbp_partitions.nex","expA1_00001_0050_036_0.01_10kbp_output_alignment"
"437",37,50,1,0.01,10000,"expA1_00001_0050_037_0.01_10kbp","JC",NA,"DNA","expA1_00001_0050_037_0.01_10kbp_random_trees.phy","expA1_00001_0050_037_0.01_10kbp_partitions.nex","expA1_00001_0050_037_0.01_10kbp_output_alignment"
"438",38,50,1,0.01,10000,"expA1_00001_0050_038_0.01_10kbp","JC",NA,"DNA","expA1_00001_0050_038_0.01_10kbp_random_trees.phy","expA1_00001_0050_038_0.01_10kbp_partitions.nex","expA1_00001_0050_038_0.01_10kbp_output_alignment"
"439",39,50,1,0.01,10000,"expA1_00001_0050_039_0.01_10kbp","JC",NA,"DNA","expA1_00001_0050_039_0.01_10kbp_random_trees.phy","expA1_00001_0050_039_0.01_10kbp_partitions.nex","expA1_00001_0050_039_0.01_10kbp_output_alignment"
"440",40,50,1,0.01,10000,"expA1_00001_0050_040_0.01_10kbp","JC",NA,"DNA","expA1_00001_0050_040_0.01_10kbp_random_trees.phy","expA1_00001_0050_040_0.01_10kbp_partitions.nex","expA1_00001_0050_040_0.01_10kbp_output_alignment"
"441",41,50,1,0.01,10000,"expA1_00001_0050_041_0.01_10kbp","JC",NA,"DNA","expA1_00001_0050_041_0.01_10kbp_random_trees.phy","expA1_00001_0050_041_0.01_10kbp_partitions.nex","expA1_00001_0050_041_0.01_10kbp_output_alignment"
"442",42,50,1,0.01,10000,"expA1_00001_0050_042_0.01_10kbp","JC",NA,"DNA","expA1_00001_0050_042_0.01_10kbp_random_trees.phy","expA1_00001_0050_042_0.01_10kbp_partitions.nex","expA1_00001_0050_042_0.01_10kbp_output_alignment"
"443",43,50,1,0.01,10000,"expA1_00001_0050_043_0.01_10kbp","JC",NA,"DNA","expA1_00001_0050_043_0.01_10kbp_random_trees.phy","expA1_00001_0050_043_0.01_10kbp_partitions.nex","expA1_00001_0050_043_0.01_10kbp_output_alignment"
"444",44,50,1,0.01,10000,"expA1_00001_0050_044_0.01_10kbp","JC",NA,"DNA","expA1_00001_0050_044_0.01_10kbp_random_trees.phy","expA1_00001_0050_044_0.01_10kbp_partitions.nex","expA1_00001_0050_044_0.01_10kbp_output_alignment"
"445",45,50,1,0.01,10000,"expA1_00001_0050_045_0.01_10kbp","JC",NA,"DNA","expA1_00001_0050_045_0.01_10kbp_random_trees.phy","expA1_00001_0050_045_0.01_10kbp_partitions.nex","expA1_00001_0050_045_0.01_10kbp_output_alignment"
"446",46,50,1,0.01,10000,"expA1_00001_0050_046_0.01_10kbp","JC",NA,"DNA","expA1_00001_0050_046_0.01_10kbp_random_trees.phy","expA1_00001_0050_046_0.01_10kbp_partitions.nex","expA1_00001_0050_046_0.01_10kbp_output_alignment"
"447",47,50,1,0.01,10000,"expA1_00001_0050_047_0.01_10kbp","JC",NA,"DNA","expA1_00001_0050_047_0.01_10kbp_random_trees.phy","expA1_00001_0050_047_0.01_10kbp_partitions.nex","expA1_00001_0050_047_0.01_10kbp_output_alignment"
"448",48,50,1,0.01,10000,"expA1_00001_0050_048_0.01_10kbp","JC",NA,"DNA","expA1_00001_0050_048_0.01_10kbp_random_trees.phy","expA1_00001_0050_048_0.01_10kbp_partitions.nex","expA1_00001_0050_048_0.01_10kbp_output_alignment"
"449",49,50,1,0.01,10000,"expA1_00001_0050_049_0.01_10kbp","JC",NA,"DNA","expA1_00001_0050_049_0.01_10kbp_random_trees.phy","expA1_00001_0050_049_0.01_10kbp_partitions.nex","expA1_00001_0050_049_0.01_10kbp_output_alignment"
"450",50,50,1,0.01,10000,"expA1_00001_0050_050_0.01_10kbp","JC",NA,"DNA","expA1_00001_0050_050_0.01_10kbp_random_trees.phy","expA1_00001_0050_050_0.01_10kbp_partitions.nex","expA1_00001_0050_050_0.01_10kbp_output_alignment"
"451",51,50,1,0.01,10000,"expA1_00001_0050_051_0.01_10kbp","JC",NA,"DNA","expA1_00001_0050_051_0.01_10kbp_random_trees.phy","expA1_00001_0050_051_0.01_10kbp_partitions.nex","expA1_00001_0050_051_0.01_10kbp_output_alignment"
"452",52,50,1,0.01,10000,"expA1_00001_0050_052_0.01_10kbp","JC",NA,"DNA","expA1_00001_0050_052_0.01_10kbp_random_trees.phy","expA1_00001_0050_052_0.01_10kbp_partitions.nex","expA1_00001_0050_052_0.01_10kbp_output_alignment"
"453",53,50,1,0.01,10000,"expA1_00001_0050_053_0.01_10kbp","JC",NA,"DNA","expA1_00001_0050_053_0.01_10kbp_random_trees.phy","expA1_00001_0050_053_0.01_10kbp_partitions.nex","expA1_00001_0050_053_0.01_10kbp_output_alignment"
"454",54,50,1,0.01,10000,"expA1_00001_0050_054_0.01_10kbp","JC",NA,"DNA","expA1_00001_0050_054_0.01_10kbp_random_trees.phy","expA1_00001_0050_054_0.01_10kbp_partitions.nex","expA1_00001_0050_054_0.01_10kbp_output_alignment"
"455",55,50,1,0.01,10000,"expA1_00001_0050_055_0.01_10kbp","JC",NA,"DNA","expA1_00001_0050_055_0.01_10kbp_random_trees.phy","expA1_00001_0050_055_0.01_10kbp_partitions.nex","expA1_00001_0050_055_0.01_10kbp_output_alignment"
"456",56,50,1,0.01,10000,"expA1_00001_0050_056_0.01_10kbp","JC",NA,"DNA","expA1_00001_0050_056_0.01_10kbp_random_trees.phy","expA1_00001_0050_056_0.01_10kbp_partitions.nex","expA1_00001_0050_056_0.01_10kbp_output_alignment"
"457",57,50,1,0.01,10000,"expA1_00001_0050_057_0.01_10kbp","JC",NA,"DNA","expA1_00001_0050_057_0.01_10kbp_random_trees.phy","expA1_00001_0050_057_0.01_10kbp_partitions.nex","expA1_00001_0050_057_0.01_10kbp_output_alignment"
"458",58,50,1,0.01,10000,"expA1_00001_0050_058_0.01_10kbp","JC",NA,"DNA","expA1_00001_0050_058_0.01_10kbp_random_trees.phy","expA1_00001_0050_058_0.01_10kbp_partitions.nex","expA1_00001_0050_058_0.01_10kbp_output_alignment"
"459",59,50,1,0.01,10000,"expA1_00001_0050_059_0.01_10kbp","JC",NA,"DNA","expA1_00001_0050_059_0.01_10kbp_random_trees.phy","expA1_00001_0050_059_0.01_10kbp_partitions.nex","expA1_00001_0050_059_0.01_10kbp_output_alignment"
"460",60,50,1,0.01,10000,"expA1_00001_0050_060_0.01_10kbp","JC",NA,"DNA","expA1_00001_0050_060_0.01_10kbp_random_trees.phy","expA1_00001_0050_060_0.01_10kbp_partitions.nex","expA1_00001_0050_060_0.01_10kbp_output_alignment"
"461",61,50,1,0.01,10000,"expA1_00001_0050_061_0.01_10kbp","JC",NA,"DNA","expA1_00001_0050_061_0.01_10kbp_random_trees.phy","expA1_00001_0050_061_0.01_10kbp_partitions.nex","expA1_00001_0050_061_0.01_10kbp_output_alignment"
"462",62,50,1,0.01,10000,"expA1_00001_0050_062_0.01_10kbp","JC",NA,"DNA","expA1_00001_0050_062_0.01_10kbp_random_trees.phy","expA1_00001_0050_062_0.01_10kbp_partitions.nex","expA1_00001_0050_062_0.01_10kbp_output_alignment"
"463",63,50,1,0.01,10000,"expA1_00001_0050_063_0.01_10kbp","JC",NA,"DNA","expA1_00001_0050_063_0.01_10kbp_random_trees.phy","expA1_00001_0050_063_0.01_10kbp_partitions.nex","expA1_00001_0050_063_0.01_10kbp_output_alignment"
"464",64,50,1,0.01,10000,"expA1_00001_0050_064_0.01_10kbp","JC",NA,"DNA","expA1_00001_0050_064_0.01_10kbp_random_trees.phy","expA1_00001_0050_064_0.01_10kbp_partitions.nex","expA1_00001_0050_064_0.01_10kbp_output_alignment"
"465",65,50,1,0.01,10000,"expA1_00001_0050_065_0.01_10kbp","JC",NA,"DNA","expA1_00001_0050_065_0.01_10kbp_random_trees.phy","expA1_00001_0050_065_0.01_10kbp_partitions.nex","expA1_00001_0050_065_0.01_10kbp_output_alignment"
"466",66,50,1,0.01,10000,"expA1_00001_0050_066_0.01_10kbp","JC",NA,"DNA","expA1_00001_0050_066_0.01_10kbp_random_trees.phy","expA1_00001_0050_066_0.01_10kbp_partitions.nex","expA1_00001_0050_066_0.01_10kbp_output_alignment"
"467",67,50,1,0.01,10000,"expA1_00001_0050_067_0.01_10kbp","JC",NA,"DNA","expA1_00001_0050_067_0.01_10kbp_random_trees.phy","expA1_00001_0050_067_0.01_10kbp_partitions.nex","expA1_00001_0050_067_0.01_10kbp_output_alignment"
"468",68,50,1,0.01,10000,"expA1_00001_0050_068_0.01_10kbp","JC",NA,"DNA","expA1_00001_0050_068_0.01_10kbp_random_trees.phy","expA1_00001_0050_068_0.01_10kbp_partitions.nex","expA1_00001_0050_068_0.01_10kbp_output_alignment"
"469",69,50,1,0.01,10000,"expA1_00001_0050_069_0.01_10kbp","JC",NA,"DNA","expA1_00001_0050_069_0.01_10kbp_random_trees.phy","expA1_00001_0050_069_0.01_10kbp_partitions.nex","expA1_00001_0050_069_0.01_10kbp_output_alignment"
"470",70,50,1,0.01,10000,"expA1_00001_0050_070_0.01_10kbp","JC",NA,"DNA","expA1_00001_0050_070_0.01_10kbp_random_trees.phy","expA1_00001_0050_070_0.01_10kbp_partitions.nex","expA1_00001_0050_070_0.01_10kbp_output_alignment"
"471",71,50,1,0.01,10000,"expA1_00001_0050_071_0.01_10kbp","JC",NA,"DNA","expA1_00001_0050_071_0.01_10kbp_random_trees.phy","expA1_00001_0050_071_0.01_10kbp_partitions.nex","expA1_00001_0050_071_0.01_10kbp_output_alignment"
"472",72,50,1,0.01,10000,"expA1_00001_0050_072_0.01_10kbp","JC",NA,"DNA","expA1_00001_0050_072_0.01_10kbp_random_trees.phy","expA1_00001_0050_072_0.01_10kbp_partitions.nex","expA1_00001_0050_072_0.01_10kbp_output_alignment"
"473",73,50,1,0.01,10000,"expA1_00001_0050_073_0.01_10kbp","JC",NA,"DNA","expA1_00001_0050_073_0.01_10kbp_random_trees.phy","expA1_00001_0050_073_0.01_10kbp_partitions.nex","expA1_00001_0050_073_0.01_10kbp_output_alignment"
"474",74,50,1,0.01,10000,"expA1_00001_0050_074_0.01_10kbp","JC",NA,"DNA","expA1_00001_0050_074_0.01_10kbp_random_trees.phy","expA1_00001_0050_074_0.01_10kbp_partitions.nex","expA1_00001_0050_074_0.01_10kbp_output_alignment"
"475",75,50,1,0.01,10000,"expA1_00001_0050_075_0.01_10kbp","JC",NA,"DNA","expA1_00001_0050_075_0.01_10kbp_random_trees.phy","expA1_00001_0050_075_0.01_10kbp_partitions.nex","expA1_00001_0050_075_0.01_10kbp_output_alignment"
"476",76,50,1,0.01,10000,"expA1_00001_0050_076_0.01_10kbp","JC",NA,"DNA","expA1_00001_0050_076_0.01_10kbp_random_trees.phy","expA1_00001_0050_076_0.01_10kbp_partitions.nex","expA1_00001_0050_076_0.01_10kbp_output_alignment"
"477",77,50,1,0.01,10000,"expA1_00001_0050_077_0.01_10kbp","JC",NA,"DNA","expA1_00001_0050_077_0.01_10kbp_random_trees.phy","expA1_00001_0050_077_0.01_10kbp_partitions.nex","expA1_00001_0050_077_0.01_10kbp_output_alignment"
"478",78,50,1,0.01,10000,"expA1_00001_0050_078_0.01_10kbp","JC",NA,"DNA","expA1_00001_0050_078_0.01_10kbp_random_trees.phy","expA1_00001_0050_078_0.01_10kbp_partitions.nex","expA1_00001_0050_078_0.01_10kbp_output_alignment"
"479",79,50,1,0.01,10000,"expA1_00001_0050_079_0.01_10kbp","JC",NA,"DNA","expA1_00001_0050_079_0.01_10kbp_random_trees.phy","expA1_00001_0050_079_0.01_10kbp_partitions.nex","expA1_00001_0050_079_0.01_10kbp_output_alignment"
"480",80,50,1,0.01,10000,"expA1_00001_0050_080_0.01_10kbp","JC",NA,"DNA","expA1_00001_0050_080_0.01_10kbp_random_trees.phy","expA1_00001_0050_080_0.01_10kbp_partitions.nex","expA1_00001_0050_080_0.01_10kbp_output_alignment"
"481",81,50,1,0.01,10000,"expA1_00001_0050_081_0.01_10kbp","JC",NA,"DNA","expA1_00001_0050_081_0.01_10kbp_random_trees.phy","expA1_00001_0050_081_0.01_10kbp_partitions.nex","expA1_00001_0050_081_0.01_10kbp_output_alignment"
"482",82,50,1,0.01,10000,"expA1_00001_0050_082_0.01_10kbp","JC",NA,"DNA","expA1_00001_0050_082_0.01_10kbp_random_trees.phy","expA1_00001_0050_082_0.01_10kbp_partitions.nex","expA1_00001_0050_082_0.01_10kbp_output_alignment"
"483",83,50,1,0.01,10000,"expA1_00001_0050_083_0.01_10kbp","JC",NA,"DNA","expA1_00001_0050_083_0.01_10kbp_random_trees.phy","expA1_00001_0050_083_0.01_10kbp_partitions.nex","expA1_00001_0050_083_0.01_10kbp_output_alignment"
"484",84,50,1,0.01,10000,"expA1_00001_0050_084_0.01_10kbp","JC",NA,"DNA","expA1_00001_0050_084_0.01_10kbp_random_trees.phy","expA1_00001_0050_084_0.01_10kbp_partitions.nex","expA1_00001_0050_084_0.01_10kbp_output_alignment"
"485",85,50,1,0.01,10000,"expA1_00001_0050_085_0.01_10kbp","JC",NA,"DNA","expA1_00001_0050_085_0.01_10kbp_random_trees.phy","expA1_00001_0050_085_0.01_10kbp_partitions.nex","expA1_00001_0050_085_0.01_10kbp_output_alignment"
"486",86,50,1,0.01,10000,"expA1_00001_0050_086_0.01_10kbp","JC",NA,"DNA","expA1_00001_0050_086_0.01_10kbp_random_trees.phy","expA1_00001_0050_086_0.01_10kbp_partitions.nex","expA1_00001_0050_086_0.01_10kbp_output_alignment"
"487",87,50,1,0.01,10000,"expA1_00001_0050_087_0.01_10kbp","JC",NA,"DNA","expA1_00001_0050_087_0.01_10kbp_random_trees.phy","expA1_00001_0050_087_0.01_10kbp_partitions.nex","expA1_00001_0050_087_0.01_10kbp_output_alignment"
"488",88,50,1,0.01,10000,"expA1_00001_0050_088_0.01_10kbp","JC",NA,"DNA","expA1_00001_0050_088_0.01_10kbp_random_trees.phy","expA1_00001_0050_088_0.01_10kbp_partitions.nex","expA1_00001_0050_088_0.01_10kbp_output_alignment"
"489",89,50,1,0.01,10000,"expA1_00001_0050_089_0.01_10kbp","JC",NA,"DNA","expA1_00001_0050_089_0.01_10kbp_random_trees.phy","expA1_00001_0050_089_0.01_10kbp_partitions.nex","expA1_00001_0050_089_0.01_10kbp_output_alignment"
"490",90,50,1,0.01,10000,"expA1_00001_0050_090_0.01_10kbp","JC",NA,"DNA","expA1_00001_0050_090_0.01_10kbp_random_trees.phy","expA1_00001_0050_090_0.01_10kbp_partitions.nex","expA1_00001_0050_090_0.01_10kbp_output_alignment"
"491",91,50,1,0.01,10000,"expA1_00001_0050_091_0.01_10kbp","JC",NA,"DNA","expA1_00001_0050_091_0.01_10kbp_random_trees.phy","expA1_00001_0050_091_0.01_10kbp_partitions.nex","expA1_00001_0050_091_0.01_10kbp_output_alignment"
"492",92,50,1,0.01,10000,"expA1_00001_0050_092_0.01_10kbp","JC",NA,"DNA","expA1_00001_0050_092_0.01_10kbp_random_trees.phy","expA1_00001_0050_092_0.01_10kbp_partitions.nex","expA1_00001_0050_092_0.01_10kbp_output_alignment"
"493",93,50,1,0.01,10000,"expA1_00001_0050_093_0.01_10kbp","JC",NA,"DNA","expA1_00001_0050_093_0.01_10kbp_random_trees.phy","expA1_00001_0050_093_0.01_10kbp_partitions.nex","expA1_00001_0050_093_0.01_10kbp_output_alignment"
"494",94,50,1,0.01,10000,"expA1_00001_0050_094_0.01_10kbp","JC",NA,"DNA","expA1_00001_0050_094_0.01_10kbp_random_trees.phy","expA1_00001_0050_094_0.01_10kbp_partitions.nex","expA1_00001_0050_094_0.01_10kbp_output_alignment"
"495",95,50,1,0.01,10000,"expA1_00001_0050_095_0.01_10kbp","JC",NA,"DNA","expA1_00001_0050_095_0.01_10kbp_random_trees.phy","expA1_00001_0050_095_0.01_10kbp_partitions.nex","expA1_00001_0050_095_0.01_10kbp_output_alignment"
"496",96,50,1,0.01,10000,"expA1_00001_0050_096_0.01_10kbp","JC",NA,"DNA","expA1_00001_0050_096_0.01_10kbp_random_trees.phy","expA1_00001_0050_096_0.01_10kbp_partitions.nex","expA1_00001_0050_096_0.01_10kbp_output_alignment"
"497",97,50,1,0.01,10000,"expA1_00001_0050_097_0.01_10kbp","JC",NA,"DNA","expA1_00001_0050_097_0.01_10kbp_random_trees.phy","expA1_00001_0050_097_0.01_10kbp_partitions.nex","expA1_00001_0050_097_0.01_10kbp_output_alignment"
"498",98,50,1,0.01,10000,"expA1_00001_0050_098_0.01_10kbp","JC",NA,"DNA","expA1_00001_0050_098_0.01_10kbp_random_trees.phy","expA1_00001_0050_098_0.01_10kbp_partitions.nex","expA1_00001_0050_098_0.01_10kbp_output_alignment"
"499",99,50,1,0.01,10000,"expA1_00001_0050_099_0.01_10kbp","JC",NA,"DNA","expA1_00001_0050_099_0.01_10kbp_random_trees.phy","expA1_00001_0050_099_0.01_10kbp_partitions.nex","expA1_00001_0050_099_0.01_10kbp_output_alignment"
"500",100,50,1,0.01,10000,"expA1_00001_0050_100_0.01_10kbp","JC",NA,"DNA","expA1_00001_0050_100_0.01_10kbp_random_trees.phy","expA1_00001_0050_100_0.01_10kbp_partitions.nex","expA1_00001_0050_100_0.01_10kbp_output_alignment"
"501",1,60,1,0.01,10000,"expA1_00001_0060_001_0.01_10kbp","JC",NA,"DNA","expA1_00001_0060_001_0.01_10kbp_random_trees.phy","expA1_00001_0060_001_0.01_10kbp_partitions.nex","expA1_00001_0060_001_0.01_10kbp_output_alignment"
"502",2,60,1,0.01,10000,"expA1_00001_0060_002_0.01_10kbp","JC",NA,"DNA","expA1_00001_0060_002_0.01_10kbp_random_trees.phy","expA1_00001_0060_002_0.01_10kbp_partitions.nex","expA1_00001_0060_002_0.01_10kbp_output_alignment"
"503",3,60,1,0.01,10000,"expA1_00001_0060_003_0.01_10kbp","JC",NA,"DNA","expA1_00001_0060_003_0.01_10kbp_random_trees.phy","expA1_00001_0060_003_0.01_10kbp_partitions.nex","expA1_00001_0060_003_0.01_10kbp_output_alignment"
"504",4,60,1,0.01,10000,"expA1_00001_0060_004_0.01_10kbp","JC",NA,"DNA","expA1_00001_0060_004_0.01_10kbp_random_trees.phy","expA1_00001_0060_004_0.01_10kbp_partitions.nex","expA1_00001_0060_004_0.01_10kbp_output_alignment"
"505",5,60,1,0.01,10000,"expA1_00001_0060_005_0.01_10kbp","JC",NA,"DNA","expA1_00001_0060_005_0.01_10kbp_random_trees.phy","expA1_00001_0060_005_0.01_10kbp_partitions.nex","expA1_00001_0060_005_0.01_10kbp_output_alignment"
"506",6,60,1,0.01,10000,"expA1_00001_0060_006_0.01_10kbp","JC",NA,"DNA","expA1_00001_0060_006_0.01_10kbp_random_trees.phy","expA1_00001_0060_006_0.01_10kbp_partitions.nex","expA1_00001_0060_006_0.01_10kbp_output_alignment"
"507",7,60,1,0.01,10000,"expA1_00001_0060_007_0.01_10kbp","JC",NA,"DNA","expA1_00001_0060_007_0.01_10kbp_random_trees.phy","expA1_00001_0060_007_0.01_10kbp_partitions.nex","expA1_00001_0060_007_0.01_10kbp_output_alignment"
"508",8,60,1,0.01,10000,"expA1_00001_0060_008_0.01_10kbp","JC",NA,"DNA","expA1_00001_0060_008_0.01_10kbp_random_trees.phy","expA1_00001_0060_008_0.01_10kbp_partitions.nex","expA1_00001_0060_008_0.01_10kbp_output_alignment"
"509",9,60,1,0.01,10000,"expA1_00001_0060_009_0.01_10kbp","JC",NA,"DNA","expA1_00001_0060_009_0.01_10kbp_random_trees.phy","expA1_00001_0060_009_0.01_10kbp_partitions.nex","expA1_00001_0060_009_0.01_10kbp_output_alignment"
"510",10,60,1,0.01,10000,"expA1_00001_0060_010_0.01_10kbp","JC",NA,"DNA","expA1_00001_0060_010_0.01_10kbp_random_trees.phy","expA1_00001_0060_010_0.01_10kbp_partitions.nex","expA1_00001_0060_010_0.01_10kbp_output_alignment"
"511",11,60,1,0.01,10000,"expA1_00001_0060_011_0.01_10kbp","JC",NA,"DNA","expA1_00001_0060_011_0.01_10kbp_random_trees.phy","expA1_00001_0060_011_0.01_10kbp_partitions.nex","expA1_00001_0060_011_0.01_10kbp_output_alignment"
"512",12,60,1,0.01,10000,"expA1_00001_0060_012_0.01_10kbp","JC",NA,"DNA","expA1_00001_0060_012_0.01_10kbp_random_trees.phy","expA1_00001_0060_012_0.01_10kbp_partitions.nex","expA1_00001_0060_012_0.01_10kbp_output_alignment"
"513",13,60,1,0.01,10000,"expA1_00001_0060_013_0.01_10kbp","JC",NA,"DNA","expA1_00001_0060_013_0.01_10kbp_random_trees.phy","expA1_00001_0060_013_0.01_10kbp_partitions.nex","expA1_00001_0060_013_0.01_10kbp_output_alignment"
"514",14,60,1,0.01,10000,"expA1_00001_0060_014_0.01_10kbp","JC",NA,"DNA","expA1_00001_0060_014_0.01_10kbp_random_trees.phy","expA1_00001_0060_014_0.01_10kbp_partitions.nex","expA1_00001_0060_014_0.01_10kbp_output_alignment"
"515",15,60,1,0.01,10000,"expA1_00001_0060_015_0.01_10kbp","JC",NA,"DNA","expA1_00001_0060_015_0.01_10kbp_random_trees.phy","expA1_00001_0060_015_0.01_10kbp_partitions.nex","expA1_00001_0060_015_0.01_10kbp_output_alignment"
"516",16,60,1,0.01,10000,"expA1_00001_0060_016_0.01_10kbp","JC",NA,"DNA","expA1_00001_0060_016_0.01_10kbp_random_trees.phy","expA1_00001_0060_016_0.01_10kbp_partitions.nex","expA1_00001_0060_016_0.01_10kbp_output_alignment"
"517",17,60,1,0.01,10000,"expA1_00001_0060_017_0.01_10kbp","JC",NA,"DNA","expA1_00001_0060_017_0.01_10kbp_random_trees.phy","expA1_00001_0060_017_0.01_10kbp_partitions.nex","expA1_00001_0060_017_0.01_10kbp_output_alignment"
"518",18,60,1,0.01,10000,"expA1_00001_0060_018_0.01_10kbp","JC",NA,"DNA","expA1_00001_0060_018_0.01_10kbp_random_trees.phy","expA1_00001_0060_018_0.01_10kbp_partitions.nex","expA1_00001_0060_018_0.01_10kbp_output_alignment"
"519",19,60,1,0.01,10000,"expA1_00001_0060_019_0.01_10kbp","JC",NA,"DNA","expA1_00001_0060_019_0.01_10kbp_random_trees.phy","expA1_00001_0060_019_0.01_10kbp_partitions.nex","expA1_00001_0060_019_0.01_10kbp_output_alignment"
"520",20,60,1,0.01,10000,"expA1_00001_0060_020_0.01_10kbp","JC",NA,"DNA","expA1_00001_0060_020_0.01_10kbp_random_trees.phy","expA1_00001_0060_020_0.01_10kbp_partitions.nex","expA1_00001_0060_020_0.01_10kbp_output_alignment"
"521",21,60,1,0.01,10000,"expA1_00001_0060_021_0.01_10kbp","JC",NA,"DNA","expA1_00001_0060_021_0.01_10kbp_random_trees.phy","expA1_00001_0060_021_0.01_10kbp_partitions.nex","expA1_00001_0060_021_0.01_10kbp_output_alignment"
"522",22,60,1,0.01,10000,"expA1_00001_0060_022_0.01_10kbp","JC",NA,"DNA","expA1_00001_0060_022_0.01_10kbp_random_trees.phy","expA1_00001_0060_022_0.01_10kbp_partitions.nex","expA1_00001_0060_022_0.01_10kbp_output_alignment"
"523",23,60,1,0.01,10000,"expA1_00001_0060_023_0.01_10kbp","JC",NA,"DNA","expA1_00001_0060_023_0.01_10kbp_random_trees.phy","expA1_00001_0060_023_0.01_10kbp_partitions.nex","expA1_00001_0060_023_0.01_10kbp_output_alignment"
"524",24,60,1,0.01,10000,"expA1_00001_0060_024_0.01_10kbp","JC",NA,"DNA","expA1_00001_0060_024_0.01_10kbp_random_trees.phy","expA1_00001_0060_024_0.01_10kbp_partitions.nex","expA1_00001_0060_024_0.01_10kbp_output_alignment"
"525",25,60,1,0.01,10000,"expA1_00001_0060_025_0.01_10kbp","JC",NA,"DNA","expA1_00001_0060_025_0.01_10kbp_random_trees.phy","expA1_00001_0060_025_0.01_10kbp_partitions.nex","expA1_00001_0060_025_0.01_10kbp_output_alignment"
"526",26,60,1,0.01,10000,"expA1_00001_0060_026_0.01_10kbp","JC",NA,"DNA","expA1_00001_0060_026_0.01_10kbp_random_trees.phy","expA1_00001_0060_026_0.01_10kbp_partitions.nex","expA1_00001_0060_026_0.01_10kbp_output_alignment"
"527",27,60,1,0.01,10000,"expA1_00001_0060_027_0.01_10kbp","JC",NA,"DNA","expA1_00001_0060_027_0.01_10kbp_random_trees.phy","expA1_00001_0060_027_0.01_10kbp_partitions.nex","expA1_00001_0060_027_0.01_10kbp_output_alignment"
"528",28,60,1,0.01,10000,"expA1_00001_0060_028_0.01_10kbp","JC",NA,"DNA","expA1_00001_0060_028_0.01_10kbp_random_trees.phy","expA1_00001_0060_028_0.01_10kbp_partitions.nex","expA1_00001_0060_028_0.01_10kbp_output_alignment"
"529",29,60,1,0.01,10000,"expA1_00001_0060_029_0.01_10kbp","JC",NA,"DNA","expA1_00001_0060_029_0.01_10kbp_random_trees.phy","expA1_00001_0060_029_0.01_10kbp_partitions.nex","expA1_00001_0060_029_0.01_10kbp_output_alignment"
"530",30,60,1,0.01,10000,"expA1_00001_0060_030_0.01_10kbp","JC",NA,"DNA","expA1_00001_0060_030_0.01_10kbp_random_trees.phy","expA1_00001_0060_030_0.01_10kbp_partitions.nex","expA1_00001_0060_030_0.01_10kbp_output_alignment"
"531",31,60,1,0.01,10000,"expA1_00001_0060_031_0.01_10kbp","JC",NA,"DNA","expA1_00001_0060_031_0.01_10kbp_random_trees.phy","expA1_00001_0060_031_0.01_10kbp_partitions.nex","expA1_00001_0060_031_0.01_10kbp_output_alignment"
"532",32,60,1,0.01,10000,"expA1_00001_0060_032_0.01_10kbp","JC",NA,"DNA","expA1_00001_0060_032_0.01_10kbp_random_trees.phy","expA1_00001_0060_032_0.01_10kbp_partitions.nex","expA1_00001_0060_032_0.01_10kbp_output_alignment"
"533",33,60,1,0.01,10000,"expA1_00001_0060_033_0.01_10kbp","JC",NA,"DNA","expA1_00001_0060_033_0.01_10kbp_random_trees.phy","expA1_00001_0060_033_0.01_10kbp_partitions.nex","expA1_00001_0060_033_0.01_10kbp_output_alignment"
"534",34,60,1,0.01,10000,"expA1_00001_0060_034_0.01_10kbp","JC",NA,"DNA","expA1_00001_0060_034_0.01_10kbp_random_trees.phy","expA1_00001_0060_034_0.01_10kbp_partitions.nex","expA1_00001_0060_034_0.01_10kbp_output_alignment"
"535",35,60,1,0.01,10000,"expA1_00001_0060_035_0.01_10kbp","JC",NA,"DNA","expA1_00001_0060_035_0.01_10kbp_random_trees.phy","expA1_00001_0060_035_0.01_10kbp_partitions.nex","expA1_00001_0060_035_0.01_10kbp_output_alignment"
"536",36,60,1,0.01,10000,"expA1_00001_0060_036_0.01_10kbp","JC",NA,"DNA","expA1_00001_0060_036_0.01_10kbp_random_trees.phy","expA1_00001_0060_036_0.01_10kbp_partitions.nex","expA1_00001_0060_036_0.01_10kbp_output_alignment"
"537",37,60,1,0.01,10000,"expA1_00001_0060_037_0.01_10kbp","JC",NA,"DNA","expA1_00001_0060_037_0.01_10kbp_random_trees.phy","expA1_00001_0060_037_0.01_10kbp_partitions.nex","expA1_00001_0060_037_0.01_10kbp_output_alignment"
"538",38,60,1,0.01,10000,"expA1_00001_0060_038_0.01_10kbp","JC",NA,"DNA","expA1_00001_0060_038_0.01_10kbp_random_trees.phy","expA1_00001_0060_038_0.01_10kbp_partitions.nex","expA1_00001_0060_038_0.01_10kbp_output_alignment"
"539",39,60,1,0.01,10000,"expA1_00001_0060_039_0.01_10kbp","JC",NA,"DNA","expA1_00001_0060_039_0.01_10kbp_random_trees.phy","expA1_00001_0060_039_0.01_10kbp_partitions.nex","expA1_00001_0060_039_0.01_10kbp_output_alignment"
"540",40,60,1,0.01,10000,"expA1_00001_0060_040_0.01_10kbp","JC",NA,"DNA","expA1_00001_0060_040_0.01_10kbp_random_trees.phy","expA1_00001_0060_040_0.01_10kbp_partitions.nex","expA1_00001_0060_040_0.01_10kbp_output_alignment"
"541",41,60,1,0.01,10000,"expA1_00001_0060_041_0.01_10kbp","JC",NA,"DNA","expA1_00001_0060_041_0.01_10kbp_random_trees.phy","expA1_00001_0060_041_0.01_10kbp_partitions.nex","expA1_00001_0060_041_0.01_10kbp_output_alignment"
"542",42,60,1,0.01,10000,"expA1_00001_0060_042_0.01_10kbp","JC",NA,"DNA","expA1_00001_0060_042_0.01_10kbp_random_trees.phy","expA1_00001_0060_042_0.01_10kbp_partitions.nex","expA1_00001_0060_042_0.01_10kbp_output_alignment"
"543",43,60,1,0.01,10000,"expA1_00001_0060_043_0.01_10kbp","JC",NA,"DNA","expA1_00001_0060_043_0.01_10kbp_random_trees.phy","expA1_00001_0060_043_0.01_10kbp_partitions.nex","expA1_00001_0060_043_0.01_10kbp_output_alignment"
"544",44,60,1,0.01,10000,"expA1_00001_0060_044_0.01_10kbp","JC",NA,"DNA","expA1_00001_0060_044_0.01_10kbp_random_trees.phy","expA1_00001_0060_044_0.01_10kbp_partitions.nex","expA1_00001_0060_044_0.01_10kbp_output_alignment"
"545",45,60,1,0.01,10000,"expA1_00001_0060_045_0.01_10kbp","JC",NA,"DNA","expA1_00001_0060_045_0.01_10kbp_random_trees.phy","expA1_00001_0060_045_0.01_10kbp_partitions.nex","expA1_00001_0060_045_0.01_10kbp_output_alignment"
"546",46,60,1,0.01,10000,"expA1_00001_0060_046_0.01_10kbp","JC",NA,"DNA","expA1_00001_0060_046_0.01_10kbp_random_trees.phy","expA1_00001_0060_046_0.01_10kbp_partitions.nex","expA1_00001_0060_046_0.01_10kbp_output_alignment"
"547",47,60,1,0.01,10000,"expA1_00001_0060_047_0.01_10kbp","JC",NA,"DNA","expA1_00001_0060_047_0.01_10kbp_random_trees.phy","expA1_00001_0060_047_0.01_10kbp_partitions.nex","expA1_00001_0060_047_0.01_10kbp_output_alignment"
"548",48,60,1,0.01,10000,"expA1_00001_0060_048_0.01_10kbp","JC",NA,"DNA","expA1_00001_0060_048_0.01_10kbp_random_trees.phy","expA1_00001_0060_048_0.01_10kbp_partitions.nex","expA1_00001_0060_048_0.01_10kbp_output_alignment"
"549",49,60,1,0.01,10000,"expA1_00001_0060_049_0.01_10kbp","JC",NA,"DNA","expA1_00001_0060_049_0.01_10kbp_random_trees.phy","expA1_00001_0060_049_0.01_10kbp_partitions.nex","expA1_00001_0060_049_0.01_10kbp_output_alignment"
"550",50,60,1,0.01,10000,"expA1_00001_0060_050_0.01_10kbp","JC",NA,"DNA","expA1_00001_0060_050_0.01_10kbp_random_trees.phy","expA1_00001_0060_050_0.01_10kbp_partitions.nex","expA1_00001_0060_050_0.01_10kbp_output_alignment"
"551",51,60,1,0.01,10000,"expA1_00001_0060_051_0.01_10kbp","JC",NA,"DNA","expA1_00001_0060_051_0.01_10kbp_random_trees.phy","expA1_00001_0060_051_0.01_10kbp_partitions.nex","expA1_00001_0060_051_0.01_10kbp_output_alignment"
"552",52,60,1,0.01,10000,"expA1_00001_0060_052_0.01_10kbp","JC",NA,"DNA","expA1_00001_0060_052_0.01_10kbp_random_trees.phy","expA1_00001_0060_052_0.01_10kbp_partitions.nex","expA1_00001_0060_052_0.01_10kbp_output_alignment"
"553",53,60,1,0.01,10000,"expA1_00001_0060_053_0.01_10kbp","JC",NA,"DNA","expA1_00001_0060_053_0.01_10kbp_random_trees.phy","expA1_00001_0060_053_0.01_10kbp_partitions.nex","expA1_00001_0060_053_0.01_10kbp_output_alignment"
"554",54,60,1,0.01,10000,"expA1_00001_0060_054_0.01_10kbp","JC",NA,"DNA","expA1_00001_0060_054_0.01_10kbp_random_trees.phy","expA1_00001_0060_054_0.01_10kbp_partitions.nex","expA1_00001_0060_054_0.01_10kbp_output_alignment"
"555",55,60,1,0.01,10000,"expA1_00001_0060_055_0.01_10kbp","JC",NA,"DNA","expA1_00001_0060_055_0.01_10kbp_random_trees.phy","expA1_00001_0060_055_0.01_10kbp_partitions.nex","expA1_00001_0060_055_0.01_10kbp_output_alignment"
"556",56,60,1,0.01,10000,"expA1_00001_0060_056_0.01_10kbp","JC",NA,"DNA","expA1_00001_0060_056_0.01_10kbp_random_trees.phy","expA1_00001_0060_056_0.01_10kbp_partitions.nex","expA1_00001_0060_056_0.01_10kbp_output_alignment"
"557",57,60,1,0.01,10000,"expA1_00001_0060_057_0.01_10kbp","JC",NA,"DNA","expA1_00001_0060_057_0.01_10kbp_random_trees.phy","expA1_00001_0060_057_0.01_10kbp_partitions.nex","expA1_00001_0060_057_0.01_10kbp_output_alignment"
"558",58,60,1,0.01,10000,"expA1_00001_0060_058_0.01_10kbp","JC",NA,"DNA","expA1_00001_0060_058_0.01_10kbp_random_trees.phy","expA1_00001_0060_058_0.01_10kbp_partitions.nex","expA1_00001_0060_058_0.01_10kbp_output_alignment"
"559",59,60,1,0.01,10000,"expA1_00001_0060_059_0.01_10kbp","JC",NA,"DNA","expA1_00001_0060_059_0.01_10kbp_random_trees.phy","expA1_00001_0060_059_0.01_10kbp_partitions.nex","expA1_00001_0060_059_0.01_10kbp_output_alignment"
"560",60,60,1,0.01,10000,"expA1_00001_0060_060_0.01_10kbp","JC",NA,"DNA","expA1_00001_0060_060_0.01_10kbp_random_trees.phy","expA1_00001_0060_060_0.01_10kbp_partitions.nex","expA1_00001_0060_060_0.01_10kbp_output_alignment"
"561",61,60,1,0.01,10000,"expA1_00001_0060_061_0.01_10kbp","JC",NA,"DNA","expA1_00001_0060_061_0.01_10kbp_random_trees.phy","expA1_00001_0060_061_0.01_10kbp_partitions.nex","expA1_00001_0060_061_0.01_10kbp_output_alignment"
"562",62,60,1,0.01,10000,"expA1_00001_0060_062_0.01_10kbp","JC",NA,"DNA","expA1_00001_0060_062_0.01_10kbp_random_trees.phy","expA1_00001_0060_062_0.01_10kbp_partitions.nex","expA1_00001_0060_062_0.01_10kbp_output_alignment"
"563",63,60,1,0.01,10000,"expA1_00001_0060_063_0.01_10kbp","JC",NA,"DNA","expA1_00001_0060_063_0.01_10kbp_random_trees.phy","expA1_00001_0060_063_0.01_10kbp_partitions.nex","expA1_00001_0060_063_0.01_10kbp_output_alignment"
"564",64,60,1,0.01,10000,"expA1_00001_0060_064_0.01_10kbp","JC",NA,"DNA","expA1_00001_0060_064_0.01_10kbp_random_trees.phy","expA1_00001_0060_064_0.01_10kbp_partitions.nex","expA1_00001_0060_064_0.01_10kbp_output_alignment"
"565",65,60,1,0.01,10000,"expA1_00001_0060_065_0.01_10kbp","JC",NA,"DNA","expA1_00001_0060_065_0.01_10kbp_random_trees.phy","expA1_00001_0060_065_0.01_10kbp_partitions.nex","expA1_00001_0060_065_0.01_10kbp_output_alignment"
"566",66,60,1,0.01,10000,"expA1_00001_0060_066_0.01_10kbp","JC",NA,"DNA","expA1_00001_0060_066_0.01_10kbp_random_trees.phy","expA1_00001_0060_066_0.01_10kbp_partitions.nex","expA1_00001_0060_066_0.01_10kbp_output_alignment"
"567",67,60,1,0.01,10000,"expA1_00001_0060_067_0.01_10kbp","JC",NA,"DNA","expA1_00001_0060_067_0.01_10kbp_random_trees.phy","expA1_00001_0060_067_0.01_10kbp_partitions.nex","expA1_00001_0060_067_0.01_10kbp_output_alignment"
"568",68,60,1,0.01,10000,"expA1_00001_0060_068_0.01_10kbp","JC",NA,"DNA","expA1_00001_0060_068_0.01_10kbp_random_trees.phy","expA1_00001_0060_068_0.01_10kbp_partitions.nex","expA1_00001_0060_068_0.01_10kbp_output_alignment"
"569",69,60,1,0.01,10000,"expA1_00001_0060_069_0.01_10kbp","JC",NA,"DNA","expA1_00001_0060_069_0.01_10kbp_random_trees.phy","expA1_00001_0060_069_0.01_10kbp_partitions.nex","expA1_00001_0060_069_0.01_10kbp_output_alignment"
"570",70,60,1,0.01,10000,"expA1_00001_0060_070_0.01_10kbp","JC",NA,"DNA","expA1_00001_0060_070_0.01_10kbp_random_trees.phy","expA1_00001_0060_070_0.01_10kbp_partitions.nex","expA1_00001_0060_070_0.01_10kbp_output_alignment"
"571",71,60,1,0.01,10000,"expA1_00001_0060_071_0.01_10kbp","JC",NA,"DNA","expA1_00001_0060_071_0.01_10kbp_random_trees.phy","expA1_00001_0060_071_0.01_10kbp_partitions.nex","expA1_00001_0060_071_0.01_10kbp_output_alignment"
"572",72,60,1,0.01,10000,"expA1_00001_0060_072_0.01_10kbp","JC",NA,"DNA","expA1_00001_0060_072_0.01_10kbp_random_trees.phy","expA1_00001_0060_072_0.01_10kbp_partitions.nex","expA1_00001_0060_072_0.01_10kbp_output_alignment"
"573",73,60,1,0.01,10000,"expA1_00001_0060_073_0.01_10kbp","JC",NA,"DNA","expA1_00001_0060_073_0.01_10kbp_random_trees.phy","expA1_00001_0060_073_0.01_10kbp_partitions.nex","expA1_00001_0060_073_0.01_10kbp_output_alignment"
"574",74,60,1,0.01,10000,"expA1_00001_0060_074_0.01_10kbp","JC",NA,"DNA","expA1_00001_0060_074_0.01_10kbp_random_trees.phy","expA1_00001_0060_074_0.01_10kbp_partitions.nex","expA1_00001_0060_074_0.01_10kbp_output_alignment"
"575",75,60,1,0.01,10000,"expA1_00001_0060_075_0.01_10kbp","JC",NA,"DNA","expA1_00001_0060_075_0.01_10kbp_random_trees.phy","expA1_00001_0060_075_0.01_10kbp_partitions.nex","expA1_00001_0060_075_0.01_10kbp_output_alignment"
"576",76,60,1,0.01,10000,"expA1_00001_0060_076_0.01_10kbp","JC",NA,"DNA","expA1_00001_0060_076_0.01_10kbp_random_trees.phy","expA1_00001_0060_076_0.01_10kbp_partitions.nex","expA1_00001_0060_076_0.01_10kbp_output_alignment"
"577",77,60,1,0.01,10000,"expA1_00001_0060_077_0.01_10kbp","JC",NA,"DNA","expA1_00001_0060_077_0.01_10kbp_random_trees.phy","expA1_00001_0060_077_0.01_10kbp_partitions.nex","expA1_00001_0060_077_0.01_10kbp_output_alignment"
"578",78,60,1,0.01,10000,"expA1_00001_0060_078_0.01_10kbp","JC",NA,"DNA","expA1_00001_0060_078_0.01_10kbp_random_trees.phy","expA1_00001_0060_078_0.01_10kbp_partitions.nex","expA1_00001_0060_078_0.01_10kbp_output_alignment"
"579",79,60,1,0.01,10000,"expA1_00001_0060_079_0.01_10kbp","JC",NA,"DNA","expA1_00001_0060_079_0.01_10kbp_random_trees.phy","expA1_00001_0060_079_0.01_10kbp_partitions.nex","expA1_00001_0060_079_0.01_10kbp_output_alignment"
"580",80,60,1,0.01,10000,"expA1_00001_0060_080_0.01_10kbp","JC",NA,"DNA","expA1_00001_0060_080_0.01_10kbp_random_trees.phy","expA1_00001_0060_080_0.01_10kbp_partitions.nex","expA1_00001_0060_080_0.01_10kbp_output_alignment"
"581",81,60,1,0.01,10000,"expA1_00001_0060_081_0.01_10kbp","JC",NA,"DNA","expA1_00001_0060_081_0.01_10kbp_random_trees.phy","expA1_00001_0060_081_0.01_10kbp_partitions.nex","expA1_00001_0060_081_0.01_10kbp_output_alignment"
"582",82,60,1,0.01,10000,"expA1_00001_0060_082_0.01_10kbp","JC",NA,"DNA","expA1_00001_0060_082_0.01_10kbp_random_trees.phy","expA1_00001_0060_082_0.01_10kbp_partitions.nex","expA1_00001_0060_082_0.01_10kbp_output_alignment"
"583",83,60,1,0.01,10000,"expA1_00001_0060_083_0.01_10kbp","JC",NA,"DNA","expA1_00001_0060_083_0.01_10kbp_random_trees.phy","expA1_00001_0060_083_0.01_10kbp_partitions.nex","expA1_00001_0060_083_0.01_10kbp_output_alignment"
"584",84,60,1,0.01,10000,"expA1_00001_0060_084_0.01_10kbp","JC",NA,"DNA","expA1_00001_0060_084_0.01_10kbp_random_trees.phy","expA1_00001_0060_084_0.01_10kbp_partitions.nex","expA1_00001_0060_084_0.01_10kbp_output_alignment"
"585",85,60,1,0.01,10000,"expA1_00001_0060_085_0.01_10kbp","JC",NA,"DNA","expA1_00001_0060_085_0.01_10kbp_random_trees.phy","expA1_00001_0060_085_0.01_10kbp_partitions.nex","expA1_00001_0060_085_0.01_10kbp_output_alignment"
"586",86,60,1,0.01,10000,"expA1_00001_0060_086_0.01_10kbp","JC",NA,"DNA","expA1_00001_0060_086_0.01_10kbp_random_trees.phy","expA1_00001_0060_086_0.01_10kbp_partitions.nex","expA1_00001_0060_086_0.01_10kbp_output_alignment"
"587",87,60,1,0.01,10000,"expA1_00001_0060_087_0.01_10kbp","JC",NA,"DNA","expA1_00001_0060_087_0.01_10kbp_random_trees.phy","expA1_00001_0060_087_0.01_10kbp_partitions.nex","expA1_00001_0060_087_0.01_10kbp_output_alignment"
"588",88,60,1,0.01,10000,"expA1_00001_0060_088_0.01_10kbp","JC",NA,"DNA","expA1_00001_0060_088_0.01_10kbp_random_trees.phy","expA1_00001_0060_088_0.01_10kbp_partitions.nex","expA1_00001_0060_088_0.01_10kbp_output_alignment"
"589",89,60,1,0.01,10000,"expA1_00001_0060_089_0.01_10kbp","JC",NA,"DNA","expA1_00001_0060_089_0.01_10kbp_random_trees.phy","expA1_00001_0060_089_0.01_10kbp_partitions.nex","expA1_00001_0060_089_0.01_10kbp_output_alignment"
"590",90,60,1,0.01,10000,"expA1_00001_0060_090_0.01_10kbp","JC",NA,"DNA","expA1_00001_0060_090_0.01_10kbp_random_trees.phy","expA1_00001_0060_090_0.01_10kbp_partitions.nex","expA1_00001_0060_090_0.01_10kbp_output_alignment"
"591",91,60,1,0.01,10000,"expA1_00001_0060_091_0.01_10kbp","JC",NA,"DNA","expA1_00001_0060_091_0.01_10kbp_random_trees.phy","expA1_00001_0060_091_0.01_10kbp_partitions.nex","expA1_00001_0060_091_0.01_10kbp_output_alignment"
"592",92,60,1,0.01,10000,"expA1_00001_0060_092_0.01_10kbp","JC",NA,"DNA","expA1_00001_0060_092_0.01_10kbp_random_trees.phy","expA1_00001_0060_092_0.01_10kbp_partitions.nex","expA1_00001_0060_092_0.01_10kbp_output_alignment"
"593",93,60,1,0.01,10000,"expA1_00001_0060_093_0.01_10kbp","JC",NA,"DNA","expA1_00001_0060_093_0.01_10kbp_random_trees.phy","expA1_00001_0060_093_0.01_10kbp_partitions.nex","expA1_00001_0060_093_0.01_10kbp_output_alignment"
"594",94,60,1,0.01,10000,"expA1_00001_0060_094_0.01_10kbp","JC",NA,"DNA","expA1_00001_0060_094_0.01_10kbp_random_trees.phy","expA1_00001_0060_094_0.01_10kbp_partitions.nex","expA1_00001_0060_094_0.01_10kbp_output_alignment"
"595",95,60,1,0.01,10000,"expA1_00001_0060_095_0.01_10kbp","JC",NA,"DNA","expA1_00001_0060_095_0.01_10kbp_random_trees.phy","expA1_00001_0060_095_0.01_10kbp_partitions.nex","expA1_00001_0060_095_0.01_10kbp_output_alignment"
"596",96,60,1,0.01,10000,"expA1_00001_0060_096_0.01_10kbp","JC",NA,"DNA","expA1_00001_0060_096_0.01_10kbp_random_trees.phy","expA1_00001_0060_096_0.01_10kbp_partitions.nex","expA1_00001_0060_096_0.01_10kbp_output_alignment"
"597",97,60,1,0.01,10000,"expA1_00001_0060_097_0.01_10kbp","JC",NA,"DNA","expA1_00001_0060_097_0.01_10kbp_random_trees.phy","expA1_00001_0060_097_0.01_10kbp_partitions.nex","expA1_00001_0060_097_0.01_10kbp_output_alignment"
"598",98,60,1,0.01,10000,"expA1_00001_0060_098_0.01_10kbp","JC",NA,"DNA","expA1_00001_0060_098_0.01_10kbp_random_trees.phy","expA1_00001_0060_098_0.01_10kbp_partitions.nex","expA1_00001_0060_098_0.01_10kbp_output_alignment"
"599",99,60,1,0.01,10000,"expA1_00001_0060_099_0.01_10kbp","JC",NA,"DNA","expA1_00001_0060_099_0.01_10kbp_random_trees.phy","expA1_00001_0060_099_0.01_10kbp_partitions.nex","expA1_00001_0060_099_0.01_10kbp_output_alignment"
"600",100,60,1,0.01,10000,"expA1_00001_0060_100_0.01_10kbp","JC",NA,"DNA","expA1_00001_0060_100_0.01_10kbp_random_trees.phy","expA1_00001_0060_100_0.01_10kbp_partitions.nex","expA1_00001_0060_100_0.01_10kbp_output_alignment"
"601",1,70,1,0.01,10000,"expA1_00001_0070_001_0.01_10kbp","JC",NA,"DNA","expA1_00001_0070_001_0.01_10kbp_random_trees.phy","expA1_00001_0070_001_0.01_10kbp_partitions.nex","expA1_00001_0070_001_0.01_10kbp_output_alignment"
"602",2,70,1,0.01,10000,"expA1_00001_0070_002_0.01_10kbp","JC",NA,"DNA","expA1_00001_0070_002_0.01_10kbp_random_trees.phy","expA1_00001_0070_002_0.01_10kbp_partitions.nex","expA1_00001_0070_002_0.01_10kbp_output_alignment"
"603",3,70,1,0.01,10000,"expA1_00001_0070_003_0.01_10kbp","JC",NA,"DNA","expA1_00001_0070_003_0.01_10kbp_random_trees.phy","expA1_00001_0070_003_0.01_10kbp_partitions.nex","expA1_00001_0070_003_0.01_10kbp_output_alignment"
"604",4,70,1,0.01,10000,"expA1_00001_0070_004_0.01_10kbp","JC",NA,"DNA","expA1_00001_0070_004_0.01_10kbp_random_trees.phy","expA1_00001_0070_004_0.01_10kbp_partitions.nex","expA1_00001_0070_004_0.01_10kbp_output_alignment"
"605",5,70,1,0.01,10000,"expA1_00001_0070_005_0.01_10kbp","JC",NA,"DNA","expA1_00001_0070_005_0.01_10kbp_random_trees.phy","expA1_00001_0070_005_0.01_10kbp_partitions.nex","expA1_00001_0070_005_0.01_10kbp_output_alignment"
"606",6,70,1,0.01,10000,"expA1_00001_0070_006_0.01_10kbp","JC",NA,"DNA","expA1_00001_0070_006_0.01_10kbp_random_trees.phy","expA1_00001_0070_006_0.01_10kbp_partitions.nex","expA1_00001_0070_006_0.01_10kbp_output_alignment"
"607",7,70,1,0.01,10000,"expA1_00001_0070_007_0.01_10kbp","JC",NA,"DNA","expA1_00001_0070_007_0.01_10kbp_random_trees.phy","expA1_00001_0070_007_0.01_10kbp_partitions.nex","expA1_00001_0070_007_0.01_10kbp_output_alignment"
"608",8,70,1,0.01,10000,"expA1_00001_0070_008_0.01_10kbp","JC",NA,"DNA","expA1_00001_0070_008_0.01_10kbp_random_trees.phy","expA1_00001_0070_008_0.01_10kbp_partitions.nex","expA1_00001_0070_008_0.01_10kbp_output_alignment"
"609",9,70,1,0.01,10000,"expA1_00001_0070_009_0.01_10kbp","JC",NA,"DNA","expA1_00001_0070_009_0.01_10kbp_random_trees.phy","expA1_00001_0070_009_0.01_10kbp_partitions.nex","expA1_00001_0070_009_0.01_10kbp_output_alignment"
"610",10,70,1,0.01,10000,"expA1_00001_0070_010_0.01_10kbp","JC",NA,"DNA","expA1_00001_0070_010_0.01_10kbp_random_trees.phy","expA1_00001_0070_010_0.01_10kbp_partitions.nex","expA1_00001_0070_010_0.01_10kbp_output_alignment"
"611",11,70,1,0.01,10000,"expA1_00001_0070_011_0.01_10kbp","JC",NA,"DNA","expA1_00001_0070_011_0.01_10kbp_random_trees.phy","expA1_00001_0070_011_0.01_10kbp_partitions.nex","expA1_00001_0070_011_0.01_10kbp_output_alignment"
"612",12,70,1,0.01,10000,"expA1_00001_0070_012_0.01_10kbp","JC",NA,"DNA","expA1_00001_0070_012_0.01_10kbp_random_trees.phy","expA1_00001_0070_012_0.01_10kbp_partitions.nex","expA1_00001_0070_012_0.01_10kbp_output_alignment"
"613",13,70,1,0.01,10000,"expA1_00001_0070_013_0.01_10kbp","JC",NA,"DNA","expA1_00001_0070_013_0.01_10kbp_random_trees.phy","expA1_00001_0070_013_0.01_10kbp_partitions.nex","expA1_00001_0070_013_0.01_10kbp_output_alignment"
"614",14,70,1,0.01,10000,"expA1_00001_0070_014_0.01_10kbp","JC",NA,"DNA","expA1_00001_0070_014_0.01_10kbp_random_trees.phy","expA1_00001_0070_014_0.01_10kbp_partitions.nex","expA1_00001_0070_014_0.01_10kbp_output_alignment"
"615",15,70,1,0.01,10000,"expA1_00001_0070_015_0.01_10kbp","JC",NA,"DNA","expA1_00001_0070_015_0.01_10kbp_random_trees.phy","expA1_00001_0070_015_0.01_10kbp_partitions.nex","expA1_00001_0070_015_0.01_10kbp_output_alignment"
"616",16,70,1,0.01,10000,"expA1_00001_0070_016_0.01_10kbp","JC",NA,"DNA","expA1_00001_0070_016_0.01_10kbp_random_trees.phy","expA1_00001_0070_016_0.01_10kbp_partitions.nex","expA1_00001_0070_016_0.01_10kbp_output_alignment"
"617",17,70,1,0.01,10000,"expA1_00001_0070_017_0.01_10kbp","JC",NA,"DNA","expA1_00001_0070_017_0.01_10kbp_random_trees.phy","expA1_00001_0070_017_0.01_10kbp_partitions.nex","expA1_00001_0070_017_0.01_10kbp_output_alignment"
"618",18,70,1,0.01,10000,"expA1_00001_0070_018_0.01_10kbp","JC",NA,"DNA","expA1_00001_0070_018_0.01_10kbp_random_trees.phy","expA1_00001_0070_018_0.01_10kbp_partitions.nex","expA1_00001_0070_018_0.01_10kbp_output_alignment"
"619",19,70,1,0.01,10000,"expA1_00001_0070_019_0.01_10kbp","JC",NA,"DNA","expA1_00001_0070_019_0.01_10kbp_random_trees.phy","expA1_00001_0070_019_0.01_10kbp_partitions.nex","expA1_00001_0070_019_0.01_10kbp_output_alignment"
"620",20,70,1,0.01,10000,"expA1_00001_0070_020_0.01_10kbp","JC",NA,"DNA","expA1_00001_0070_020_0.01_10kbp_random_trees.phy","expA1_00001_0070_020_0.01_10kbp_partitions.nex","expA1_00001_0070_020_0.01_10kbp_output_alignment"
"621",21,70,1,0.01,10000,"expA1_00001_0070_021_0.01_10kbp","JC",NA,"DNA","expA1_00001_0070_021_0.01_10kbp_random_trees.phy","expA1_00001_0070_021_0.01_10kbp_partitions.nex","expA1_00001_0070_021_0.01_10kbp_output_alignment"
"622",22,70,1,0.01,10000,"expA1_00001_0070_022_0.01_10kbp","JC",NA,"DNA","expA1_00001_0070_022_0.01_10kbp_random_trees.phy","expA1_00001_0070_022_0.01_10kbp_partitions.nex","expA1_00001_0070_022_0.01_10kbp_output_alignment"
"623",23,70,1,0.01,10000,"expA1_00001_0070_023_0.01_10kbp","JC",NA,"DNA","expA1_00001_0070_023_0.01_10kbp_random_trees.phy","expA1_00001_0070_023_0.01_10kbp_partitions.nex","expA1_00001_0070_023_0.01_10kbp_output_alignment"
"624",24,70,1,0.01,10000,"expA1_00001_0070_024_0.01_10kbp","JC",NA,"DNA","expA1_00001_0070_024_0.01_10kbp_random_trees.phy","expA1_00001_0070_024_0.01_10kbp_partitions.nex","expA1_00001_0070_024_0.01_10kbp_output_alignment"
"625",25,70,1,0.01,10000,"expA1_00001_0070_025_0.01_10kbp","JC",NA,"DNA","expA1_00001_0070_025_0.01_10kbp_random_trees.phy","expA1_00001_0070_025_0.01_10kbp_partitions.nex","expA1_00001_0070_025_0.01_10kbp_output_alignment"
"626",26,70,1,0.01,10000,"expA1_00001_0070_026_0.01_10kbp","JC",NA,"DNA","expA1_00001_0070_026_0.01_10kbp_random_trees.phy","expA1_00001_0070_026_0.01_10kbp_partitions.nex","expA1_00001_0070_026_0.01_10kbp_output_alignment"
"627",27,70,1,0.01,10000,"expA1_00001_0070_027_0.01_10kbp","JC",NA,"DNA","expA1_00001_0070_027_0.01_10kbp_random_trees.phy","expA1_00001_0070_027_0.01_10kbp_partitions.nex","expA1_00001_0070_027_0.01_10kbp_output_alignment"
"628",28,70,1,0.01,10000,"expA1_00001_0070_028_0.01_10kbp","JC",NA,"DNA","expA1_00001_0070_028_0.01_10kbp_random_trees.phy","expA1_00001_0070_028_0.01_10kbp_partitions.nex","expA1_00001_0070_028_0.01_10kbp_output_alignment"
"629",29,70,1,0.01,10000,"expA1_00001_0070_029_0.01_10kbp","JC",NA,"DNA","expA1_00001_0070_029_0.01_10kbp_random_trees.phy","expA1_00001_0070_029_0.01_10kbp_partitions.nex","expA1_00001_0070_029_0.01_10kbp_output_alignment"
"630",30,70,1,0.01,10000,"expA1_00001_0070_030_0.01_10kbp","JC",NA,"DNA","expA1_00001_0070_030_0.01_10kbp_random_trees.phy","expA1_00001_0070_030_0.01_10kbp_partitions.nex","expA1_00001_0070_030_0.01_10kbp_output_alignment"
"631",31,70,1,0.01,10000,"expA1_00001_0070_031_0.01_10kbp","JC",NA,"DNA","expA1_00001_0070_031_0.01_10kbp_random_trees.phy","expA1_00001_0070_031_0.01_10kbp_partitions.nex","expA1_00001_0070_031_0.01_10kbp_output_alignment"
"632",32,70,1,0.01,10000,"expA1_00001_0070_032_0.01_10kbp","JC",NA,"DNA","expA1_00001_0070_032_0.01_10kbp_random_trees.phy","expA1_00001_0070_032_0.01_10kbp_partitions.nex","expA1_00001_0070_032_0.01_10kbp_output_alignment"
"633",33,70,1,0.01,10000,"expA1_00001_0070_033_0.01_10kbp","JC",NA,"DNA","expA1_00001_0070_033_0.01_10kbp_random_trees.phy","expA1_00001_0070_033_0.01_10kbp_partitions.nex","expA1_00001_0070_033_0.01_10kbp_output_alignment"
"634",34,70,1,0.01,10000,"expA1_00001_0070_034_0.01_10kbp","JC",NA,"DNA","expA1_00001_0070_034_0.01_10kbp_random_trees.phy","expA1_00001_0070_034_0.01_10kbp_partitions.nex","expA1_00001_0070_034_0.01_10kbp_output_alignment"
"635",35,70,1,0.01,10000,"expA1_00001_0070_035_0.01_10kbp","JC",NA,"DNA","expA1_00001_0070_035_0.01_10kbp_random_trees.phy","expA1_00001_0070_035_0.01_10kbp_partitions.nex","expA1_00001_0070_035_0.01_10kbp_output_alignment"
"636",36,70,1,0.01,10000,"expA1_00001_0070_036_0.01_10kbp","JC",NA,"DNA","expA1_00001_0070_036_0.01_10kbp_random_trees.phy","expA1_00001_0070_036_0.01_10kbp_partitions.nex","expA1_00001_0070_036_0.01_10kbp_output_alignment"
"637",37,70,1,0.01,10000,"expA1_00001_0070_037_0.01_10kbp","JC",NA,"DNA","expA1_00001_0070_037_0.01_10kbp_random_trees.phy","expA1_00001_0070_037_0.01_10kbp_partitions.nex","expA1_00001_0070_037_0.01_10kbp_output_alignment"
"638",38,70,1,0.01,10000,"expA1_00001_0070_038_0.01_10kbp","JC",NA,"DNA","expA1_00001_0070_038_0.01_10kbp_random_trees.phy","expA1_00001_0070_038_0.01_10kbp_partitions.nex","expA1_00001_0070_038_0.01_10kbp_output_alignment"
"639",39,70,1,0.01,10000,"expA1_00001_0070_039_0.01_10kbp","JC",NA,"DNA","expA1_00001_0070_039_0.01_10kbp_random_trees.phy","expA1_00001_0070_039_0.01_10kbp_partitions.nex","expA1_00001_0070_039_0.01_10kbp_output_alignment"
"640",40,70,1,0.01,10000,"expA1_00001_0070_040_0.01_10kbp","JC",NA,"DNA","expA1_00001_0070_040_0.01_10kbp_random_trees.phy","expA1_00001_0070_040_0.01_10kbp_partitions.nex","expA1_00001_0070_040_0.01_10kbp_output_alignment"
"641",41,70,1,0.01,10000,"expA1_00001_0070_041_0.01_10kbp","JC",NA,"DNA","expA1_00001_0070_041_0.01_10kbp_random_trees.phy","expA1_00001_0070_041_0.01_10kbp_partitions.nex","expA1_00001_0070_041_0.01_10kbp_output_alignment"
"642",42,70,1,0.01,10000,"expA1_00001_0070_042_0.01_10kbp","JC",NA,"DNA","expA1_00001_0070_042_0.01_10kbp_random_trees.phy","expA1_00001_0070_042_0.01_10kbp_partitions.nex","expA1_00001_0070_042_0.01_10kbp_output_alignment"
"643",43,70,1,0.01,10000,"expA1_00001_0070_043_0.01_10kbp","JC",NA,"DNA","expA1_00001_0070_043_0.01_10kbp_random_trees.phy","expA1_00001_0070_043_0.01_10kbp_partitions.nex","expA1_00001_0070_043_0.01_10kbp_output_alignment"
"644",44,70,1,0.01,10000,"expA1_00001_0070_044_0.01_10kbp","JC",NA,"DNA","expA1_00001_0070_044_0.01_10kbp_random_trees.phy","expA1_00001_0070_044_0.01_10kbp_partitions.nex","expA1_00001_0070_044_0.01_10kbp_output_alignment"
"645",45,70,1,0.01,10000,"expA1_00001_0070_045_0.01_10kbp","JC",NA,"DNA","expA1_00001_0070_045_0.01_10kbp_random_trees.phy","expA1_00001_0070_045_0.01_10kbp_partitions.nex","expA1_00001_0070_045_0.01_10kbp_output_alignment"
"646",46,70,1,0.01,10000,"expA1_00001_0070_046_0.01_10kbp","JC",NA,"DNA","expA1_00001_0070_046_0.01_10kbp_random_trees.phy","expA1_00001_0070_046_0.01_10kbp_partitions.nex","expA1_00001_0070_046_0.01_10kbp_output_alignment"
"647",47,70,1,0.01,10000,"expA1_00001_0070_047_0.01_10kbp","JC",NA,"DNA","expA1_00001_0070_047_0.01_10kbp_random_trees.phy","expA1_00001_0070_047_0.01_10kbp_partitions.nex","expA1_00001_0070_047_0.01_10kbp_output_alignment"
"648",48,70,1,0.01,10000,"expA1_00001_0070_048_0.01_10kbp","JC",NA,"DNA","expA1_00001_0070_048_0.01_10kbp_random_trees.phy","expA1_00001_0070_048_0.01_10kbp_partitions.nex","expA1_00001_0070_048_0.01_10kbp_output_alignment"
"649",49,70,1,0.01,10000,"expA1_00001_0070_049_0.01_10kbp","JC",NA,"DNA","expA1_00001_0070_049_0.01_10kbp_random_trees.phy","expA1_00001_0070_049_0.01_10kbp_partitions.nex","expA1_00001_0070_049_0.01_10kbp_output_alignment"
"650",50,70,1,0.01,10000,"expA1_00001_0070_050_0.01_10kbp","JC",NA,"DNA","expA1_00001_0070_050_0.01_10kbp_random_trees.phy","expA1_00001_0070_050_0.01_10kbp_partitions.nex","expA1_00001_0070_050_0.01_10kbp_output_alignment"
"651",51,70,1,0.01,10000,"expA1_00001_0070_051_0.01_10kbp","JC",NA,"DNA","expA1_00001_0070_051_0.01_10kbp_random_trees.phy","expA1_00001_0070_051_0.01_10kbp_partitions.nex","expA1_00001_0070_051_0.01_10kbp_output_alignment"
"652",52,70,1,0.01,10000,"expA1_00001_0070_052_0.01_10kbp","JC",NA,"DNA","expA1_00001_0070_052_0.01_10kbp_random_trees.phy","expA1_00001_0070_052_0.01_10kbp_partitions.nex","expA1_00001_0070_052_0.01_10kbp_output_alignment"
"653",53,70,1,0.01,10000,"expA1_00001_0070_053_0.01_10kbp","JC",NA,"DNA","expA1_00001_0070_053_0.01_10kbp_random_trees.phy","expA1_00001_0070_053_0.01_10kbp_partitions.nex","expA1_00001_0070_053_0.01_10kbp_output_alignment"
"654",54,70,1,0.01,10000,"expA1_00001_0070_054_0.01_10kbp","JC",NA,"DNA","expA1_00001_0070_054_0.01_10kbp_random_trees.phy","expA1_00001_0070_054_0.01_10kbp_partitions.nex","expA1_00001_0070_054_0.01_10kbp_output_alignment"
"655",55,70,1,0.01,10000,"expA1_00001_0070_055_0.01_10kbp","JC",NA,"DNA","expA1_00001_0070_055_0.01_10kbp_random_trees.phy","expA1_00001_0070_055_0.01_10kbp_partitions.nex","expA1_00001_0070_055_0.01_10kbp_output_alignment"
"656",56,70,1,0.01,10000,"expA1_00001_0070_056_0.01_10kbp","JC",NA,"DNA","expA1_00001_0070_056_0.01_10kbp_random_trees.phy","expA1_00001_0070_056_0.01_10kbp_partitions.nex","expA1_00001_0070_056_0.01_10kbp_output_alignment"
"657",57,70,1,0.01,10000,"expA1_00001_0070_057_0.01_10kbp","JC",NA,"DNA","expA1_00001_0070_057_0.01_10kbp_random_trees.phy","expA1_00001_0070_057_0.01_10kbp_partitions.nex","expA1_00001_0070_057_0.01_10kbp_output_alignment"
"658",58,70,1,0.01,10000,"expA1_00001_0070_058_0.01_10kbp","JC",NA,"DNA","expA1_00001_0070_058_0.01_10kbp_random_trees.phy","expA1_00001_0070_058_0.01_10kbp_partitions.nex","expA1_00001_0070_058_0.01_10kbp_output_alignment"
"659",59,70,1,0.01,10000,"expA1_00001_0070_059_0.01_10kbp","JC",NA,"DNA","expA1_00001_0070_059_0.01_10kbp_random_trees.phy","expA1_00001_0070_059_0.01_10kbp_partitions.nex","expA1_00001_0070_059_0.01_10kbp_output_alignment"
"660",60,70,1,0.01,10000,"expA1_00001_0070_060_0.01_10kbp","JC",NA,"DNA","expA1_00001_0070_060_0.01_10kbp_random_trees.phy","expA1_00001_0070_060_0.01_10kbp_partitions.nex","expA1_00001_0070_060_0.01_10kbp_output_alignment"
"661",61,70,1,0.01,10000,"expA1_00001_0070_061_0.01_10kbp","JC",NA,"DNA","expA1_00001_0070_061_0.01_10kbp_random_trees.phy","expA1_00001_0070_061_0.01_10kbp_partitions.nex","expA1_00001_0070_061_0.01_10kbp_output_alignment"
"662",62,70,1,0.01,10000,"expA1_00001_0070_062_0.01_10kbp","JC",NA,"DNA","expA1_00001_0070_062_0.01_10kbp_random_trees.phy","expA1_00001_0070_062_0.01_10kbp_partitions.nex","expA1_00001_0070_062_0.01_10kbp_output_alignment"
"663",63,70,1,0.01,10000,"expA1_00001_0070_063_0.01_10kbp","JC",NA,"DNA","expA1_00001_0070_063_0.01_10kbp_random_trees.phy","expA1_00001_0070_063_0.01_10kbp_partitions.nex","expA1_00001_0070_063_0.01_10kbp_output_alignment"
"664",64,70,1,0.01,10000,"expA1_00001_0070_064_0.01_10kbp","JC",NA,"DNA","expA1_00001_0070_064_0.01_10kbp_random_trees.phy","expA1_00001_0070_064_0.01_10kbp_partitions.nex","expA1_00001_0070_064_0.01_10kbp_output_alignment"
"665",65,70,1,0.01,10000,"expA1_00001_0070_065_0.01_10kbp","JC",NA,"DNA","expA1_00001_0070_065_0.01_10kbp_random_trees.phy","expA1_00001_0070_065_0.01_10kbp_partitions.nex","expA1_00001_0070_065_0.01_10kbp_output_alignment"
"666",66,70,1,0.01,10000,"expA1_00001_0070_066_0.01_10kbp","JC",NA,"DNA","expA1_00001_0070_066_0.01_10kbp_random_trees.phy","expA1_00001_0070_066_0.01_10kbp_partitions.nex","expA1_00001_0070_066_0.01_10kbp_output_alignment"
"667",67,70,1,0.01,10000,"expA1_00001_0070_067_0.01_10kbp","JC",NA,"DNA","expA1_00001_0070_067_0.01_10kbp_random_trees.phy","expA1_00001_0070_067_0.01_10kbp_partitions.nex","expA1_00001_0070_067_0.01_10kbp_output_alignment"
"668",68,70,1,0.01,10000,"expA1_00001_0070_068_0.01_10kbp","JC",NA,"DNA","expA1_00001_0070_068_0.01_10kbp_random_trees.phy","expA1_00001_0070_068_0.01_10kbp_partitions.nex","expA1_00001_0070_068_0.01_10kbp_output_alignment"
"669",69,70,1,0.01,10000,"expA1_00001_0070_069_0.01_10kbp","JC",NA,"DNA","expA1_00001_0070_069_0.01_10kbp_random_trees.phy","expA1_00001_0070_069_0.01_10kbp_partitions.nex","expA1_00001_0070_069_0.01_10kbp_output_alignment"
"670",70,70,1,0.01,10000,"expA1_00001_0070_070_0.01_10kbp","JC",NA,"DNA","expA1_00001_0070_070_0.01_10kbp_random_trees.phy","expA1_00001_0070_070_0.01_10kbp_partitions.nex","expA1_00001_0070_070_0.01_10kbp_output_alignment"
"671",71,70,1,0.01,10000,"expA1_00001_0070_071_0.01_10kbp","JC",NA,"DNA","expA1_00001_0070_071_0.01_10kbp_random_trees.phy","expA1_00001_0070_071_0.01_10kbp_partitions.nex","expA1_00001_0070_071_0.01_10kbp_output_alignment"
"672",72,70,1,0.01,10000,"expA1_00001_0070_072_0.01_10kbp","JC",NA,"DNA","expA1_00001_0070_072_0.01_10kbp_random_trees.phy","expA1_00001_0070_072_0.01_10kbp_partitions.nex","expA1_00001_0070_072_0.01_10kbp_output_alignment"
"673",73,70,1,0.01,10000,"expA1_00001_0070_073_0.01_10kbp","JC",NA,"DNA","expA1_00001_0070_073_0.01_10kbp_random_trees.phy","expA1_00001_0070_073_0.01_10kbp_partitions.nex","expA1_00001_0070_073_0.01_10kbp_output_alignment"
"674",74,70,1,0.01,10000,"expA1_00001_0070_074_0.01_10kbp","JC",NA,"DNA","expA1_00001_0070_074_0.01_10kbp_random_trees.phy","expA1_00001_0070_074_0.01_10kbp_partitions.nex","expA1_00001_0070_074_0.01_10kbp_output_alignment"
"675",75,70,1,0.01,10000,"expA1_00001_0070_075_0.01_10kbp","JC",NA,"DNA","expA1_00001_0070_075_0.01_10kbp_random_trees.phy","expA1_00001_0070_075_0.01_10kbp_partitions.nex","expA1_00001_0070_075_0.01_10kbp_output_alignment"
"676",76,70,1,0.01,10000,"expA1_00001_0070_076_0.01_10kbp","JC",NA,"DNA","expA1_00001_0070_076_0.01_10kbp_random_trees.phy","expA1_00001_0070_076_0.01_10kbp_partitions.nex","expA1_00001_0070_076_0.01_10kbp_output_alignment"
"677",77,70,1,0.01,10000,"expA1_00001_0070_077_0.01_10kbp","JC",NA,"DNA","expA1_00001_0070_077_0.01_10kbp_random_trees.phy","expA1_00001_0070_077_0.01_10kbp_partitions.nex","expA1_00001_0070_077_0.01_10kbp_output_alignment"
"678",78,70,1,0.01,10000,"expA1_00001_0070_078_0.01_10kbp","JC",NA,"DNA","expA1_00001_0070_078_0.01_10kbp_random_trees.phy","expA1_00001_0070_078_0.01_10kbp_partitions.nex","expA1_00001_0070_078_0.01_10kbp_output_alignment"
"679",79,70,1,0.01,10000,"expA1_00001_0070_079_0.01_10kbp","JC",NA,"DNA","expA1_00001_0070_079_0.01_10kbp_random_trees.phy","expA1_00001_0070_079_0.01_10kbp_partitions.nex","expA1_00001_0070_079_0.01_10kbp_output_alignment"
"680",80,70,1,0.01,10000,"expA1_00001_0070_080_0.01_10kbp","JC",NA,"DNA","expA1_00001_0070_080_0.01_10kbp_random_trees.phy","expA1_00001_0070_080_0.01_10kbp_partitions.nex","expA1_00001_0070_080_0.01_10kbp_output_alignment"
"681",81,70,1,0.01,10000,"expA1_00001_0070_081_0.01_10kbp","JC",NA,"DNA","expA1_00001_0070_081_0.01_10kbp_random_trees.phy","expA1_00001_0070_081_0.01_10kbp_partitions.nex","expA1_00001_0070_081_0.01_10kbp_output_alignment"
"682",82,70,1,0.01,10000,"expA1_00001_0070_082_0.01_10kbp","JC",NA,"DNA","expA1_00001_0070_082_0.01_10kbp_random_trees.phy","expA1_00001_0070_082_0.01_10kbp_partitions.nex","expA1_00001_0070_082_0.01_10kbp_output_alignment"
"683",83,70,1,0.01,10000,"expA1_00001_0070_083_0.01_10kbp","JC",NA,"DNA","expA1_00001_0070_083_0.01_10kbp_random_trees.phy","expA1_00001_0070_083_0.01_10kbp_partitions.nex","expA1_00001_0070_083_0.01_10kbp_output_alignment"
"684",84,70,1,0.01,10000,"expA1_00001_0070_084_0.01_10kbp","JC",NA,"DNA","expA1_00001_0070_084_0.01_10kbp_random_trees.phy","expA1_00001_0070_084_0.01_10kbp_partitions.nex","expA1_00001_0070_084_0.01_10kbp_output_alignment"
"685",85,70,1,0.01,10000,"expA1_00001_0070_085_0.01_10kbp","JC",NA,"DNA","expA1_00001_0070_085_0.01_10kbp_random_trees.phy","expA1_00001_0070_085_0.01_10kbp_partitions.nex","expA1_00001_0070_085_0.01_10kbp_output_alignment"
"686",86,70,1,0.01,10000,"expA1_00001_0070_086_0.01_10kbp","JC",NA,"DNA","expA1_00001_0070_086_0.01_10kbp_random_trees.phy","expA1_00001_0070_086_0.01_10kbp_partitions.nex","expA1_00001_0070_086_0.01_10kbp_output_alignment"
"687",87,70,1,0.01,10000,"expA1_00001_0070_087_0.01_10kbp","JC",NA,"DNA","expA1_00001_0070_087_0.01_10kbp_random_trees.phy","expA1_00001_0070_087_0.01_10kbp_partitions.nex","expA1_00001_0070_087_0.01_10kbp_output_alignment"
"688",88,70,1,0.01,10000,"expA1_00001_0070_088_0.01_10kbp","JC",NA,"DNA","expA1_00001_0070_088_0.01_10kbp_random_trees.phy","expA1_00001_0070_088_0.01_10kbp_partitions.nex","expA1_00001_0070_088_0.01_10kbp_output_alignment"
"689",89,70,1,0.01,10000,"expA1_00001_0070_089_0.01_10kbp","JC",NA,"DNA","expA1_00001_0070_089_0.01_10kbp_random_trees.phy","expA1_00001_0070_089_0.01_10kbp_partitions.nex","expA1_00001_0070_089_0.01_10kbp_output_alignment"
"690",90,70,1,0.01,10000,"expA1_00001_0070_090_0.01_10kbp","JC",NA,"DNA","expA1_00001_0070_090_0.01_10kbp_random_trees.phy","expA1_00001_0070_090_0.01_10kbp_partitions.nex","expA1_00001_0070_090_0.01_10kbp_output_alignment"
"691",91,70,1,0.01,10000,"expA1_00001_0070_091_0.01_10kbp","JC",NA,"DNA","expA1_00001_0070_091_0.01_10kbp_random_trees.phy","expA1_00001_0070_091_0.01_10kbp_partitions.nex","expA1_00001_0070_091_0.01_10kbp_output_alignment"
"692",92,70,1,0.01,10000,"expA1_00001_0070_092_0.01_10kbp","JC",NA,"DNA","expA1_00001_0070_092_0.01_10kbp_random_trees.phy","expA1_00001_0070_092_0.01_10kbp_partitions.nex","expA1_00001_0070_092_0.01_10kbp_output_alignment"
"693",93,70,1,0.01,10000,"expA1_00001_0070_093_0.01_10kbp","JC",NA,"DNA","expA1_00001_0070_093_0.01_10kbp_random_trees.phy","expA1_00001_0070_093_0.01_10kbp_partitions.nex","expA1_00001_0070_093_0.01_10kbp_output_alignment"
"694",94,70,1,0.01,10000,"expA1_00001_0070_094_0.01_10kbp","JC",NA,"DNA","expA1_00001_0070_094_0.01_10kbp_random_trees.phy","expA1_00001_0070_094_0.01_10kbp_partitions.nex","expA1_00001_0070_094_0.01_10kbp_output_alignment"
"695",95,70,1,0.01,10000,"expA1_00001_0070_095_0.01_10kbp","JC",NA,"DNA","expA1_00001_0070_095_0.01_10kbp_random_trees.phy","expA1_00001_0070_095_0.01_10kbp_partitions.nex","expA1_00001_0070_095_0.01_10kbp_output_alignment"
"696",96,70,1,0.01,10000,"expA1_00001_0070_096_0.01_10kbp","JC",NA,"DNA","expA1_00001_0070_096_0.01_10kbp_random_trees.phy","expA1_00001_0070_096_0.01_10kbp_partitions.nex","expA1_00001_0070_096_0.01_10kbp_output_alignment"
"697",97,70,1,0.01,10000,"expA1_00001_0070_097_0.01_10kbp","JC",NA,"DNA","expA1_00001_0070_097_0.01_10kbp_random_trees.phy","expA1_00001_0070_097_0.01_10kbp_partitions.nex","expA1_00001_0070_097_0.01_10kbp_output_alignment"
"698",98,70,1,0.01,10000,"expA1_00001_0070_098_0.01_10kbp","JC",NA,"DNA","expA1_00001_0070_098_0.01_10kbp_random_trees.phy","expA1_00001_0070_098_0.01_10kbp_partitions.nex","expA1_00001_0070_098_0.01_10kbp_output_alignment"
"699",99,70,1,0.01,10000,"expA1_00001_0070_099_0.01_10kbp","JC",NA,"DNA","expA1_00001_0070_099_0.01_10kbp_random_trees.phy","expA1_00001_0070_099_0.01_10kbp_partitions.nex","expA1_00001_0070_099_0.01_10kbp_output_alignment"
"700",100,70,1,0.01,10000,"expA1_00001_0070_100_0.01_10kbp","JC",NA,"DNA","expA1_00001_0070_100_0.01_10kbp_random_trees.phy","expA1_00001_0070_100_0.01_10kbp_partitions.nex","expA1_00001_0070_100_0.01_10kbp_output_alignment"
"701",1,80,1,0.01,10000,"expA1_00001_0080_001_0.01_10kbp","JC",NA,"DNA","expA1_00001_0080_001_0.01_10kbp_random_trees.phy","expA1_00001_0080_001_0.01_10kbp_partitions.nex","expA1_00001_0080_001_0.01_10kbp_output_alignment"
"702",2,80,1,0.01,10000,"expA1_00001_0080_002_0.01_10kbp","JC",NA,"DNA","expA1_00001_0080_002_0.01_10kbp_random_trees.phy","expA1_00001_0080_002_0.01_10kbp_partitions.nex","expA1_00001_0080_002_0.01_10kbp_output_alignment"
"703",3,80,1,0.01,10000,"expA1_00001_0080_003_0.01_10kbp","JC",NA,"DNA","expA1_00001_0080_003_0.01_10kbp_random_trees.phy","expA1_00001_0080_003_0.01_10kbp_partitions.nex","expA1_00001_0080_003_0.01_10kbp_output_alignment"
"704",4,80,1,0.01,10000,"expA1_00001_0080_004_0.01_10kbp","JC",NA,"DNA","expA1_00001_0080_004_0.01_10kbp_random_trees.phy","expA1_00001_0080_004_0.01_10kbp_partitions.nex","expA1_00001_0080_004_0.01_10kbp_output_alignment"
"705",5,80,1,0.01,10000,"expA1_00001_0080_005_0.01_10kbp","JC",NA,"DNA","expA1_00001_0080_005_0.01_10kbp_random_trees.phy","expA1_00001_0080_005_0.01_10kbp_partitions.nex","expA1_00001_0080_005_0.01_10kbp_output_alignment"
"706",6,80,1,0.01,10000,"expA1_00001_0080_006_0.01_10kbp","JC",NA,"DNA","expA1_00001_0080_006_0.01_10kbp_random_trees.phy","expA1_00001_0080_006_0.01_10kbp_partitions.nex","expA1_00001_0080_006_0.01_10kbp_output_alignment"
"707",7,80,1,0.01,10000,"expA1_00001_0080_007_0.01_10kbp","JC",NA,"DNA","expA1_00001_0080_007_0.01_10kbp_random_trees.phy","expA1_00001_0080_007_0.01_10kbp_partitions.nex","expA1_00001_0080_007_0.01_10kbp_output_alignment"
"708",8,80,1,0.01,10000,"expA1_00001_0080_008_0.01_10kbp","JC",NA,"DNA","expA1_00001_0080_008_0.01_10kbp_random_trees.phy","expA1_00001_0080_008_0.01_10kbp_partitions.nex","expA1_00001_0080_008_0.01_10kbp_output_alignment"
"709",9,80,1,0.01,10000,"expA1_00001_0080_009_0.01_10kbp","JC",NA,"DNA","expA1_00001_0080_009_0.01_10kbp_random_trees.phy","expA1_00001_0080_009_0.01_10kbp_partitions.nex","expA1_00001_0080_009_0.01_10kbp_output_alignment"
"710",10,80,1,0.01,10000,"expA1_00001_0080_010_0.01_10kbp","JC",NA,"DNA","expA1_00001_0080_010_0.01_10kbp_random_trees.phy","expA1_00001_0080_010_0.01_10kbp_partitions.nex","expA1_00001_0080_010_0.01_10kbp_output_alignment"
"711",11,80,1,0.01,10000,"expA1_00001_0080_011_0.01_10kbp","JC",NA,"DNA","expA1_00001_0080_011_0.01_10kbp_random_trees.phy","expA1_00001_0080_011_0.01_10kbp_partitions.nex","expA1_00001_0080_011_0.01_10kbp_output_alignment"
"712",12,80,1,0.01,10000,"expA1_00001_0080_012_0.01_10kbp","JC",NA,"DNA","expA1_00001_0080_012_0.01_10kbp_random_trees.phy","expA1_00001_0080_012_0.01_10kbp_partitions.nex","expA1_00001_0080_012_0.01_10kbp_output_alignment"
"713",13,80,1,0.01,10000,"expA1_00001_0080_013_0.01_10kbp","JC",NA,"DNA","expA1_00001_0080_013_0.01_10kbp_random_trees.phy","expA1_00001_0080_013_0.01_10kbp_partitions.nex","expA1_00001_0080_013_0.01_10kbp_output_alignment"
"714",14,80,1,0.01,10000,"expA1_00001_0080_014_0.01_10kbp","JC",NA,"DNA","expA1_00001_0080_014_0.01_10kbp_random_trees.phy","expA1_00001_0080_014_0.01_10kbp_partitions.nex","expA1_00001_0080_014_0.01_10kbp_output_alignment"
"715",15,80,1,0.01,10000,"expA1_00001_0080_015_0.01_10kbp","JC",NA,"DNA","expA1_00001_0080_015_0.01_10kbp_random_trees.phy","expA1_00001_0080_015_0.01_10kbp_partitions.nex","expA1_00001_0080_015_0.01_10kbp_output_alignment"
"716",16,80,1,0.01,10000,"expA1_00001_0080_016_0.01_10kbp","JC",NA,"DNA","expA1_00001_0080_016_0.01_10kbp_random_trees.phy","expA1_00001_0080_016_0.01_10kbp_partitions.nex","expA1_00001_0080_016_0.01_10kbp_output_alignment"
"717",17,80,1,0.01,10000,"expA1_00001_0080_017_0.01_10kbp","JC",NA,"DNA","expA1_00001_0080_017_0.01_10kbp_random_trees.phy","expA1_00001_0080_017_0.01_10kbp_partitions.nex","expA1_00001_0080_017_0.01_10kbp_output_alignment"
"718",18,80,1,0.01,10000,"expA1_00001_0080_018_0.01_10kbp","JC",NA,"DNA","expA1_00001_0080_018_0.01_10kbp_random_trees.phy","expA1_00001_0080_018_0.01_10kbp_partitions.nex","expA1_00001_0080_018_0.01_10kbp_output_alignment"
"719",19,80,1,0.01,10000,"expA1_00001_0080_019_0.01_10kbp","JC",NA,"DNA","expA1_00001_0080_019_0.01_10kbp_random_trees.phy","expA1_00001_0080_019_0.01_10kbp_partitions.nex","expA1_00001_0080_019_0.01_10kbp_output_alignment"
"720",20,80,1,0.01,10000,"expA1_00001_0080_020_0.01_10kbp","JC",NA,"DNA","expA1_00001_0080_020_0.01_10kbp_random_trees.phy","expA1_00001_0080_020_0.01_10kbp_partitions.nex","expA1_00001_0080_020_0.01_10kbp_output_alignment"
"721",21,80,1,0.01,10000,"expA1_00001_0080_021_0.01_10kbp","JC",NA,"DNA","expA1_00001_0080_021_0.01_10kbp_random_trees.phy","expA1_00001_0080_021_0.01_10kbp_partitions.nex","expA1_00001_0080_021_0.01_10kbp_output_alignment"
"722",22,80,1,0.01,10000,"expA1_00001_0080_022_0.01_10kbp","JC",NA,"DNA","expA1_00001_0080_022_0.01_10kbp_random_trees.phy","expA1_00001_0080_022_0.01_10kbp_partitions.nex","expA1_00001_0080_022_0.01_10kbp_output_alignment"
"723",23,80,1,0.01,10000,"expA1_00001_0080_023_0.01_10kbp","JC",NA,"DNA","expA1_00001_0080_023_0.01_10kbp_random_trees.phy","expA1_00001_0080_023_0.01_10kbp_partitions.nex","expA1_00001_0080_023_0.01_10kbp_output_alignment"
"724",24,80,1,0.01,10000,"expA1_00001_0080_024_0.01_10kbp","JC",NA,"DNA","expA1_00001_0080_024_0.01_10kbp_random_trees.phy","expA1_00001_0080_024_0.01_10kbp_partitions.nex","expA1_00001_0080_024_0.01_10kbp_output_alignment"
"725",25,80,1,0.01,10000,"expA1_00001_0080_025_0.01_10kbp","JC",NA,"DNA","expA1_00001_0080_025_0.01_10kbp_random_trees.phy","expA1_00001_0080_025_0.01_10kbp_partitions.nex","expA1_00001_0080_025_0.01_10kbp_output_alignment"
"726",26,80,1,0.01,10000,"expA1_00001_0080_026_0.01_10kbp","JC",NA,"DNA","expA1_00001_0080_026_0.01_10kbp_random_trees.phy","expA1_00001_0080_026_0.01_10kbp_partitions.nex","expA1_00001_0080_026_0.01_10kbp_output_alignment"
"727",27,80,1,0.01,10000,"expA1_00001_0080_027_0.01_10kbp","JC",NA,"DNA","expA1_00001_0080_027_0.01_10kbp_random_trees.phy","expA1_00001_0080_027_0.01_10kbp_partitions.nex","expA1_00001_0080_027_0.01_10kbp_output_alignment"
"728",28,80,1,0.01,10000,"expA1_00001_0080_028_0.01_10kbp","JC",NA,"DNA","expA1_00001_0080_028_0.01_10kbp_random_trees.phy","expA1_00001_0080_028_0.01_10kbp_partitions.nex","expA1_00001_0080_028_0.01_10kbp_output_alignment"
"729",29,80,1,0.01,10000,"expA1_00001_0080_029_0.01_10kbp","JC",NA,"DNA","expA1_00001_0080_029_0.01_10kbp_random_trees.phy","expA1_00001_0080_029_0.01_10kbp_partitions.nex","expA1_00001_0080_029_0.01_10kbp_output_alignment"
"730",30,80,1,0.01,10000,"expA1_00001_0080_030_0.01_10kbp","JC",NA,"DNA","expA1_00001_0080_030_0.01_10kbp_random_trees.phy","expA1_00001_0080_030_0.01_10kbp_partitions.nex","expA1_00001_0080_030_0.01_10kbp_output_alignment"
"731",31,80,1,0.01,10000,"expA1_00001_0080_031_0.01_10kbp","JC",NA,"DNA","expA1_00001_0080_031_0.01_10kbp_random_trees.phy","expA1_00001_0080_031_0.01_10kbp_partitions.nex","expA1_00001_0080_031_0.01_10kbp_output_alignment"
"732",32,80,1,0.01,10000,"expA1_00001_0080_032_0.01_10kbp","JC",NA,"DNA","expA1_00001_0080_032_0.01_10kbp_random_trees.phy","expA1_00001_0080_032_0.01_10kbp_partitions.nex","expA1_00001_0080_032_0.01_10kbp_output_alignment"
"733",33,80,1,0.01,10000,"expA1_00001_0080_033_0.01_10kbp","JC",NA,"DNA","expA1_00001_0080_033_0.01_10kbp_random_trees.phy","expA1_00001_0080_033_0.01_10kbp_partitions.nex","expA1_00001_0080_033_0.01_10kbp_output_alignment"
"734",34,80,1,0.01,10000,"expA1_00001_0080_034_0.01_10kbp","JC",NA,"DNA","expA1_00001_0080_034_0.01_10kbp_random_trees.phy","expA1_00001_0080_034_0.01_10kbp_partitions.nex","expA1_00001_0080_034_0.01_10kbp_output_alignment"
"735",35,80,1,0.01,10000,"expA1_00001_0080_035_0.01_10kbp","JC",NA,"DNA","expA1_00001_0080_035_0.01_10kbp_random_trees.phy","expA1_00001_0080_035_0.01_10kbp_partitions.nex","expA1_00001_0080_035_0.01_10kbp_output_alignment"
"736",36,80,1,0.01,10000,"expA1_00001_0080_036_0.01_10kbp","JC",NA,"DNA","expA1_00001_0080_036_0.01_10kbp_random_trees.phy","expA1_00001_0080_036_0.01_10kbp_partitions.nex","expA1_00001_0080_036_0.01_10kbp_output_alignment"
"737",37,80,1,0.01,10000,"expA1_00001_0080_037_0.01_10kbp","JC",NA,"DNA","expA1_00001_0080_037_0.01_10kbp_random_trees.phy","expA1_00001_0080_037_0.01_10kbp_partitions.nex","expA1_00001_0080_037_0.01_10kbp_output_alignment"
"738",38,80,1,0.01,10000,"expA1_00001_0080_038_0.01_10kbp","JC",NA,"DNA","expA1_00001_0080_038_0.01_10kbp_random_trees.phy","expA1_00001_0080_038_0.01_10kbp_partitions.nex","expA1_00001_0080_038_0.01_10kbp_output_alignment"
"739",39,80,1,0.01,10000,"expA1_00001_0080_039_0.01_10kbp","JC",NA,"DNA","expA1_00001_0080_039_0.01_10kbp_random_trees.phy","expA1_00001_0080_039_0.01_10kbp_partitions.nex","expA1_00001_0080_039_0.01_10kbp_output_alignment"
"740",40,80,1,0.01,10000,"expA1_00001_0080_040_0.01_10kbp","JC",NA,"DNA","expA1_00001_0080_040_0.01_10kbp_random_trees.phy","expA1_00001_0080_040_0.01_10kbp_partitions.nex","expA1_00001_0080_040_0.01_10kbp_output_alignment"
"741",41,80,1,0.01,10000,"expA1_00001_0080_041_0.01_10kbp","JC",NA,"DNA","expA1_00001_0080_041_0.01_10kbp_random_trees.phy","expA1_00001_0080_041_0.01_10kbp_partitions.nex","expA1_00001_0080_041_0.01_10kbp_output_alignment"
"742",42,80,1,0.01,10000,"expA1_00001_0080_042_0.01_10kbp","JC",NA,"DNA","expA1_00001_0080_042_0.01_10kbp_random_trees.phy","expA1_00001_0080_042_0.01_10kbp_partitions.nex","expA1_00001_0080_042_0.01_10kbp_output_alignment"
"743",43,80,1,0.01,10000,"expA1_00001_0080_043_0.01_10kbp","JC",NA,"DNA","expA1_00001_0080_043_0.01_10kbp_random_trees.phy","expA1_00001_0080_043_0.01_10kbp_partitions.nex","expA1_00001_0080_043_0.01_10kbp_output_alignment"
"744",44,80,1,0.01,10000,"expA1_00001_0080_044_0.01_10kbp","JC",NA,"DNA","expA1_00001_0080_044_0.01_10kbp_random_trees.phy","expA1_00001_0080_044_0.01_10kbp_partitions.nex","expA1_00001_0080_044_0.01_10kbp_output_alignment"
"745",45,80,1,0.01,10000,"expA1_00001_0080_045_0.01_10kbp","JC",NA,"DNA","expA1_00001_0080_045_0.01_10kbp_random_trees.phy","expA1_00001_0080_045_0.01_10kbp_partitions.nex","expA1_00001_0080_045_0.01_10kbp_output_alignment"
"746",46,80,1,0.01,10000,"expA1_00001_0080_046_0.01_10kbp","JC",NA,"DNA","expA1_00001_0080_046_0.01_10kbp_random_trees.phy","expA1_00001_0080_046_0.01_10kbp_partitions.nex","expA1_00001_0080_046_0.01_10kbp_output_alignment"
"747",47,80,1,0.01,10000,"expA1_00001_0080_047_0.01_10kbp","JC",NA,"DNA","expA1_00001_0080_047_0.01_10kbp_random_trees.phy","expA1_00001_0080_047_0.01_10kbp_partitions.nex","expA1_00001_0080_047_0.01_10kbp_output_alignment"
"748",48,80,1,0.01,10000,"expA1_00001_0080_048_0.01_10kbp","JC",NA,"DNA","expA1_00001_0080_048_0.01_10kbp_random_trees.phy","expA1_00001_0080_048_0.01_10kbp_partitions.nex","expA1_00001_0080_048_0.01_10kbp_output_alignment"
"749",49,80,1,0.01,10000,"expA1_00001_0080_049_0.01_10kbp","JC",NA,"DNA","expA1_00001_0080_049_0.01_10kbp_random_trees.phy","expA1_00001_0080_049_0.01_10kbp_partitions.nex","expA1_00001_0080_049_0.01_10kbp_output_alignment"
"750",50,80,1,0.01,10000,"expA1_00001_0080_050_0.01_10kbp","JC",NA,"DNA","expA1_00001_0080_050_0.01_10kbp_random_trees.phy","expA1_00001_0080_050_0.01_10kbp_partitions.nex","expA1_00001_0080_050_0.01_10kbp_output_alignment"
"751",51,80,1,0.01,10000,"expA1_00001_0080_051_0.01_10kbp","JC",NA,"DNA","expA1_00001_0080_051_0.01_10kbp_random_trees.phy","expA1_00001_0080_051_0.01_10kbp_partitions.nex","expA1_00001_0080_051_0.01_10kbp_output_alignment"
"752",52,80,1,0.01,10000,"expA1_00001_0080_052_0.01_10kbp","JC",NA,"DNA","expA1_00001_0080_052_0.01_10kbp_random_trees.phy","expA1_00001_0080_052_0.01_10kbp_partitions.nex","expA1_00001_0080_052_0.01_10kbp_output_alignment"
"753",53,80,1,0.01,10000,"expA1_00001_0080_053_0.01_10kbp","JC",NA,"DNA","expA1_00001_0080_053_0.01_10kbp_random_trees.phy","expA1_00001_0080_053_0.01_10kbp_partitions.nex","expA1_00001_0080_053_0.01_10kbp_output_alignment"
"754",54,80,1,0.01,10000,"expA1_00001_0080_054_0.01_10kbp","JC",NA,"DNA","expA1_00001_0080_054_0.01_10kbp_random_trees.phy","expA1_00001_0080_054_0.01_10kbp_partitions.nex","expA1_00001_0080_054_0.01_10kbp_output_alignment"
"755",55,80,1,0.01,10000,"expA1_00001_0080_055_0.01_10kbp","JC",NA,"DNA","expA1_00001_0080_055_0.01_10kbp_random_trees.phy","expA1_00001_0080_055_0.01_10kbp_partitions.nex","expA1_00001_0080_055_0.01_10kbp_output_alignment"
"756",56,80,1,0.01,10000,"expA1_00001_0080_056_0.01_10kbp","JC",NA,"DNA","expA1_00001_0080_056_0.01_10kbp_random_trees.phy","expA1_00001_0080_056_0.01_10kbp_partitions.nex","expA1_00001_0080_056_0.01_10kbp_output_alignment"
"757",57,80,1,0.01,10000,"expA1_00001_0080_057_0.01_10kbp","JC",NA,"DNA","expA1_00001_0080_057_0.01_10kbp_random_trees.phy","expA1_00001_0080_057_0.01_10kbp_partitions.nex","expA1_00001_0080_057_0.01_10kbp_output_alignment"
"758",58,80,1,0.01,10000,"expA1_00001_0080_058_0.01_10kbp","JC",NA,"DNA","expA1_00001_0080_058_0.01_10kbp_random_trees.phy","expA1_00001_0080_058_0.01_10kbp_partitions.nex","expA1_00001_0080_058_0.01_10kbp_output_alignment"
"759",59,80,1,0.01,10000,"expA1_00001_0080_059_0.01_10kbp","JC",NA,"DNA","expA1_00001_0080_059_0.01_10kbp_random_trees.phy","expA1_00001_0080_059_0.01_10kbp_partitions.nex","expA1_00001_0080_059_0.01_10kbp_output_alignment"
"760",60,80,1,0.01,10000,"expA1_00001_0080_060_0.01_10kbp","JC",NA,"DNA","expA1_00001_0080_060_0.01_10kbp_random_trees.phy","expA1_00001_0080_060_0.01_10kbp_partitions.nex","expA1_00001_0080_060_0.01_10kbp_output_alignment"
"761",61,80,1,0.01,10000,"expA1_00001_0080_061_0.01_10kbp","JC",NA,"DNA","expA1_00001_0080_061_0.01_10kbp_random_trees.phy","expA1_00001_0080_061_0.01_10kbp_partitions.nex","expA1_00001_0080_061_0.01_10kbp_output_alignment"
"762",62,80,1,0.01,10000,"expA1_00001_0080_062_0.01_10kbp","JC",NA,"DNA","expA1_00001_0080_062_0.01_10kbp_random_trees.phy","expA1_00001_0080_062_0.01_10kbp_partitions.nex","expA1_00001_0080_062_0.01_10kbp_output_alignment"
"763",63,80,1,0.01,10000,"expA1_00001_0080_063_0.01_10kbp","JC",NA,"DNA","expA1_00001_0080_063_0.01_10kbp_random_trees.phy","expA1_00001_0080_063_0.01_10kbp_partitions.nex","expA1_00001_0080_063_0.01_10kbp_output_alignment"
"764",64,80,1,0.01,10000,"expA1_00001_0080_064_0.01_10kbp","JC",NA,"DNA","expA1_00001_0080_064_0.01_10kbp_random_trees.phy","expA1_00001_0080_064_0.01_10kbp_partitions.nex","expA1_00001_0080_064_0.01_10kbp_output_alignment"
"765",65,80,1,0.01,10000,"expA1_00001_0080_065_0.01_10kbp","JC",NA,"DNA","expA1_00001_0080_065_0.01_10kbp_random_trees.phy","expA1_00001_0080_065_0.01_10kbp_partitions.nex","expA1_00001_0080_065_0.01_10kbp_output_alignment"
"766",66,80,1,0.01,10000,"expA1_00001_0080_066_0.01_10kbp","JC",NA,"DNA","expA1_00001_0080_066_0.01_10kbp_random_trees.phy","expA1_00001_0080_066_0.01_10kbp_partitions.nex","expA1_00001_0080_066_0.01_10kbp_output_alignment"
"767",67,80,1,0.01,10000,"expA1_00001_0080_067_0.01_10kbp","JC",NA,"DNA","expA1_00001_0080_067_0.01_10kbp_random_trees.phy","expA1_00001_0080_067_0.01_10kbp_partitions.nex","expA1_00001_0080_067_0.01_10kbp_output_alignment"
"768",68,80,1,0.01,10000,"expA1_00001_0080_068_0.01_10kbp","JC",NA,"DNA","expA1_00001_0080_068_0.01_10kbp_random_trees.phy","expA1_00001_0080_068_0.01_10kbp_partitions.nex","expA1_00001_0080_068_0.01_10kbp_output_alignment"
"769",69,80,1,0.01,10000,"expA1_00001_0080_069_0.01_10kbp","JC",NA,"DNA","expA1_00001_0080_069_0.01_10kbp_random_trees.phy","expA1_00001_0080_069_0.01_10kbp_partitions.nex","expA1_00001_0080_069_0.01_10kbp_output_alignment"
"770",70,80,1,0.01,10000,"expA1_00001_0080_070_0.01_10kbp","JC",NA,"DNA","expA1_00001_0080_070_0.01_10kbp_random_trees.phy","expA1_00001_0080_070_0.01_10kbp_partitions.nex","expA1_00001_0080_070_0.01_10kbp_output_alignment"
"771",71,80,1,0.01,10000,"expA1_00001_0080_071_0.01_10kbp","JC",NA,"DNA","expA1_00001_0080_071_0.01_10kbp_random_trees.phy","expA1_00001_0080_071_0.01_10kbp_partitions.nex","expA1_00001_0080_071_0.01_10kbp_output_alignment"
"772",72,80,1,0.01,10000,"expA1_00001_0080_072_0.01_10kbp","JC",NA,"DNA","expA1_00001_0080_072_0.01_10kbp_random_trees.phy","expA1_00001_0080_072_0.01_10kbp_partitions.nex","expA1_00001_0080_072_0.01_10kbp_output_alignment"
"773",73,80,1,0.01,10000,"expA1_00001_0080_073_0.01_10kbp","JC",NA,"DNA","expA1_00001_0080_073_0.01_10kbp_random_trees.phy","expA1_00001_0080_073_0.01_10kbp_partitions.nex","expA1_00001_0080_073_0.01_10kbp_output_alignment"
"774",74,80,1,0.01,10000,"expA1_00001_0080_074_0.01_10kbp","JC",NA,"DNA","expA1_00001_0080_074_0.01_10kbp_random_trees.phy","expA1_00001_0080_074_0.01_10kbp_partitions.nex","expA1_00001_0080_074_0.01_10kbp_output_alignment"
"775",75,80,1,0.01,10000,"expA1_00001_0080_075_0.01_10kbp","JC",NA,"DNA","expA1_00001_0080_075_0.01_10kbp_random_trees.phy","expA1_00001_0080_075_0.01_10kbp_partitions.nex","expA1_00001_0080_075_0.01_10kbp_output_alignment"
"776",76,80,1,0.01,10000,"expA1_00001_0080_076_0.01_10kbp","JC",NA,"DNA","expA1_00001_0080_076_0.01_10kbp_random_trees.phy","expA1_00001_0080_076_0.01_10kbp_partitions.nex","expA1_00001_0080_076_0.01_10kbp_output_alignment"
"777",77,80,1,0.01,10000,"expA1_00001_0080_077_0.01_10kbp","JC",NA,"DNA","expA1_00001_0080_077_0.01_10kbp_random_trees.phy","expA1_00001_0080_077_0.01_10kbp_partitions.nex","expA1_00001_0080_077_0.01_10kbp_output_alignment"
"778",78,80,1,0.01,10000,"expA1_00001_0080_078_0.01_10kbp","JC",NA,"DNA","expA1_00001_0080_078_0.01_10kbp_random_trees.phy","expA1_00001_0080_078_0.01_10kbp_partitions.nex","expA1_00001_0080_078_0.01_10kbp_output_alignment"
"779",79,80,1,0.01,10000,"expA1_00001_0080_079_0.01_10kbp","JC",NA,"DNA","expA1_00001_0080_079_0.01_10kbp_random_trees.phy","expA1_00001_0080_079_0.01_10kbp_partitions.nex","expA1_00001_0080_079_0.01_10kbp_output_alignment"
"780",80,80,1,0.01,10000,"expA1_00001_0080_080_0.01_10kbp","JC",NA,"DNA","expA1_00001_0080_080_0.01_10kbp_random_trees.phy","expA1_00001_0080_080_0.01_10kbp_partitions.nex","expA1_00001_0080_080_0.01_10kbp_output_alignment"
"781",81,80,1,0.01,10000,"expA1_00001_0080_081_0.01_10kbp","JC",NA,"DNA","expA1_00001_0080_081_0.01_10kbp_random_trees.phy","expA1_00001_0080_081_0.01_10kbp_partitions.nex","expA1_00001_0080_081_0.01_10kbp_output_alignment"
"782",82,80,1,0.01,10000,"expA1_00001_0080_082_0.01_10kbp","JC",NA,"DNA","expA1_00001_0080_082_0.01_10kbp_random_trees.phy","expA1_00001_0080_082_0.01_10kbp_partitions.nex","expA1_00001_0080_082_0.01_10kbp_output_alignment"
"783",83,80,1,0.01,10000,"expA1_00001_0080_083_0.01_10kbp","JC",NA,"DNA","expA1_00001_0080_083_0.01_10kbp_random_trees.phy","expA1_00001_0080_083_0.01_10kbp_partitions.nex","expA1_00001_0080_083_0.01_10kbp_output_alignment"
"784",84,80,1,0.01,10000,"expA1_00001_0080_084_0.01_10kbp","JC",NA,"DNA","expA1_00001_0080_084_0.01_10kbp_random_trees.phy","expA1_00001_0080_084_0.01_10kbp_partitions.nex","expA1_00001_0080_084_0.01_10kbp_output_alignment"
"785",85,80,1,0.01,10000,"expA1_00001_0080_085_0.01_10kbp","JC",NA,"DNA","expA1_00001_0080_085_0.01_10kbp_random_trees.phy","expA1_00001_0080_085_0.01_10kbp_partitions.nex","expA1_00001_0080_085_0.01_10kbp_output_alignment"
"786",86,80,1,0.01,10000,"expA1_00001_0080_086_0.01_10kbp","JC",NA,"DNA","expA1_00001_0080_086_0.01_10kbp_random_trees.phy","expA1_00001_0080_086_0.01_10kbp_partitions.nex","expA1_00001_0080_086_0.01_10kbp_output_alignment"
"787",87,80,1,0.01,10000,"expA1_00001_0080_087_0.01_10kbp","JC",NA,"DNA","expA1_00001_0080_087_0.01_10kbp_random_trees.phy","expA1_00001_0080_087_0.01_10kbp_partitions.nex","expA1_00001_0080_087_0.01_10kbp_output_alignment"
"788",88,80,1,0.01,10000,"expA1_00001_0080_088_0.01_10kbp","JC",NA,"DNA","expA1_00001_0080_088_0.01_10kbp_random_trees.phy","expA1_00001_0080_088_0.01_10kbp_partitions.nex","expA1_00001_0080_088_0.01_10kbp_output_alignment"
"789",89,80,1,0.01,10000,"expA1_00001_0080_089_0.01_10kbp","JC",NA,"DNA","expA1_00001_0080_089_0.01_10kbp_random_trees.phy","expA1_00001_0080_089_0.01_10kbp_partitions.nex","expA1_00001_0080_089_0.01_10kbp_output_alignment"
"790",90,80,1,0.01,10000,"expA1_00001_0080_090_0.01_10kbp","JC",NA,"DNA","expA1_00001_0080_090_0.01_10kbp_random_trees.phy","expA1_00001_0080_090_0.01_10kbp_partitions.nex","expA1_00001_0080_090_0.01_10kbp_output_alignment"
"791",91,80,1,0.01,10000,"expA1_00001_0080_091_0.01_10kbp","JC",NA,"DNA","expA1_00001_0080_091_0.01_10kbp_random_trees.phy","expA1_00001_0080_091_0.01_10kbp_partitions.nex","expA1_00001_0080_091_0.01_10kbp_output_alignment"
"792",92,80,1,0.01,10000,"expA1_00001_0080_092_0.01_10kbp","JC",NA,"DNA","expA1_00001_0080_092_0.01_10kbp_random_trees.phy","expA1_00001_0080_092_0.01_10kbp_partitions.nex","expA1_00001_0080_092_0.01_10kbp_output_alignment"
"793",93,80,1,0.01,10000,"expA1_00001_0080_093_0.01_10kbp","JC",NA,"DNA","expA1_00001_0080_093_0.01_10kbp_random_trees.phy","expA1_00001_0080_093_0.01_10kbp_partitions.nex","expA1_00001_0080_093_0.01_10kbp_output_alignment"
"794",94,80,1,0.01,10000,"expA1_00001_0080_094_0.01_10kbp","JC",NA,"DNA","expA1_00001_0080_094_0.01_10kbp_random_trees.phy","expA1_00001_0080_094_0.01_10kbp_partitions.nex","expA1_00001_0080_094_0.01_10kbp_output_alignment"
"795",95,80,1,0.01,10000,"expA1_00001_0080_095_0.01_10kbp","JC",NA,"DNA","expA1_00001_0080_095_0.01_10kbp_random_trees.phy","expA1_00001_0080_095_0.01_10kbp_partitions.nex","expA1_00001_0080_095_0.01_10kbp_output_alignment"
"796",96,80,1,0.01,10000,"expA1_00001_0080_096_0.01_10kbp","JC",NA,"DNA","expA1_00001_0080_096_0.01_10kbp_random_trees.phy","expA1_00001_0080_096_0.01_10kbp_partitions.nex","expA1_00001_0080_096_0.01_10kbp_output_alignment"
"797",97,80,1,0.01,10000,"expA1_00001_0080_097_0.01_10kbp","JC",NA,"DNA","expA1_00001_0080_097_0.01_10kbp_random_trees.phy","expA1_00001_0080_097_0.01_10kbp_partitions.nex","expA1_00001_0080_097_0.01_10kbp_output_alignment"
"798",98,80,1,0.01,10000,"expA1_00001_0080_098_0.01_10kbp","JC",NA,"DNA","expA1_00001_0080_098_0.01_10kbp_random_trees.phy","expA1_00001_0080_098_0.01_10kbp_partitions.nex","expA1_00001_0080_098_0.01_10kbp_output_alignment"
"799",99,80,1,0.01,10000,"expA1_00001_0080_099_0.01_10kbp","JC",NA,"DNA","expA1_00001_0080_099_0.01_10kbp_random_trees.phy","expA1_00001_0080_099_0.01_10kbp_partitions.nex","expA1_00001_0080_099_0.01_10kbp_output_alignment"
"800",100,80,1,0.01,10000,"expA1_00001_0080_100_0.01_10kbp","JC",NA,"DNA","expA1_00001_0080_100_0.01_10kbp_random_trees.phy","expA1_00001_0080_100_0.01_10kbp_partitions.nex","expA1_00001_0080_100_0.01_10kbp_output_alignment"
"801",1,90,1,0.01,10000,"expA1_00001_0090_001_0.01_10kbp","JC",NA,"DNA","expA1_00001_0090_001_0.01_10kbp_random_trees.phy","expA1_00001_0090_001_0.01_10kbp_partitions.nex","expA1_00001_0090_001_0.01_10kbp_output_alignment"
"802",2,90,1,0.01,10000,"expA1_00001_0090_002_0.01_10kbp","JC",NA,"DNA","expA1_00001_0090_002_0.01_10kbp_random_trees.phy","expA1_00001_0090_002_0.01_10kbp_partitions.nex","expA1_00001_0090_002_0.01_10kbp_output_alignment"
"803",3,90,1,0.01,10000,"expA1_00001_0090_003_0.01_10kbp","JC",NA,"DNA","expA1_00001_0090_003_0.01_10kbp_random_trees.phy","expA1_00001_0090_003_0.01_10kbp_partitions.nex","expA1_00001_0090_003_0.01_10kbp_output_alignment"
"804",4,90,1,0.01,10000,"expA1_00001_0090_004_0.01_10kbp","JC",NA,"DNA","expA1_00001_0090_004_0.01_10kbp_random_trees.phy","expA1_00001_0090_004_0.01_10kbp_partitions.nex","expA1_00001_0090_004_0.01_10kbp_output_alignment"
"805",5,90,1,0.01,10000,"expA1_00001_0090_005_0.01_10kbp","JC",NA,"DNA","expA1_00001_0090_005_0.01_10kbp_random_trees.phy","expA1_00001_0090_005_0.01_10kbp_partitions.nex","expA1_00001_0090_005_0.01_10kbp_output_alignment"
"806",6,90,1,0.01,10000,"expA1_00001_0090_006_0.01_10kbp","JC",NA,"DNA","expA1_00001_0090_006_0.01_10kbp_random_trees.phy","expA1_00001_0090_006_0.01_10kbp_partitions.nex","expA1_00001_0090_006_0.01_10kbp_output_alignment"
"807",7,90,1,0.01,10000,"expA1_00001_0090_007_0.01_10kbp","JC",NA,"DNA","expA1_00001_0090_007_0.01_10kbp_random_trees.phy","expA1_00001_0090_007_0.01_10kbp_partitions.nex","expA1_00001_0090_007_0.01_10kbp_output_alignment"
"808",8,90,1,0.01,10000,"expA1_00001_0090_008_0.01_10kbp","JC",NA,"DNA","expA1_00001_0090_008_0.01_10kbp_random_trees.phy","expA1_00001_0090_008_0.01_10kbp_partitions.nex","expA1_00001_0090_008_0.01_10kbp_output_alignment"
"809",9,90,1,0.01,10000,"expA1_00001_0090_009_0.01_10kbp","JC",NA,"DNA","expA1_00001_0090_009_0.01_10kbp_random_trees.phy","expA1_00001_0090_009_0.01_10kbp_partitions.nex","expA1_00001_0090_009_0.01_10kbp_output_alignment"
"810",10,90,1,0.01,10000,"expA1_00001_0090_010_0.01_10kbp","JC",NA,"DNA","expA1_00001_0090_010_0.01_10kbp_random_trees.phy","expA1_00001_0090_010_0.01_10kbp_partitions.nex","expA1_00001_0090_010_0.01_10kbp_output_alignment"
"811",11,90,1,0.01,10000,"expA1_00001_0090_011_0.01_10kbp","JC",NA,"DNA","expA1_00001_0090_011_0.01_10kbp_random_trees.phy","expA1_00001_0090_011_0.01_10kbp_partitions.nex","expA1_00001_0090_011_0.01_10kbp_output_alignment"
"812",12,90,1,0.01,10000,"expA1_00001_0090_012_0.01_10kbp","JC",NA,"DNA","expA1_00001_0090_012_0.01_10kbp_random_trees.phy","expA1_00001_0090_012_0.01_10kbp_partitions.nex","expA1_00001_0090_012_0.01_10kbp_output_alignment"
"813",13,90,1,0.01,10000,"expA1_00001_0090_013_0.01_10kbp","JC",NA,"DNA","expA1_00001_0090_013_0.01_10kbp_random_trees.phy","expA1_00001_0090_013_0.01_10kbp_partitions.nex","expA1_00001_0090_013_0.01_10kbp_output_alignment"
"814",14,90,1,0.01,10000,"expA1_00001_0090_014_0.01_10kbp","JC",NA,"DNA","expA1_00001_0090_014_0.01_10kbp_random_trees.phy","expA1_00001_0090_014_0.01_10kbp_partitions.nex","expA1_00001_0090_014_0.01_10kbp_output_alignment"
"815",15,90,1,0.01,10000,"expA1_00001_0090_015_0.01_10kbp","JC",NA,"DNA","expA1_00001_0090_015_0.01_10kbp_random_trees.phy","expA1_00001_0090_015_0.01_10kbp_partitions.nex","expA1_00001_0090_015_0.01_10kbp_output_alignment"
"816",16,90,1,0.01,10000,"expA1_00001_0090_016_0.01_10kbp","JC",NA,"DNA","expA1_00001_0090_016_0.01_10kbp_random_trees.phy","expA1_00001_0090_016_0.01_10kbp_partitions.nex","expA1_00001_0090_016_0.01_10kbp_output_alignment"
"817",17,90,1,0.01,10000,"expA1_00001_0090_017_0.01_10kbp","JC",NA,"DNA","expA1_00001_0090_017_0.01_10kbp_random_trees.phy","expA1_00001_0090_017_0.01_10kbp_partitions.nex","expA1_00001_0090_017_0.01_10kbp_output_alignment"
"818",18,90,1,0.01,10000,"expA1_00001_0090_018_0.01_10kbp","JC",NA,"DNA","expA1_00001_0090_018_0.01_10kbp_random_trees.phy","expA1_00001_0090_018_0.01_10kbp_partitions.nex","expA1_00001_0090_018_0.01_10kbp_output_alignment"
"819",19,90,1,0.01,10000,"expA1_00001_0090_019_0.01_10kbp","JC",NA,"DNA","expA1_00001_0090_019_0.01_10kbp_random_trees.phy","expA1_00001_0090_019_0.01_10kbp_partitions.nex","expA1_00001_0090_019_0.01_10kbp_output_alignment"
"820",20,90,1,0.01,10000,"expA1_00001_0090_020_0.01_10kbp","JC",NA,"DNA","expA1_00001_0090_020_0.01_10kbp_random_trees.phy","expA1_00001_0090_020_0.01_10kbp_partitions.nex","expA1_00001_0090_020_0.01_10kbp_output_alignment"
"821",21,90,1,0.01,10000,"expA1_00001_0090_021_0.01_10kbp","JC",NA,"DNA","expA1_00001_0090_021_0.01_10kbp_random_trees.phy","expA1_00001_0090_021_0.01_10kbp_partitions.nex","expA1_00001_0090_021_0.01_10kbp_output_alignment"
"822",22,90,1,0.01,10000,"expA1_00001_0090_022_0.01_10kbp","JC",NA,"DNA","expA1_00001_0090_022_0.01_10kbp_random_trees.phy","expA1_00001_0090_022_0.01_10kbp_partitions.nex","expA1_00001_0090_022_0.01_10kbp_output_alignment"
"823",23,90,1,0.01,10000,"expA1_00001_0090_023_0.01_10kbp","JC",NA,"DNA","expA1_00001_0090_023_0.01_10kbp_random_trees.phy","expA1_00001_0090_023_0.01_10kbp_partitions.nex","expA1_00001_0090_023_0.01_10kbp_output_alignment"
"824",24,90,1,0.01,10000,"expA1_00001_0090_024_0.01_10kbp","JC",NA,"DNA","expA1_00001_0090_024_0.01_10kbp_random_trees.phy","expA1_00001_0090_024_0.01_10kbp_partitions.nex","expA1_00001_0090_024_0.01_10kbp_output_alignment"
"825",25,90,1,0.01,10000,"expA1_00001_0090_025_0.01_10kbp","JC",NA,"DNA","expA1_00001_0090_025_0.01_10kbp_random_trees.phy","expA1_00001_0090_025_0.01_10kbp_partitions.nex","expA1_00001_0090_025_0.01_10kbp_output_alignment"
"826",26,90,1,0.01,10000,"expA1_00001_0090_026_0.01_10kbp","JC",NA,"DNA","expA1_00001_0090_026_0.01_10kbp_random_trees.phy","expA1_00001_0090_026_0.01_10kbp_partitions.nex","expA1_00001_0090_026_0.01_10kbp_output_alignment"
"827",27,90,1,0.01,10000,"expA1_00001_0090_027_0.01_10kbp","JC",NA,"DNA","expA1_00001_0090_027_0.01_10kbp_random_trees.phy","expA1_00001_0090_027_0.01_10kbp_partitions.nex","expA1_00001_0090_027_0.01_10kbp_output_alignment"
"828",28,90,1,0.01,10000,"expA1_00001_0090_028_0.01_10kbp","JC",NA,"DNA","expA1_00001_0090_028_0.01_10kbp_random_trees.phy","expA1_00001_0090_028_0.01_10kbp_partitions.nex","expA1_00001_0090_028_0.01_10kbp_output_alignment"
"829",29,90,1,0.01,10000,"expA1_00001_0090_029_0.01_10kbp","JC",NA,"DNA","expA1_00001_0090_029_0.01_10kbp_random_trees.phy","expA1_00001_0090_029_0.01_10kbp_partitions.nex","expA1_00001_0090_029_0.01_10kbp_output_alignment"
"830",30,90,1,0.01,10000,"expA1_00001_0090_030_0.01_10kbp","JC",NA,"DNA","expA1_00001_0090_030_0.01_10kbp_random_trees.phy","expA1_00001_0090_030_0.01_10kbp_partitions.nex","expA1_00001_0090_030_0.01_10kbp_output_alignment"
"831",31,90,1,0.01,10000,"expA1_00001_0090_031_0.01_10kbp","JC",NA,"DNA","expA1_00001_0090_031_0.01_10kbp_random_trees.phy","expA1_00001_0090_031_0.01_10kbp_partitions.nex","expA1_00001_0090_031_0.01_10kbp_output_alignment"
"832",32,90,1,0.01,10000,"expA1_00001_0090_032_0.01_10kbp","JC",NA,"DNA","expA1_00001_0090_032_0.01_10kbp_random_trees.phy","expA1_00001_0090_032_0.01_10kbp_partitions.nex","expA1_00001_0090_032_0.01_10kbp_output_alignment"
"833",33,90,1,0.01,10000,"expA1_00001_0090_033_0.01_10kbp","JC",NA,"DNA","expA1_00001_0090_033_0.01_10kbp_random_trees.phy","expA1_00001_0090_033_0.01_10kbp_partitions.nex","expA1_00001_0090_033_0.01_10kbp_output_alignment"
"834",34,90,1,0.01,10000,"expA1_00001_0090_034_0.01_10kbp","JC",NA,"DNA","expA1_00001_0090_034_0.01_10kbp_random_trees.phy","expA1_00001_0090_034_0.01_10kbp_partitions.nex","expA1_00001_0090_034_0.01_10kbp_output_alignment"
"835",35,90,1,0.01,10000,"expA1_00001_0090_035_0.01_10kbp","JC",NA,"DNA","expA1_00001_0090_035_0.01_10kbp_random_trees.phy","expA1_00001_0090_035_0.01_10kbp_partitions.nex","expA1_00001_0090_035_0.01_10kbp_output_alignment"
"836",36,90,1,0.01,10000,"expA1_00001_0090_036_0.01_10kbp","JC",NA,"DNA","expA1_00001_0090_036_0.01_10kbp_random_trees.phy","expA1_00001_0090_036_0.01_10kbp_partitions.nex","expA1_00001_0090_036_0.01_10kbp_output_alignment"
"837",37,90,1,0.01,10000,"expA1_00001_0090_037_0.01_10kbp","JC",NA,"DNA","expA1_00001_0090_037_0.01_10kbp_random_trees.phy","expA1_00001_0090_037_0.01_10kbp_partitions.nex","expA1_00001_0090_037_0.01_10kbp_output_alignment"
"838",38,90,1,0.01,10000,"expA1_00001_0090_038_0.01_10kbp","JC",NA,"DNA","expA1_00001_0090_038_0.01_10kbp_random_trees.phy","expA1_00001_0090_038_0.01_10kbp_partitions.nex","expA1_00001_0090_038_0.01_10kbp_output_alignment"
"839",39,90,1,0.01,10000,"expA1_00001_0090_039_0.01_10kbp","JC",NA,"DNA","expA1_00001_0090_039_0.01_10kbp_random_trees.phy","expA1_00001_0090_039_0.01_10kbp_partitions.nex","expA1_00001_0090_039_0.01_10kbp_output_alignment"
"840",40,90,1,0.01,10000,"expA1_00001_0090_040_0.01_10kbp","JC",NA,"DNA","expA1_00001_0090_040_0.01_10kbp_random_trees.phy","expA1_00001_0090_040_0.01_10kbp_partitions.nex","expA1_00001_0090_040_0.01_10kbp_output_alignment"
"841",41,90,1,0.01,10000,"expA1_00001_0090_041_0.01_10kbp","JC",NA,"DNA","expA1_00001_0090_041_0.01_10kbp_random_trees.phy","expA1_00001_0090_041_0.01_10kbp_partitions.nex","expA1_00001_0090_041_0.01_10kbp_output_alignment"
"842",42,90,1,0.01,10000,"expA1_00001_0090_042_0.01_10kbp","JC",NA,"DNA","expA1_00001_0090_042_0.01_10kbp_random_trees.phy","expA1_00001_0090_042_0.01_10kbp_partitions.nex","expA1_00001_0090_042_0.01_10kbp_output_alignment"
"843",43,90,1,0.01,10000,"expA1_00001_0090_043_0.01_10kbp","JC",NA,"DNA","expA1_00001_0090_043_0.01_10kbp_random_trees.phy","expA1_00001_0090_043_0.01_10kbp_partitions.nex","expA1_00001_0090_043_0.01_10kbp_output_alignment"
"844",44,90,1,0.01,10000,"expA1_00001_0090_044_0.01_10kbp","JC",NA,"DNA","expA1_00001_0090_044_0.01_10kbp_random_trees.phy","expA1_00001_0090_044_0.01_10kbp_partitions.nex","expA1_00001_0090_044_0.01_10kbp_output_alignment"
"845",45,90,1,0.01,10000,"expA1_00001_0090_045_0.01_10kbp","JC",NA,"DNA","expA1_00001_0090_045_0.01_10kbp_random_trees.phy","expA1_00001_0090_045_0.01_10kbp_partitions.nex","expA1_00001_0090_045_0.01_10kbp_output_alignment"
"846",46,90,1,0.01,10000,"expA1_00001_0090_046_0.01_10kbp","JC",NA,"DNA","expA1_00001_0090_046_0.01_10kbp_random_trees.phy","expA1_00001_0090_046_0.01_10kbp_partitions.nex","expA1_00001_0090_046_0.01_10kbp_output_alignment"
"847",47,90,1,0.01,10000,"expA1_00001_0090_047_0.01_10kbp","JC",NA,"DNA","expA1_00001_0090_047_0.01_10kbp_random_trees.phy","expA1_00001_0090_047_0.01_10kbp_partitions.nex","expA1_00001_0090_047_0.01_10kbp_output_alignment"
"848",48,90,1,0.01,10000,"expA1_00001_0090_048_0.01_10kbp","JC",NA,"DNA","expA1_00001_0090_048_0.01_10kbp_random_trees.phy","expA1_00001_0090_048_0.01_10kbp_partitions.nex","expA1_00001_0090_048_0.01_10kbp_output_alignment"
"849",49,90,1,0.01,10000,"expA1_00001_0090_049_0.01_10kbp","JC",NA,"DNA","expA1_00001_0090_049_0.01_10kbp_random_trees.phy","expA1_00001_0090_049_0.01_10kbp_partitions.nex","expA1_00001_0090_049_0.01_10kbp_output_alignment"
"850",50,90,1,0.01,10000,"expA1_00001_0090_050_0.01_10kbp","JC",NA,"DNA","expA1_00001_0090_050_0.01_10kbp_random_trees.phy","expA1_00001_0090_050_0.01_10kbp_partitions.nex","expA1_00001_0090_050_0.01_10kbp_output_alignment"
"851",51,90,1,0.01,10000,"expA1_00001_0090_051_0.01_10kbp","JC",NA,"DNA","expA1_00001_0090_051_0.01_10kbp_random_trees.phy","expA1_00001_0090_051_0.01_10kbp_partitions.nex","expA1_00001_0090_051_0.01_10kbp_output_alignment"
"852",52,90,1,0.01,10000,"expA1_00001_0090_052_0.01_10kbp","JC",NA,"DNA","expA1_00001_0090_052_0.01_10kbp_random_trees.phy","expA1_00001_0090_052_0.01_10kbp_partitions.nex","expA1_00001_0090_052_0.01_10kbp_output_alignment"
"853",53,90,1,0.01,10000,"expA1_00001_0090_053_0.01_10kbp","JC",NA,"DNA","expA1_00001_0090_053_0.01_10kbp_random_trees.phy","expA1_00001_0090_053_0.01_10kbp_partitions.nex","expA1_00001_0090_053_0.01_10kbp_output_alignment"
"854",54,90,1,0.01,10000,"expA1_00001_0090_054_0.01_10kbp","JC",NA,"DNA","expA1_00001_0090_054_0.01_10kbp_random_trees.phy","expA1_00001_0090_054_0.01_10kbp_partitions.nex","expA1_00001_0090_054_0.01_10kbp_output_alignment"
"855",55,90,1,0.01,10000,"expA1_00001_0090_055_0.01_10kbp","JC",NA,"DNA","expA1_00001_0090_055_0.01_10kbp_random_trees.phy","expA1_00001_0090_055_0.01_10kbp_partitions.nex","expA1_00001_0090_055_0.01_10kbp_output_alignment"
"856",56,90,1,0.01,10000,"expA1_00001_0090_056_0.01_10kbp","JC",NA,"DNA","expA1_00001_0090_056_0.01_10kbp_random_trees.phy","expA1_00001_0090_056_0.01_10kbp_partitions.nex","expA1_00001_0090_056_0.01_10kbp_output_alignment"
"857",57,90,1,0.01,10000,"expA1_00001_0090_057_0.01_10kbp","JC",NA,"DNA","expA1_00001_0090_057_0.01_10kbp_random_trees.phy","expA1_00001_0090_057_0.01_10kbp_partitions.nex","expA1_00001_0090_057_0.01_10kbp_output_alignment"
"858",58,90,1,0.01,10000,"expA1_00001_0090_058_0.01_10kbp","JC",NA,"DNA","expA1_00001_0090_058_0.01_10kbp_random_trees.phy","expA1_00001_0090_058_0.01_10kbp_partitions.nex","expA1_00001_0090_058_0.01_10kbp_output_alignment"
"859",59,90,1,0.01,10000,"expA1_00001_0090_059_0.01_10kbp","JC",NA,"DNA","expA1_00001_0090_059_0.01_10kbp_random_trees.phy","expA1_00001_0090_059_0.01_10kbp_partitions.nex","expA1_00001_0090_059_0.01_10kbp_output_alignment"
"860",60,90,1,0.01,10000,"expA1_00001_0090_060_0.01_10kbp","JC",NA,"DNA","expA1_00001_0090_060_0.01_10kbp_random_trees.phy","expA1_00001_0090_060_0.01_10kbp_partitions.nex","expA1_00001_0090_060_0.01_10kbp_output_alignment"
"861",61,90,1,0.01,10000,"expA1_00001_0090_061_0.01_10kbp","JC",NA,"DNA","expA1_00001_0090_061_0.01_10kbp_random_trees.phy","expA1_00001_0090_061_0.01_10kbp_partitions.nex","expA1_00001_0090_061_0.01_10kbp_output_alignment"
"862",62,90,1,0.01,10000,"expA1_00001_0090_062_0.01_10kbp","JC",NA,"DNA","expA1_00001_0090_062_0.01_10kbp_random_trees.phy","expA1_00001_0090_062_0.01_10kbp_partitions.nex","expA1_00001_0090_062_0.01_10kbp_output_alignment"
"863",63,90,1,0.01,10000,"expA1_00001_0090_063_0.01_10kbp","JC",NA,"DNA","expA1_00001_0090_063_0.01_10kbp_random_trees.phy","expA1_00001_0090_063_0.01_10kbp_partitions.nex","expA1_00001_0090_063_0.01_10kbp_output_alignment"
"864",64,90,1,0.01,10000,"expA1_00001_0090_064_0.01_10kbp","JC",NA,"DNA","expA1_00001_0090_064_0.01_10kbp_random_trees.phy","expA1_00001_0090_064_0.01_10kbp_partitions.nex","expA1_00001_0090_064_0.01_10kbp_output_alignment"
"865",65,90,1,0.01,10000,"expA1_00001_0090_065_0.01_10kbp","JC",NA,"DNA","expA1_00001_0090_065_0.01_10kbp_random_trees.phy","expA1_00001_0090_065_0.01_10kbp_partitions.nex","expA1_00001_0090_065_0.01_10kbp_output_alignment"
"866",66,90,1,0.01,10000,"expA1_00001_0090_066_0.01_10kbp","JC",NA,"DNA","expA1_00001_0090_066_0.01_10kbp_random_trees.phy","expA1_00001_0090_066_0.01_10kbp_partitions.nex","expA1_00001_0090_066_0.01_10kbp_output_alignment"
"867",67,90,1,0.01,10000,"expA1_00001_0090_067_0.01_10kbp","JC",NA,"DNA","expA1_00001_0090_067_0.01_10kbp_random_trees.phy","expA1_00001_0090_067_0.01_10kbp_partitions.nex","expA1_00001_0090_067_0.01_10kbp_output_alignment"
"868",68,90,1,0.01,10000,"expA1_00001_0090_068_0.01_10kbp","JC",NA,"DNA","expA1_00001_0090_068_0.01_10kbp_random_trees.phy","expA1_00001_0090_068_0.01_10kbp_partitions.nex","expA1_00001_0090_068_0.01_10kbp_output_alignment"
"869",69,90,1,0.01,10000,"expA1_00001_0090_069_0.01_10kbp","JC",NA,"DNA","expA1_00001_0090_069_0.01_10kbp_random_trees.phy","expA1_00001_0090_069_0.01_10kbp_partitions.nex","expA1_00001_0090_069_0.01_10kbp_output_alignment"
"870",70,90,1,0.01,10000,"expA1_00001_0090_070_0.01_10kbp","JC",NA,"DNA","expA1_00001_0090_070_0.01_10kbp_random_trees.phy","expA1_00001_0090_070_0.01_10kbp_partitions.nex","expA1_00001_0090_070_0.01_10kbp_output_alignment"
"871",71,90,1,0.01,10000,"expA1_00001_0090_071_0.01_10kbp","JC",NA,"DNA","expA1_00001_0090_071_0.01_10kbp_random_trees.phy","expA1_00001_0090_071_0.01_10kbp_partitions.nex","expA1_00001_0090_071_0.01_10kbp_output_alignment"
"872",72,90,1,0.01,10000,"expA1_00001_0090_072_0.01_10kbp","JC",NA,"DNA","expA1_00001_0090_072_0.01_10kbp_random_trees.phy","expA1_00001_0090_072_0.01_10kbp_partitions.nex","expA1_00001_0090_072_0.01_10kbp_output_alignment"
"873",73,90,1,0.01,10000,"expA1_00001_0090_073_0.01_10kbp","JC",NA,"DNA","expA1_00001_0090_073_0.01_10kbp_random_trees.phy","expA1_00001_0090_073_0.01_10kbp_partitions.nex","expA1_00001_0090_073_0.01_10kbp_output_alignment"
"874",74,90,1,0.01,10000,"expA1_00001_0090_074_0.01_10kbp","JC",NA,"DNA","expA1_00001_0090_074_0.01_10kbp_random_trees.phy","expA1_00001_0090_074_0.01_10kbp_partitions.nex","expA1_00001_0090_074_0.01_10kbp_output_alignment"
"875",75,90,1,0.01,10000,"expA1_00001_0090_075_0.01_10kbp","JC",NA,"DNA","expA1_00001_0090_075_0.01_10kbp_random_trees.phy","expA1_00001_0090_075_0.01_10kbp_partitions.nex","expA1_00001_0090_075_0.01_10kbp_output_alignment"
"876",76,90,1,0.01,10000,"expA1_00001_0090_076_0.01_10kbp","JC",NA,"DNA","expA1_00001_0090_076_0.01_10kbp_random_trees.phy","expA1_00001_0090_076_0.01_10kbp_partitions.nex","expA1_00001_0090_076_0.01_10kbp_output_alignment"
"877",77,90,1,0.01,10000,"expA1_00001_0090_077_0.01_10kbp","JC",NA,"DNA","expA1_00001_0090_077_0.01_10kbp_random_trees.phy","expA1_00001_0090_077_0.01_10kbp_partitions.nex","expA1_00001_0090_077_0.01_10kbp_output_alignment"
"878",78,90,1,0.01,10000,"expA1_00001_0090_078_0.01_10kbp","JC",NA,"DNA","expA1_00001_0090_078_0.01_10kbp_random_trees.phy","expA1_00001_0090_078_0.01_10kbp_partitions.nex","expA1_00001_0090_078_0.01_10kbp_output_alignment"
"879",79,90,1,0.01,10000,"expA1_00001_0090_079_0.01_10kbp","JC",NA,"DNA","expA1_00001_0090_079_0.01_10kbp_random_trees.phy","expA1_00001_0090_079_0.01_10kbp_partitions.nex","expA1_00001_0090_079_0.01_10kbp_output_alignment"
"880",80,90,1,0.01,10000,"expA1_00001_0090_080_0.01_10kbp","JC",NA,"DNA","expA1_00001_0090_080_0.01_10kbp_random_trees.phy","expA1_00001_0090_080_0.01_10kbp_partitions.nex","expA1_00001_0090_080_0.01_10kbp_output_alignment"
"881",81,90,1,0.01,10000,"expA1_00001_0090_081_0.01_10kbp","JC",NA,"DNA","expA1_00001_0090_081_0.01_10kbp_random_trees.phy","expA1_00001_0090_081_0.01_10kbp_partitions.nex","expA1_00001_0090_081_0.01_10kbp_output_alignment"
"882",82,90,1,0.01,10000,"expA1_00001_0090_082_0.01_10kbp","JC",NA,"DNA","expA1_00001_0090_082_0.01_10kbp_random_trees.phy","expA1_00001_0090_082_0.01_10kbp_partitions.nex","expA1_00001_0090_082_0.01_10kbp_output_alignment"
"883",83,90,1,0.01,10000,"expA1_00001_0090_083_0.01_10kbp","JC",NA,"DNA","expA1_00001_0090_083_0.01_10kbp_random_trees.phy","expA1_00001_0090_083_0.01_10kbp_partitions.nex","expA1_00001_0090_083_0.01_10kbp_output_alignment"
"884",84,90,1,0.01,10000,"expA1_00001_0090_084_0.01_10kbp","JC",NA,"DNA","expA1_00001_0090_084_0.01_10kbp_random_trees.phy","expA1_00001_0090_084_0.01_10kbp_partitions.nex","expA1_00001_0090_084_0.01_10kbp_output_alignment"
"885",85,90,1,0.01,10000,"expA1_00001_0090_085_0.01_10kbp","JC",NA,"DNA","expA1_00001_0090_085_0.01_10kbp_random_trees.phy","expA1_00001_0090_085_0.01_10kbp_partitions.nex","expA1_00001_0090_085_0.01_10kbp_output_alignment"
"886",86,90,1,0.01,10000,"expA1_00001_0090_086_0.01_10kbp","JC",NA,"DNA","expA1_00001_0090_086_0.01_10kbp_random_trees.phy","expA1_00001_0090_086_0.01_10kbp_partitions.nex","expA1_00001_0090_086_0.01_10kbp_output_alignment"
"887",87,90,1,0.01,10000,"expA1_00001_0090_087_0.01_10kbp","JC",NA,"DNA","expA1_00001_0090_087_0.01_10kbp_random_trees.phy","expA1_00001_0090_087_0.01_10kbp_partitions.nex","expA1_00001_0090_087_0.01_10kbp_output_alignment"
"888",88,90,1,0.01,10000,"expA1_00001_0090_088_0.01_10kbp","JC",NA,"DNA","expA1_00001_0090_088_0.01_10kbp_random_trees.phy","expA1_00001_0090_088_0.01_10kbp_partitions.nex","expA1_00001_0090_088_0.01_10kbp_output_alignment"
"889",89,90,1,0.01,10000,"expA1_00001_0090_089_0.01_10kbp","JC",NA,"DNA","expA1_00001_0090_089_0.01_10kbp_random_trees.phy","expA1_00001_0090_089_0.01_10kbp_partitions.nex","expA1_00001_0090_089_0.01_10kbp_output_alignment"
"890",90,90,1,0.01,10000,"expA1_00001_0090_090_0.01_10kbp","JC",NA,"DNA","expA1_00001_0090_090_0.01_10kbp_random_trees.phy","expA1_00001_0090_090_0.01_10kbp_partitions.nex","expA1_00001_0090_090_0.01_10kbp_output_alignment"
"891",91,90,1,0.01,10000,"expA1_00001_0090_091_0.01_10kbp","JC",NA,"DNA","expA1_00001_0090_091_0.01_10kbp_random_trees.phy","expA1_00001_0090_091_0.01_10kbp_partitions.nex","expA1_00001_0090_091_0.01_10kbp_output_alignment"
"892",92,90,1,0.01,10000,"expA1_00001_0090_092_0.01_10kbp","JC",NA,"DNA","expA1_00001_0090_092_0.01_10kbp_random_trees.phy","expA1_00001_0090_092_0.01_10kbp_partitions.nex","expA1_00001_0090_092_0.01_10kbp_output_alignment"
"893",93,90,1,0.01,10000,"expA1_00001_0090_093_0.01_10kbp","JC",NA,"DNA","expA1_00001_0090_093_0.01_10kbp_random_trees.phy","expA1_00001_0090_093_0.01_10kbp_partitions.nex","expA1_00001_0090_093_0.01_10kbp_output_alignment"
"894",94,90,1,0.01,10000,"expA1_00001_0090_094_0.01_10kbp","JC",NA,"DNA","expA1_00001_0090_094_0.01_10kbp_random_trees.phy","expA1_00001_0090_094_0.01_10kbp_partitions.nex","expA1_00001_0090_094_0.01_10kbp_output_alignment"
"895",95,90,1,0.01,10000,"expA1_00001_0090_095_0.01_10kbp","JC",NA,"DNA","expA1_00001_0090_095_0.01_10kbp_random_trees.phy","expA1_00001_0090_095_0.01_10kbp_partitions.nex","expA1_00001_0090_095_0.01_10kbp_output_alignment"
"896",96,90,1,0.01,10000,"expA1_00001_0090_096_0.01_10kbp","JC",NA,"DNA","expA1_00001_0090_096_0.01_10kbp_random_trees.phy","expA1_00001_0090_096_0.01_10kbp_partitions.nex","expA1_00001_0090_096_0.01_10kbp_output_alignment"
"897",97,90,1,0.01,10000,"expA1_00001_0090_097_0.01_10kbp","JC",NA,"DNA","expA1_00001_0090_097_0.01_10kbp_random_trees.phy","expA1_00001_0090_097_0.01_10kbp_partitions.nex","expA1_00001_0090_097_0.01_10kbp_output_alignment"
"898",98,90,1,0.01,10000,"expA1_00001_0090_098_0.01_10kbp","JC",NA,"DNA","expA1_00001_0090_098_0.01_10kbp_random_trees.phy","expA1_00001_0090_098_0.01_10kbp_partitions.nex","expA1_00001_0090_098_0.01_10kbp_output_alignment"
"899",99,90,1,0.01,10000,"expA1_00001_0090_099_0.01_10kbp","JC",NA,"DNA","expA1_00001_0090_099_0.01_10kbp_random_trees.phy","expA1_00001_0090_099_0.01_10kbp_partitions.nex","expA1_00001_0090_099_0.01_10kbp_output_alignment"
"900",100,90,1,0.01,10000,"expA1_00001_0090_100_0.01_10kbp","JC",NA,"DNA","expA1_00001_0090_100_0.01_10kbp_random_trees.phy","expA1_00001_0090_100_0.01_10kbp_partitions.nex","expA1_00001_0090_100_0.01_10kbp_output_alignment"
"901",1,100,1,0.01,10000,"expA1_00001_0100_001_0.01_10kbp","JC",NA,"DNA","expA1_00001_0100_001_0.01_10kbp_random_trees.phy","expA1_00001_0100_001_0.01_10kbp_partitions.nex","expA1_00001_0100_001_0.01_10kbp_output_alignment"
"902",2,100,1,0.01,10000,"expA1_00001_0100_002_0.01_10kbp","JC",NA,"DNA","expA1_00001_0100_002_0.01_10kbp_random_trees.phy","expA1_00001_0100_002_0.01_10kbp_partitions.nex","expA1_00001_0100_002_0.01_10kbp_output_alignment"
"903",3,100,1,0.01,10000,"expA1_00001_0100_003_0.01_10kbp","JC",NA,"DNA","expA1_00001_0100_003_0.01_10kbp_random_trees.phy","expA1_00001_0100_003_0.01_10kbp_partitions.nex","expA1_00001_0100_003_0.01_10kbp_output_alignment"
"904",4,100,1,0.01,10000,"expA1_00001_0100_004_0.01_10kbp","JC",NA,"DNA","expA1_00001_0100_004_0.01_10kbp_random_trees.phy","expA1_00001_0100_004_0.01_10kbp_partitions.nex","expA1_00001_0100_004_0.01_10kbp_output_alignment"
"905",5,100,1,0.01,10000,"expA1_00001_0100_005_0.01_10kbp","JC",NA,"DNA","expA1_00001_0100_005_0.01_10kbp_random_trees.phy","expA1_00001_0100_005_0.01_10kbp_partitions.nex","expA1_00001_0100_005_0.01_10kbp_output_alignment"
"906",6,100,1,0.01,10000,"expA1_00001_0100_006_0.01_10kbp","JC",NA,"DNA","expA1_00001_0100_006_0.01_10kbp_random_trees.phy","expA1_00001_0100_006_0.01_10kbp_partitions.nex","expA1_00001_0100_006_0.01_10kbp_output_alignment"
"907",7,100,1,0.01,10000,"expA1_00001_0100_007_0.01_10kbp","JC",NA,"DNA","expA1_00001_0100_007_0.01_10kbp_random_trees.phy","expA1_00001_0100_007_0.01_10kbp_partitions.nex","expA1_00001_0100_007_0.01_10kbp_output_alignment"
"908",8,100,1,0.01,10000,"expA1_00001_0100_008_0.01_10kbp","JC",NA,"DNA","expA1_00001_0100_008_0.01_10kbp_random_trees.phy","expA1_00001_0100_008_0.01_10kbp_partitions.nex","expA1_00001_0100_008_0.01_10kbp_output_alignment"
"909",9,100,1,0.01,10000,"expA1_00001_0100_009_0.01_10kbp","JC",NA,"DNA","expA1_00001_0100_009_0.01_10kbp_random_trees.phy","expA1_00001_0100_009_0.01_10kbp_partitions.nex","expA1_00001_0100_009_0.01_10kbp_output_alignment"
"910",10,100,1,0.01,10000,"expA1_00001_0100_010_0.01_10kbp","JC",NA,"DNA","expA1_00001_0100_010_0.01_10kbp_random_trees.phy","expA1_00001_0100_010_0.01_10kbp_partitions.nex","expA1_00001_0100_010_0.01_10kbp_output_alignment"
"911",11,100,1,0.01,10000,"expA1_00001_0100_011_0.01_10kbp","JC",NA,"DNA","expA1_00001_0100_011_0.01_10kbp_random_trees.phy","expA1_00001_0100_011_0.01_10kbp_partitions.nex","expA1_00001_0100_011_0.01_10kbp_output_alignment"
"912",12,100,1,0.01,10000,"expA1_00001_0100_012_0.01_10kbp","JC",NA,"DNA","expA1_00001_0100_012_0.01_10kbp_random_trees.phy","expA1_00001_0100_012_0.01_10kbp_partitions.nex","expA1_00001_0100_012_0.01_10kbp_output_alignment"
"913",13,100,1,0.01,10000,"expA1_00001_0100_013_0.01_10kbp","JC",NA,"DNA","expA1_00001_0100_013_0.01_10kbp_random_trees.phy","expA1_00001_0100_013_0.01_10kbp_partitions.nex","expA1_00001_0100_013_0.01_10kbp_output_alignment"
"914",14,100,1,0.01,10000,"expA1_00001_0100_014_0.01_10kbp","JC",NA,"DNA","expA1_00001_0100_014_0.01_10kbp_random_trees.phy","expA1_00001_0100_014_0.01_10kbp_partitions.nex","expA1_00001_0100_014_0.01_10kbp_output_alignment"
"915",15,100,1,0.01,10000,"expA1_00001_0100_015_0.01_10kbp","JC",NA,"DNA","expA1_00001_0100_015_0.01_10kbp_random_trees.phy","expA1_00001_0100_015_0.01_10kbp_partitions.nex","expA1_00001_0100_015_0.01_10kbp_output_alignment"
"916",16,100,1,0.01,10000,"expA1_00001_0100_016_0.01_10kbp","JC",NA,"DNA","expA1_00001_0100_016_0.01_10kbp_random_trees.phy","expA1_00001_0100_016_0.01_10kbp_partitions.nex","expA1_00001_0100_016_0.01_10kbp_output_alignment"
"917",17,100,1,0.01,10000,"expA1_00001_0100_017_0.01_10kbp","JC",NA,"DNA","expA1_00001_0100_017_0.01_10kbp_random_trees.phy","expA1_00001_0100_017_0.01_10kbp_partitions.nex","expA1_00001_0100_017_0.01_10kbp_output_alignment"
"918",18,100,1,0.01,10000,"expA1_00001_0100_018_0.01_10kbp","JC",NA,"DNA","expA1_00001_0100_018_0.01_10kbp_random_trees.phy","expA1_00001_0100_018_0.01_10kbp_partitions.nex","expA1_00001_0100_018_0.01_10kbp_output_alignment"
"919",19,100,1,0.01,10000,"expA1_00001_0100_019_0.01_10kbp","JC",NA,"DNA","expA1_00001_0100_019_0.01_10kbp_random_trees.phy","expA1_00001_0100_019_0.01_10kbp_partitions.nex","expA1_00001_0100_019_0.01_10kbp_output_alignment"
"920",20,100,1,0.01,10000,"expA1_00001_0100_020_0.01_10kbp","JC",NA,"DNA","expA1_00001_0100_020_0.01_10kbp_random_trees.phy","expA1_00001_0100_020_0.01_10kbp_partitions.nex","expA1_00001_0100_020_0.01_10kbp_output_alignment"
"921",21,100,1,0.01,10000,"expA1_00001_0100_021_0.01_10kbp","JC",NA,"DNA","expA1_00001_0100_021_0.01_10kbp_random_trees.phy","expA1_00001_0100_021_0.01_10kbp_partitions.nex","expA1_00001_0100_021_0.01_10kbp_output_alignment"
"922",22,100,1,0.01,10000,"expA1_00001_0100_022_0.01_10kbp","JC",NA,"DNA","expA1_00001_0100_022_0.01_10kbp_random_trees.phy","expA1_00001_0100_022_0.01_10kbp_partitions.nex","expA1_00001_0100_022_0.01_10kbp_output_alignment"
"923",23,100,1,0.01,10000,"expA1_00001_0100_023_0.01_10kbp","JC",NA,"DNA","expA1_00001_0100_023_0.01_10kbp_random_trees.phy","expA1_00001_0100_023_0.01_10kbp_partitions.nex","expA1_00001_0100_023_0.01_10kbp_output_alignment"
"924",24,100,1,0.01,10000,"expA1_00001_0100_024_0.01_10kbp","JC",NA,"DNA","expA1_00001_0100_024_0.01_10kbp_random_trees.phy","expA1_00001_0100_024_0.01_10kbp_partitions.nex","expA1_00001_0100_024_0.01_10kbp_output_alignment"
"925",25,100,1,0.01,10000,"expA1_00001_0100_025_0.01_10kbp","JC",NA,"DNA","expA1_00001_0100_025_0.01_10kbp_random_trees.phy","expA1_00001_0100_025_0.01_10kbp_partitions.nex","expA1_00001_0100_025_0.01_10kbp_output_alignment"
"926",26,100,1,0.01,10000,"expA1_00001_0100_026_0.01_10kbp","JC",NA,"DNA","expA1_00001_0100_026_0.01_10kbp_random_trees.phy","expA1_00001_0100_026_0.01_10kbp_partitions.nex","expA1_00001_0100_026_0.01_10kbp_output_alignment"
"927",27,100,1,0.01,10000,"expA1_00001_0100_027_0.01_10kbp","JC",NA,"DNA","expA1_00001_0100_027_0.01_10kbp_random_trees.phy","expA1_00001_0100_027_0.01_10kbp_partitions.nex","expA1_00001_0100_027_0.01_10kbp_output_alignment"
"928",28,100,1,0.01,10000,"expA1_00001_0100_028_0.01_10kbp","JC",NA,"DNA","expA1_00001_0100_028_0.01_10kbp_random_trees.phy","expA1_00001_0100_028_0.01_10kbp_partitions.nex","expA1_00001_0100_028_0.01_10kbp_output_alignment"
"929",29,100,1,0.01,10000,"expA1_00001_0100_029_0.01_10kbp","JC",NA,"DNA","expA1_00001_0100_029_0.01_10kbp_random_trees.phy","expA1_00001_0100_029_0.01_10kbp_partitions.nex","expA1_00001_0100_029_0.01_10kbp_output_alignment"
"930",30,100,1,0.01,10000,"expA1_00001_0100_030_0.01_10kbp","JC",NA,"DNA","expA1_00001_0100_030_0.01_10kbp_random_trees.phy","expA1_00001_0100_030_0.01_10kbp_partitions.nex","expA1_00001_0100_030_0.01_10kbp_output_alignment"
"931",31,100,1,0.01,10000,"expA1_00001_0100_031_0.01_10kbp","JC",NA,"DNA","expA1_00001_0100_031_0.01_10kbp_random_trees.phy","expA1_00001_0100_031_0.01_10kbp_partitions.nex","expA1_00001_0100_031_0.01_10kbp_output_alignment"
"932",32,100,1,0.01,10000,"expA1_00001_0100_032_0.01_10kbp","JC",NA,"DNA","expA1_00001_0100_032_0.01_10kbp_random_trees.phy","expA1_00001_0100_032_0.01_10kbp_partitions.nex","expA1_00001_0100_032_0.01_10kbp_output_alignment"
"933",33,100,1,0.01,10000,"expA1_00001_0100_033_0.01_10kbp","JC",NA,"DNA","expA1_00001_0100_033_0.01_10kbp_random_trees.phy","expA1_00001_0100_033_0.01_10kbp_partitions.nex","expA1_00001_0100_033_0.01_10kbp_output_alignment"
"934",34,100,1,0.01,10000,"expA1_00001_0100_034_0.01_10kbp","JC",NA,"DNA","expA1_00001_0100_034_0.01_10kbp_random_trees.phy","expA1_00001_0100_034_0.01_10kbp_partitions.nex","expA1_00001_0100_034_0.01_10kbp_output_alignment"
"935",35,100,1,0.01,10000,"expA1_00001_0100_035_0.01_10kbp","JC",NA,"DNA","expA1_00001_0100_035_0.01_10kbp_random_trees.phy","expA1_00001_0100_035_0.01_10kbp_partitions.nex","expA1_00001_0100_035_0.01_10kbp_output_alignment"
"936",36,100,1,0.01,10000,"expA1_00001_0100_036_0.01_10kbp","JC",NA,"DNA","expA1_00001_0100_036_0.01_10kbp_random_trees.phy","expA1_00001_0100_036_0.01_10kbp_partitions.nex","expA1_00001_0100_036_0.01_10kbp_output_alignment"
"937",37,100,1,0.01,10000,"expA1_00001_0100_037_0.01_10kbp","JC",NA,"DNA","expA1_00001_0100_037_0.01_10kbp_random_trees.phy","expA1_00001_0100_037_0.01_10kbp_partitions.nex","expA1_00001_0100_037_0.01_10kbp_output_alignment"
"938",38,100,1,0.01,10000,"expA1_00001_0100_038_0.01_10kbp","JC",NA,"DNA","expA1_00001_0100_038_0.01_10kbp_random_trees.phy","expA1_00001_0100_038_0.01_10kbp_partitions.nex","expA1_00001_0100_038_0.01_10kbp_output_alignment"
"939",39,100,1,0.01,10000,"expA1_00001_0100_039_0.01_10kbp","JC",NA,"DNA","expA1_00001_0100_039_0.01_10kbp_random_trees.phy","expA1_00001_0100_039_0.01_10kbp_partitions.nex","expA1_00001_0100_039_0.01_10kbp_output_alignment"
"940",40,100,1,0.01,10000,"expA1_00001_0100_040_0.01_10kbp","JC",NA,"DNA","expA1_00001_0100_040_0.01_10kbp_random_trees.phy","expA1_00001_0100_040_0.01_10kbp_partitions.nex","expA1_00001_0100_040_0.01_10kbp_output_alignment"
"941",41,100,1,0.01,10000,"expA1_00001_0100_041_0.01_10kbp","JC",NA,"DNA","expA1_00001_0100_041_0.01_10kbp_random_trees.phy","expA1_00001_0100_041_0.01_10kbp_partitions.nex","expA1_00001_0100_041_0.01_10kbp_output_alignment"
"942",42,100,1,0.01,10000,"expA1_00001_0100_042_0.01_10kbp","JC",NA,"DNA","expA1_00001_0100_042_0.01_10kbp_random_trees.phy","expA1_00001_0100_042_0.01_10kbp_partitions.nex","expA1_00001_0100_042_0.01_10kbp_output_alignment"
"943",43,100,1,0.01,10000,"expA1_00001_0100_043_0.01_10kbp","JC",NA,"DNA","expA1_00001_0100_043_0.01_10kbp_random_trees.phy","expA1_00001_0100_043_0.01_10kbp_partitions.nex","expA1_00001_0100_043_0.01_10kbp_output_alignment"
"944",44,100,1,0.01,10000,"expA1_00001_0100_044_0.01_10kbp","JC",NA,"DNA","expA1_00001_0100_044_0.01_10kbp_random_trees.phy","expA1_00001_0100_044_0.01_10kbp_partitions.nex","expA1_00001_0100_044_0.01_10kbp_output_alignment"
"945",45,100,1,0.01,10000,"expA1_00001_0100_045_0.01_10kbp","JC",NA,"DNA","expA1_00001_0100_045_0.01_10kbp_random_trees.phy","expA1_00001_0100_045_0.01_10kbp_partitions.nex","expA1_00001_0100_045_0.01_10kbp_output_alignment"
"946",46,100,1,0.01,10000,"expA1_00001_0100_046_0.01_10kbp","JC",NA,"DNA","expA1_00001_0100_046_0.01_10kbp_random_trees.phy","expA1_00001_0100_046_0.01_10kbp_partitions.nex","expA1_00001_0100_046_0.01_10kbp_output_alignment"
"947",47,100,1,0.01,10000,"expA1_00001_0100_047_0.01_10kbp","JC",NA,"DNA","expA1_00001_0100_047_0.01_10kbp_random_trees.phy","expA1_00001_0100_047_0.01_10kbp_partitions.nex","expA1_00001_0100_047_0.01_10kbp_output_alignment"
"948",48,100,1,0.01,10000,"expA1_00001_0100_048_0.01_10kbp","JC",NA,"DNA","expA1_00001_0100_048_0.01_10kbp_random_trees.phy","expA1_00001_0100_048_0.01_10kbp_partitions.nex","expA1_00001_0100_048_0.01_10kbp_output_alignment"
"949",49,100,1,0.01,10000,"expA1_00001_0100_049_0.01_10kbp","JC",NA,"DNA","expA1_00001_0100_049_0.01_10kbp_random_trees.phy","expA1_00001_0100_049_0.01_10kbp_partitions.nex","expA1_00001_0100_049_0.01_10kbp_output_alignment"
"950",50,100,1,0.01,10000,"expA1_00001_0100_050_0.01_10kbp","JC",NA,"DNA","expA1_00001_0100_050_0.01_10kbp_random_trees.phy","expA1_00001_0100_050_0.01_10kbp_partitions.nex","expA1_00001_0100_050_0.01_10kbp_output_alignment"
"951",51,100,1,0.01,10000,"expA1_00001_0100_051_0.01_10kbp","JC",NA,"DNA","expA1_00001_0100_051_0.01_10kbp_random_trees.phy","expA1_00001_0100_051_0.01_10kbp_partitions.nex","expA1_00001_0100_051_0.01_10kbp_output_alignment"
"952",52,100,1,0.01,10000,"expA1_00001_0100_052_0.01_10kbp","JC",NA,"DNA","expA1_00001_0100_052_0.01_10kbp_random_trees.phy","expA1_00001_0100_052_0.01_10kbp_partitions.nex","expA1_00001_0100_052_0.01_10kbp_output_alignment"
"953",53,100,1,0.01,10000,"expA1_00001_0100_053_0.01_10kbp","JC",NA,"DNA","expA1_00001_0100_053_0.01_10kbp_random_trees.phy","expA1_00001_0100_053_0.01_10kbp_partitions.nex","expA1_00001_0100_053_0.01_10kbp_output_alignment"
"954",54,100,1,0.01,10000,"expA1_00001_0100_054_0.01_10kbp","JC",NA,"DNA","expA1_00001_0100_054_0.01_10kbp_random_trees.phy","expA1_00001_0100_054_0.01_10kbp_partitions.nex","expA1_00001_0100_054_0.01_10kbp_output_alignment"
"955",55,100,1,0.01,10000,"expA1_00001_0100_055_0.01_10kbp","JC",NA,"DNA","expA1_00001_0100_055_0.01_10kbp_random_trees.phy","expA1_00001_0100_055_0.01_10kbp_partitions.nex","expA1_00001_0100_055_0.01_10kbp_output_alignment"
"956",56,100,1,0.01,10000,"expA1_00001_0100_056_0.01_10kbp","JC",NA,"DNA","expA1_00001_0100_056_0.01_10kbp_random_trees.phy","expA1_00001_0100_056_0.01_10kbp_partitions.nex","expA1_00001_0100_056_0.01_10kbp_output_alignment"
"957",57,100,1,0.01,10000,"expA1_00001_0100_057_0.01_10kbp","JC",NA,"DNA","expA1_00001_0100_057_0.01_10kbp_random_trees.phy","expA1_00001_0100_057_0.01_10kbp_partitions.nex","expA1_00001_0100_057_0.01_10kbp_output_alignment"
"958",58,100,1,0.01,10000,"expA1_00001_0100_058_0.01_10kbp","JC",NA,"DNA","expA1_00001_0100_058_0.01_10kbp_random_trees.phy","expA1_00001_0100_058_0.01_10kbp_partitions.nex","expA1_00001_0100_058_0.01_10kbp_output_alignment"
"959",59,100,1,0.01,10000,"expA1_00001_0100_059_0.01_10kbp","JC",NA,"DNA","expA1_00001_0100_059_0.01_10kbp_random_trees.phy","expA1_00001_0100_059_0.01_10kbp_partitions.nex","expA1_00001_0100_059_0.01_10kbp_output_alignment"
"960",60,100,1,0.01,10000,"expA1_00001_0100_060_0.01_10kbp","JC",NA,"DNA","expA1_00001_0100_060_0.01_10kbp_random_trees.phy","expA1_00001_0100_060_0.01_10kbp_partitions.nex","expA1_00001_0100_060_0.01_10kbp_output_alignment"
"961",61,100,1,0.01,10000,"expA1_00001_0100_061_0.01_10kbp","JC",NA,"DNA","expA1_00001_0100_061_0.01_10kbp_random_trees.phy","expA1_00001_0100_061_0.01_10kbp_partitions.nex","expA1_00001_0100_061_0.01_10kbp_output_alignment"
"962",62,100,1,0.01,10000,"expA1_00001_0100_062_0.01_10kbp","JC",NA,"DNA","expA1_00001_0100_062_0.01_10kbp_random_trees.phy","expA1_00001_0100_062_0.01_10kbp_partitions.nex","expA1_00001_0100_062_0.01_10kbp_output_alignment"
"963",63,100,1,0.01,10000,"expA1_00001_0100_063_0.01_10kbp","JC",NA,"DNA","expA1_00001_0100_063_0.01_10kbp_random_trees.phy","expA1_00001_0100_063_0.01_10kbp_partitions.nex","expA1_00001_0100_063_0.01_10kbp_output_alignment"
"964",64,100,1,0.01,10000,"expA1_00001_0100_064_0.01_10kbp","JC",NA,"DNA","expA1_00001_0100_064_0.01_10kbp_random_trees.phy","expA1_00001_0100_064_0.01_10kbp_partitions.nex","expA1_00001_0100_064_0.01_10kbp_output_alignment"
"965",65,100,1,0.01,10000,"expA1_00001_0100_065_0.01_10kbp","JC",NA,"DNA","expA1_00001_0100_065_0.01_10kbp_random_trees.phy","expA1_00001_0100_065_0.01_10kbp_partitions.nex","expA1_00001_0100_065_0.01_10kbp_output_alignment"
"966",66,100,1,0.01,10000,"expA1_00001_0100_066_0.01_10kbp","JC",NA,"DNA","expA1_00001_0100_066_0.01_10kbp_random_trees.phy","expA1_00001_0100_066_0.01_10kbp_partitions.nex","expA1_00001_0100_066_0.01_10kbp_output_alignment"
"967",67,100,1,0.01,10000,"expA1_00001_0100_067_0.01_10kbp","JC",NA,"DNA","expA1_00001_0100_067_0.01_10kbp_random_trees.phy","expA1_00001_0100_067_0.01_10kbp_partitions.nex","expA1_00001_0100_067_0.01_10kbp_output_alignment"
"968",68,100,1,0.01,10000,"expA1_00001_0100_068_0.01_10kbp","JC",NA,"DNA","expA1_00001_0100_068_0.01_10kbp_random_trees.phy","expA1_00001_0100_068_0.01_10kbp_partitions.nex","expA1_00001_0100_068_0.01_10kbp_output_alignment"
"969",69,100,1,0.01,10000,"expA1_00001_0100_069_0.01_10kbp","JC",NA,"DNA","expA1_00001_0100_069_0.01_10kbp_random_trees.phy","expA1_00001_0100_069_0.01_10kbp_partitions.nex","expA1_00001_0100_069_0.01_10kbp_output_alignment"
"970",70,100,1,0.01,10000,"expA1_00001_0100_070_0.01_10kbp","JC",NA,"DNA","expA1_00001_0100_070_0.01_10kbp_random_trees.phy","expA1_00001_0100_070_0.01_10kbp_partitions.nex","expA1_00001_0100_070_0.01_10kbp_output_alignment"
"971",71,100,1,0.01,10000,"expA1_00001_0100_071_0.01_10kbp","JC",NA,"DNA","expA1_00001_0100_071_0.01_10kbp_random_trees.phy","expA1_00001_0100_071_0.01_10kbp_partitions.nex","expA1_00001_0100_071_0.01_10kbp_output_alignment"
"972",72,100,1,0.01,10000,"expA1_00001_0100_072_0.01_10kbp","JC",NA,"DNA","expA1_00001_0100_072_0.01_10kbp_random_trees.phy","expA1_00001_0100_072_0.01_10kbp_partitions.nex","expA1_00001_0100_072_0.01_10kbp_output_alignment"
"973",73,100,1,0.01,10000,"expA1_00001_0100_073_0.01_10kbp","JC",NA,"DNA","expA1_00001_0100_073_0.01_10kbp_random_trees.phy","expA1_00001_0100_073_0.01_10kbp_partitions.nex","expA1_00001_0100_073_0.01_10kbp_output_alignment"
"974",74,100,1,0.01,10000,"expA1_00001_0100_074_0.01_10kbp","JC",NA,"DNA","expA1_00001_0100_074_0.01_10kbp_random_trees.phy","expA1_00001_0100_074_0.01_10kbp_partitions.nex","expA1_00001_0100_074_0.01_10kbp_output_alignment"
"975",75,100,1,0.01,10000,"expA1_00001_0100_075_0.01_10kbp","JC",NA,"DNA","expA1_00001_0100_075_0.01_10kbp_random_trees.phy","expA1_00001_0100_075_0.01_10kbp_partitions.nex","expA1_00001_0100_075_0.01_10kbp_output_alignment"
"976",76,100,1,0.01,10000,"expA1_00001_0100_076_0.01_10kbp","JC",NA,"DNA","expA1_00001_0100_076_0.01_10kbp_random_trees.phy","expA1_00001_0100_076_0.01_10kbp_partitions.nex","expA1_00001_0100_076_0.01_10kbp_output_alignment"
"977",77,100,1,0.01,10000,"expA1_00001_0100_077_0.01_10kbp","JC",NA,"DNA","expA1_00001_0100_077_0.01_10kbp_random_trees.phy","expA1_00001_0100_077_0.01_10kbp_partitions.nex","expA1_00001_0100_077_0.01_10kbp_output_alignment"
"978",78,100,1,0.01,10000,"expA1_00001_0100_078_0.01_10kbp","JC",NA,"DNA","expA1_00001_0100_078_0.01_10kbp_random_trees.phy","expA1_00001_0100_078_0.01_10kbp_partitions.nex","expA1_00001_0100_078_0.01_10kbp_output_alignment"
"979",79,100,1,0.01,10000,"expA1_00001_0100_079_0.01_10kbp","JC",NA,"DNA","expA1_00001_0100_079_0.01_10kbp_random_trees.phy","expA1_00001_0100_079_0.01_10kbp_partitions.nex","expA1_00001_0100_079_0.01_10kbp_output_alignment"
"980",80,100,1,0.01,10000,"expA1_00001_0100_080_0.01_10kbp","JC",NA,"DNA","expA1_00001_0100_080_0.01_10kbp_random_trees.phy","expA1_00001_0100_080_0.01_10kbp_partitions.nex","expA1_00001_0100_080_0.01_10kbp_output_alignment"
"981",81,100,1,0.01,10000,"expA1_00001_0100_081_0.01_10kbp","JC",NA,"DNA","expA1_00001_0100_081_0.01_10kbp_random_trees.phy","expA1_00001_0100_081_0.01_10kbp_partitions.nex","expA1_00001_0100_081_0.01_10kbp_output_alignment"
"982",82,100,1,0.01,10000,"expA1_00001_0100_082_0.01_10kbp","JC",NA,"DNA","expA1_00001_0100_082_0.01_10kbp_random_trees.phy","expA1_00001_0100_082_0.01_10kbp_partitions.nex","expA1_00001_0100_082_0.01_10kbp_output_alignment"
"983",83,100,1,0.01,10000,"expA1_00001_0100_083_0.01_10kbp","JC",NA,"DNA","expA1_00001_0100_083_0.01_10kbp_random_trees.phy","expA1_00001_0100_083_0.01_10kbp_partitions.nex","expA1_00001_0100_083_0.01_10kbp_output_alignment"
"984",84,100,1,0.01,10000,"expA1_00001_0100_084_0.01_10kbp","JC",NA,"DNA","expA1_00001_0100_084_0.01_10kbp_random_trees.phy","expA1_00001_0100_084_0.01_10kbp_partitions.nex","expA1_00001_0100_084_0.01_10kbp_output_alignment"
"985",85,100,1,0.01,10000,"expA1_00001_0100_085_0.01_10kbp","JC",NA,"DNA","expA1_00001_0100_085_0.01_10kbp_random_trees.phy","expA1_00001_0100_085_0.01_10kbp_partitions.nex","expA1_00001_0100_085_0.01_10kbp_output_alignment"
"986",86,100,1,0.01,10000,"expA1_00001_0100_086_0.01_10kbp","JC",NA,"DNA","expA1_00001_0100_086_0.01_10kbp_random_trees.phy","expA1_00001_0100_086_0.01_10kbp_partitions.nex","expA1_00001_0100_086_0.01_10kbp_output_alignment"
"987",87,100,1,0.01,10000,"expA1_00001_0100_087_0.01_10kbp","JC",NA,"DNA","expA1_00001_0100_087_0.01_10kbp_random_trees.phy","expA1_00001_0100_087_0.01_10kbp_partitions.nex","expA1_00001_0100_087_0.01_10kbp_output_alignment"
"988",88,100,1,0.01,10000,"expA1_00001_0100_088_0.01_10kbp","JC",NA,"DNA","expA1_00001_0100_088_0.01_10kbp_random_trees.phy","expA1_00001_0100_088_0.01_10kbp_partitions.nex","expA1_00001_0100_088_0.01_10kbp_output_alignment"
"989",89,100,1,0.01,10000,"expA1_00001_0100_089_0.01_10kbp","JC",NA,"DNA","expA1_00001_0100_089_0.01_10kbp_random_trees.phy","expA1_00001_0100_089_0.01_10kbp_partitions.nex","expA1_00001_0100_089_0.01_10kbp_output_alignment"
"990",90,100,1,0.01,10000,"expA1_00001_0100_090_0.01_10kbp","JC",NA,"DNA","expA1_00001_0100_090_0.01_10kbp_random_trees.phy","expA1_00001_0100_090_0.01_10kbp_partitions.nex","expA1_00001_0100_090_0.01_10kbp_output_alignment"
"991",91,100,1,0.01,10000,"expA1_00001_0100_091_0.01_10kbp","JC",NA,"DNA","expA1_00001_0100_091_0.01_10kbp_random_trees.phy","expA1_00001_0100_091_0.01_10kbp_partitions.nex","expA1_00001_0100_091_0.01_10kbp_output_alignment"
"992",92,100,1,0.01,10000,"expA1_00001_0100_092_0.01_10kbp","JC",NA,"DNA","expA1_00001_0100_092_0.01_10kbp_random_trees.phy","expA1_00001_0100_092_0.01_10kbp_partitions.nex","expA1_00001_0100_092_0.01_10kbp_output_alignment"
"993",93,100,1,0.01,10000,"expA1_00001_0100_093_0.01_10kbp","JC",NA,"DNA","expA1_00001_0100_093_0.01_10kbp_random_trees.phy","expA1_00001_0100_093_0.01_10kbp_partitions.nex","expA1_00001_0100_093_0.01_10kbp_output_alignment"
"994",94,100,1,0.01,10000,"expA1_00001_0100_094_0.01_10kbp","JC",NA,"DNA","expA1_00001_0100_094_0.01_10kbp_random_trees.phy","expA1_00001_0100_094_0.01_10kbp_partitions.nex","expA1_00001_0100_094_0.01_10kbp_output_alignment"
"995",95,100,1,0.01,10000,"expA1_00001_0100_095_0.01_10kbp","JC",NA,"DNA","expA1_00001_0100_095_0.01_10kbp_random_trees.phy","expA1_00001_0100_095_0.01_10kbp_partitions.nex","expA1_00001_0100_095_0.01_10kbp_output_alignment"
"996",96,100,1,0.01,10000,"expA1_00001_0100_096_0.01_10kbp","JC",NA,"DNA","expA1_00001_0100_096_0.01_10kbp_random_trees.phy","expA1_00001_0100_096_0.01_10kbp_partitions.nex","expA1_00001_0100_096_0.01_10kbp_output_alignment"
"997",97,100,1,0.01,10000,"expA1_00001_0100_097_0.01_10kbp","JC",NA,"DNA","expA1_00001_0100_097_0.01_10kbp_random_trees.phy","expA1_00001_0100_097_0.01_10kbp_partitions.nex","expA1_00001_0100_097_0.01_10kbp_output_alignment"
"998",98,100,1,0.01,10000,"expA1_00001_0100_098_0.01_10kbp","JC",NA,"DNA","expA1_00001_0100_098_0.01_10kbp_random_trees.phy","expA1_00001_0100_098_0.01_10kbp_partitions.nex","expA1_00001_0100_098_0.01_10kbp_output_alignment"
"999",99,100,1,0.01,10000,"expA1_00001_0100_099_0.01_10kbp","JC",NA,"DNA","expA1_00001_0100_099_0.01_10kbp_random_trees.phy","expA1_00001_0100_099_0.01_10kbp_partitions.nex","expA1_00001_0100_099_0.01_10kbp_output_alignment"
"1000",100,100,1,0.01,10000,"expA1_00001_0100_100_0.01_10kbp","JC",NA,"DNA","expA1_00001_0100_100_0.01_10kbp_random_trees.phy","expA1_00001_0100_100_0.01_10kbp_partitions.nex","expA1_00001_0100_100_0.01_10kbp_output_alignment"
"1001",1,10,1,0.1,10000,"expA1_00001_0010_001_0.1_10kbp","JC",NA,"DNA","expA1_00001_0010_001_0.1_10kbp_random_trees.phy","expA1_00001_0010_001_0.1_10kbp_partitions.nex","expA1_00001_0010_001_0.1_10kbp_output_alignment"
"1002",2,10,1,0.1,10000,"expA1_00001_0010_002_0.1_10kbp","JC",NA,"DNA","expA1_00001_0010_002_0.1_10kbp_random_trees.phy","expA1_00001_0010_002_0.1_10kbp_partitions.nex","expA1_00001_0010_002_0.1_10kbp_output_alignment"
"1003",3,10,1,0.1,10000,"expA1_00001_0010_003_0.1_10kbp","JC",NA,"DNA","expA1_00001_0010_003_0.1_10kbp_random_trees.phy","expA1_00001_0010_003_0.1_10kbp_partitions.nex","expA1_00001_0010_003_0.1_10kbp_output_alignment"
"1004",4,10,1,0.1,10000,"expA1_00001_0010_004_0.1_10kbp","JC",NA,"DNA","expA1_00001_0010_004_0.1_10kbp_random_trees.phy","expA1_00001_0010_004_0.1_10kbp_partitions.nex","expA1_00001_0010_004_0.1_10kbp_output_alignment"
"1005",5,10,1,0.1,10000,"expA1_00001_0010_005_0.1_10kbp","JC",NA,"DNA","expA1_00001_0010_005_0.1_10kbp_random_trees.phy","expA1_00001_0010_005_0.1_10kbp_partitions.nex","expA1_00001_0010_005_0.1_10kbp_output_alignment"
"1006",6,10,1,0.1,10000,"expA1_00001_0010_006_0.1_10kbp","JC",NA,"DNA","expA1_00001_0010_006_0.1_10kbp_random_trees.phy","expA1_00001_0010_006_0.1_10kbp_partitions.nex","expA1_00001_0010_006_0.1_10kbp_output_alignment"
"1007",7,10,1,0.1,10000,"expA1_00001_0010_007_0.1_10kbp","JC",NA,"DNA","expA1_00001_0010_007_0.1_10kbp_random_trees.phy","expA1_00001_0010_007_0.1_10kbp_partitions.nex","expA1_00001_0010_007_0.1_10kbp_output_alignment"
"1008",8,10,1,0.1,10000,"expA1_00001_0010_008_0.1_10kbp","JC",NA,"DNA","expA1_00001_0010_008_0.1_10kbp_random_trees.phy","expA1_00001_0010_008_0.1_10kbp_partitions.nex","expA1_00001_0010_008_0.1_10kbp_output_alignment"
"1009",9,10,1,0.1,10000,"expA1_00001_0010_009_0.1_10kbp","JC",NA,"DNA","expA1_00001_0010_009_0.1_10kbp_random_trees.phy","expA1_00001_0010_009_0.1_10kbp_partitions.nex","expA1_00001_0010_009_0.1_10kbp_output_alignment"
"1010",10,10,1,0.1,10000,"expA1_00001_0010_010_0.1_10kbp","JC",NA,"DNA","expA1_00001_0010_010_0.1_10kbp_random_trees.phy","expA1_00001_0010_010_0.1_10kbp_partitions.nex","expA1_00001_0010_010_0.1_10kbp_output_alignment"
"1011",11,10,1,0.1,10000,"expA1_00001_0010_011_0.1_10kbp","JC",NA,"DNA","expA1_00001_0010_011_0.1_10kbp_random_trees.phy","expA1_00001_0010_011_0.1_10kbp_partitions.nex","expA1_00001_0010_011_0.1_10kbp_output_alignment"
"1012",12,10,1,0.1,10000,"expA1_00001_0010_012_0.1_10kbp","JC",NA,"DNA","expA1_00001_0010_012_0.1_10kbp_random_trees.phy","expA1_00001_0010_012_0.1_10kbp_partitions.nex","expA1_00001_0010_012_0.1_10kbp_output_alignment"
"1013",13,10,1,0.1,10000,"expA1_00001_0010_013_0.1_10kbp","JC",NA,"DNA","expA1_00001_0010_013_0.1_10kbp_random_trees.phy","expA1_00001_0010_013_0.1_10kbp_partitions.nex","expA1_00001_0010_013_0.1_10kbp_output_alignment"
"1014",14,10,1,0.1,10000,"expA1_00001_0010_014_0.1_10kbp","JC",NA,"DNA","expA1_00001_0010_014_0.1_10kbp_random_trees.phy","expA1_00001_0010_014_0.1_10kbp_partitions.nex","expA1_00001_0010_014_0.1_10kbp_output_alignment"
"1015",15,10,1,0.1,10000,"expA1_00001_0010_015_0.1_10kbp","JC",NA,"DNA","expA1_00001_0010_015_0.1_10kbp_random_trees.phy","expA1_00001_0010_015_0.1_10kbp_partitions.nex","expA1_00001_0010_015_0.1_10kbp_output_alignment"
"1016",16,10,1,0.1,10000,"expA1_00001_0010_016_0.1_10kbp","JC",NA,"DNA","expA1_00001_0010_016_0.1_10kbp_random_trees.phy","expA1_00001_0010_016_0.1_10kbp_partitions.nex","expA1_00001_0010_016_0.1_10kbp_output_alignment"
"1017",17,10,1,0.1,10000,"expA1_00001_0010_017_0.1_10kbp","JC",NA,"DNA","expA1_00001_0010_017_0.1_10kbp_random_trees.phy","expA1_00001_0010_017_0.1_10kbp_partitions.nex","expA1_00001_0010_017_0.1_10kbp_output_alignment"
"1018",18,10,1,0.1,10000,"expA1_00001_0010_018_0.1_10kbp","JC",NA,"DNA","expA1_00001_0010_018_0.1_10kbp_random_trees.phy","expA1_00001_0010_018_0.1_10kbp_partitions.nex","expA1_00001_0010_018_0.1_10kbp_output_alignment"
"1019",19,10,1,0.1,10000,"expA1_00001_0010_019_0.1_10kbp","JC",NA,"DNA","expA1_00001_0010_019_0.1_10kbp_random_trees.phy","expA1_00001_0010_019_0.1_10kbp_partitions.nex","expA1_00001_0010_019_0.1_10kbp_output_alignment"
"1020",20,10,1,0.1,10000,"expA1_00001_0010_020_0.1_10kbp","JC",NA,"DNA","expA1_00001_0010_020_0.1_10kbp_random_trees.phy","expA1_00001_0010_020_0.1_10kbp_partitions.nex","expA1_00001_0010_020_0.1_10kbp_output_alignment"
"1021",21,10,1,0.1,10000,"expA1_00001_0010_021_0.1_10kbp","JC",NA,"DNA","expA1_00001_0010_021_0.1_10kbp_random_trees.phy","expA1_00001_0010_021_0.1_10kbp_partitions.nex","expA1_00001_0010_021_0.1_10kbp_output_alignment"
"1022",22,10,1,0.1,10000,"expA1_00001_0010_022_0.1_10kbp","JC",NA,"DNA","expA1_00001_0010_022_0.1_10kbp_random_trees.phy","expA1_00001_0010_022_0.1_10kbp_partitions.nex","expA1_00001_0010_022_0.1_10kbp_output_alignment"
"1023",23,10,1,0.1,10000,"expA1_00001_0010_023_0.1_10kbp","JC",NA,"DNA","expA1_00001_0010_023_0.1_10kbp_random_trees.phy","expA1_00001_0010_023_0.1_10kbp_partitions.nex","expA1_00001_0010_023_0.1_10kbp_output_alignment"
"1024",24,10,1,0.1,10000,"expA1_00001_0010_024_0.1_10kbp","JC",NA,"DNA","expA1_00001_0010_024_0.1_10kbp_random_trees.phy","expA1_00001_0010_024_0.1_10kbp_partitions.nex","expA1_00001_0010_024_0.1_10kbp_output_alignment"
"1025",25,10,1,0.1,10000,"expA1_00001_0010_025_0.1_10kbp","JC",NA,"DNA","expA1_00001_0010_025_0.1_10kbp_random_trees.phy","expA1_00001_0010_025_0.1_10kbp_partitions.nex","expA1_00001_0010_025_0.1_10kbp_output_alignment"
"1026",26,10,1,0.1,10000,"expA1_00001_0010_026_0.1_10kbp","JC",NA,"DNA","expA1_00001_0010_026_0.1_10kbp_random_trees.phy","expA1_00001_0010_026_0.1_10kbp_partitions.nex","expA1_00001_0010_026_0.1_10kbp_output_alignment"
"1027",27,10,1,0.1,10000,"expA1_00001_0010_027_0.1_10kbp","JC",NA,"DNA","expA1_00001_0010_027_0.1_10kbp_random_trees.phy","expA1_00001_0010_027_0.1_10kbp_partitions.nex","expA1_00001_0010_027_0.1_10kbp_output_alignment"
"1028",28,10,1,0.1,10000,"expA1_00001_0010_028_0.1_10kbp","JC",NA,"DNA","expA1_00001_0010_028_0.1_10kbp_random_trees.phy","expA1_00001_0010_028_0.1_10kbp_partitions.nex","expA1_00001_0010_028_0.1_10kbp_output_alignment"
"1029",29,10,1,0.1,10000,"expA1_00001_0010_029_0.1_10kbp","JC",NA,"DNA","expA1_00001_0010_029_0.1_10kbp_random_trees.phy","expA1_00001_0010_029_0.1_10kbp_partitions.nex","expA1_00001_0010_029_0.1_10kbp_output_alignment"
"1030",30,10,1,0.1,10000,"expA1_00001_0010_030_0.1_10kbp","JC",NA,"DNA","expA1_00001_0010_030_0.1_10kbp_random_trees.phy","expA1_00001_0010_030_0.1_10kbp_partitions.nex","expA1_00001_0010_030_0.1_10kbp_output_alignment"
"1031",31,10,1,0.1,10000,"expA1_00001_0010_031_0.1_10kbp","JC",NA,"DNA","expA1_00001_0010_031_0.1_10kbp_random_trees.phy","expA1_00001_0010_031_0.1_10kbp_partitions.nex","expA1_00001_0010_031_0.1_10kbp_output_alignment"
"1032",32,10,1,0.1,10000,"expA1_00001_0010_032_0.1_10kbp","JC",NA,"DNA","expA1_00001_0010_032_0.1_10kbp_random_trees.phy","expA1_00001_0010_032_0.1_10kbp_partitions.nex","expA1_00001_0010_032_0.1_10kbp_output_alignment"
"1033",33,10,1,0.1,10000,"expA1_00001_0010_033_0.1_10kbp","JC",NA,"DNA","expA1_00001_0010_033_0.1_10kbp_random_trees.phy","expA1_00001_0010_033_0.1_10kbp_partitions.nex","expA1_00001_0010_033_0.1_10kbp_output_alignment"
"1034",34,10,1,0.1,10000,"expA1_00001_0010_034_0.1_10kbp","JC",NA,"DNA","expA1_00001_0010_034_0.1_10kbp_random_trees.phy","expA1_00001_0010_034_0.1_10kbp_partitions.nex","expA1_00001_0010_034_0.1_10kbp_output_alignment"
"1035",35,10,1,0.1,10000,"expA1_00001_0010_035_0.1_10kbp","JC",NA,"DNA","expA1_00001_0010_035_0.1_10kbp_random_trees.phy","expA1_00001_0010_035_0.1_10kbp_partitions.nex","expA1_00001_0010_035_0.1_10kbp_output_alignment"
"1036",36,10,1,0.1,10000,"expA1_00001_0010_036_0.1_10kbp","JC",NA,"DNA","expA1_00001_0010_036_0.1_10kbp_random_trees.phy","expA1_00001_0010_036_0.1_10kbp_partitions.nex","expA1_00001_0010_036_0.1_10kbp_output_alignment"
"1037",37,10,1,0.1,10000,"expA1_00001_0010_037_0.1_10kbp","JC",NA,"DNA","expA1_00001_0010_037_0.1_10kbp_random_trees.phy","expA1_00001_0010_037_0.1_10kbp_partitions.nex","expA1_00001_0010_037_0.1_10kbp_output_alignment"
"1038",38,10,1,0.1,10000,"expA1_00001_0010_038_0.1_10kbp","JC",NA,"DNA","expA1_00001_0010_038_0.1_10kbp_random_trees.phy","expA1_00001_0010_038_0.1_10kbp_partitions.nex","expA1_00001_0010_038_0.1_10kbp_output_alignment"
"1039",39,10,1,0.1,10000,"expA1_00001_0010_039_0.1_10kbp","JC",NA,"DNA","expA1_00001_0010_039_0.1_10kbp_random_trees.phy","expA1_00001_0010_039_0.1_10kbp_partitions.nex","expA1_00001_0010_039_0.1_10kbp_output_alignment"
"1040",40,10,1,0.1,10000,"expA1_00001_0010_040_0.1_10kbp","JC",NA,"DNA","expA1_00001_0010_040_0.1_10kbp_random_trees.phy","expA1_00001_0010_040_0.1_10kbp_partitions.nex","expA1_00001_0010_040_0.1_10kbp_output_alignment"
"1041",41,10,1,0.1,10000,"expA1_00001_0010_041_0.1_10kbp","JC",NA,"DNA","expA1_00001_0010_041_0.1_10kbp_random_trees.phy","expA1_00001_0010_041_0.1_10kbp_partitions.nex","expA1_00001_0010_041_0.1_10kbp_output_alignment"
"1042",42,10,1,0.1,10000,"expA1_00001_0010_042_0.1_10kbp","JC",NA,"DNA","expA1_00001_0010_042_0.1_10kbp_random_trees.phy","expA1_00001_0010_042_0.1_10kbp_partitions.nex","expA1_00001_0010_042_0.1_10kbp_output_alignment"
"1043",43,10,1,0.1,10000,"expA1_00001_0010_043_0.1_10kbp","JC",NA,"DNA","expA1_00001_0010_043_0.1_10kbp_random_trees.phy","expA1_00001_0010_043_0.1_10kbp_partitions.nex","expA1_00001_0010_043_0.1_10kbp_output_alignment"
"1044",44,10,1,0.1,10000,"expA1_00001_0010_044_0.1_10kbp","JC",NA,"DNA","expA1_00001_0010_044_0.1_10kbp_random_trees.phy","expA1_00001_0010_044_0.1_10kbp_partitions.nex","expA1_00001_0010_044_0.1_10kbp_output_alignment"
"1045",45,10,1,0.1,10000,"expA1_00001_0010_045_0.1_10kbp","JC",NA,"DNA","expA1_00001_0010_045_0.1_10kbp_random_trees.phy","expA1_00001_0010_045_0.1_10kbp_partitions.nex","expA1_00001_0010_045_0.1_10kbp_output_alignment"
"1046",46,10,1,0.1,10000,"expA1_00001_0010_046_0.1_10kbp","JC",NA,"DNA","expA1_00001_0010_046_0.1_10kbp_random_trees.phy","expA1_00001_0010_046_0.1_10kbp_partitions.nex","expA1_00001_0010_046_0.1_10kbp_output_alignment"
"1047",47,10,1,0.1,10000,"expA1_00001_0010_047_0.1_10kbp","JC",NA,"DNA","expA1_00001_0010_047_0.1_10kbp_random_trees.phy","expA1_00001_0010_047_0.1_10kbp_partitions.nex","expA1_00001_0010_047_0.1_10kbp_output_alignment"
"1048",48,10,1,0.1,10000,"expA1_00001_0010_048_0.1_10kbp","JC",NA,"DNA","expA1_00001_0010_048_0.1_10kbp_random_trees.phy","expA1_00001_0010_048_0.1_10kbp_partitions.nex","expA1_00001_0010_048_0.1_10kbp_output_alignment"
"1049",49,10,1,0.1,10000,"expA1_00001_0010_049_0.1_10kbp","JC",NA,"DNA","expA1_00001_0010_049_0.1_10kbp_random_trees.phy","expA1_00001_0010_049_0.1_10kbp_partitions.nex","expA1_00001_0010_049_0.1_10kbp_output_alignment"
"1050",50,10,1,0.1,10000,"expA1_00001_0010_050_0.1_10kbp","JC",NA,"DNA","expA1_00001_0010_050_0.1_10kbp_random_trees.phy","expA1_00001_0010_050_0.1_10kbp_partitions.nex","expA1_00001_0010_050_0.1_10kbp_output_alignment"
"1051",51,10,1,0.1,10000,"expA1_00001_0010_051_0.1_10kbp","JC",NA,"DNA","expA1_00001_0010_051_0.1_10kbp_random_trees.phy","expA1_00001_0010_051_0.1_10kbp_partitions.nex","expA1_00001_0010_051_0.1_10kbp_output_alignment"
"1052",52,10,1,0.1,10000,"expA1_00001_0010_052_0.1_10kbp","JC",NA,"DNA","expA1_00001_0010_052_0.1_10kbp_random_trees.phy","expA1_00001_0010_052_0.1_10kbp_partitions.nex","expA1_00001_0010_052_0.1_10kbp_output_alignment"
"1053",53,10,1,0.1,10000,"expA1_00001_0010_053_0.1_10kbp","JC",NA,"DNA","expA1_00001_0010_053_0.1_10kbp_random_trees.phy","expA1_00001_0010_053_0.1_10kbp_partitions.nex","expA1_00001_0010_053_0.1_10kbp_output_alignment"
"1054",54,10,1,0.1,10000,"expA1_00001_0010_054_0.1_10kbp","JC",NA,"DNA","expA1_00001_0010_054_0.1_10kbp_random_trees.phy","expA1_00001_0010_054_0.1_10kbp_partitions.nex","expA1_00001_0010_054_0.1_10kbp_output_alignment"
"1055",55,10,1,0.1,10000,"expA1_00001_0010_055_0.1_10kbp","JC",NA,"DNA","expA1_00001_0010_055_0.1_10kbp_random_trees.phy","expA1_00001_0010_055_0.1_10kbp_partitions.nex","expA1_00001_0010_055_0.1_10kbp_output_alignment"
"1056",56,10,1,0.1,10000,"expA1_00001_0010_056_0.1_10kbp","JC",NA,"DNA","expA1_00001_0010_056_0.1_10kbp_random_trees.phy","expA1_00001_0010_056_0.1_10kbp_partitions.nex","expA1_00001_0010_056_0.1_10kbp_output_alignment"
"1057",57,10,1,0.1,10000,"expA1_00001_0010_057_0.1_10kbp","JC",NA,"DNA","expA1_00001_0010_057_0.1_10kbp_random_trees.phy","expA1_00001_0010_057_0.1_10kbp_partitions.nex","expA1_00001_0010_057_0.1_10kbp_output_alignment"
"1058",58,10,1,0.1,10000,"expA1_00001_0010_058_0.1_10kbp","JC",NA,"DNA","expA1_00001_0010_058_0.1_10kbp_random_trees.phy","expA1_00001_0010_058_0.1_10kbp_partitions.nex","expA1_00001_0010_058_0.1_10kbp_output_alignment"
"1059",59,10,1,0.1,10000,"expA1_00001_0010_059_0.1_10kbp","JC",NA,"DNA","expA1_00001_0010_059_0.1_10kbp_random_trees.phy","expA1_00001_0010_059_0.1_10kbp_partitions.nex","expA1_00001_0010_059_0.1_10kbp_output_alignment"
"1060",60,10,1,0.1,10000,"expA1_00001_0010_060_0.1_10kbp","JC",NA,"DNA","expA1_00001_0010_060_0.1_10kbp_random_trees.phy","expA1_00001_0010_060_0.1_10kbp_partitions.nex","expA1_00001_0010_060_0.1_10kbp_output_alignment"
"1061",61,10,1,0.1,10000,"expA1_00001_0010_061_0.1_10kbp","JC",NA,"DNA","expA1_00001_0010_061_0.1_10kbp_random_trees.phy","expA1_00001_0010_061_0.1_10kbp_partitions.nex","expA1_00001_0010_061_0.1_10kbp_output_alignment"
"1062",62,10,1,0.1,10000,"expA1_00001_0010_062_0.1_10kbp","JC",NA,"DNA","expA1_00001_0010_062_0.1_10kbp_random_trees.phy","expA1_00001_0010_062_0.1_10kbp_partitions.nex","expA1_00001_0010_062_0.1_10kbp_output_alignment"
"1063",63,10,1,0.1,10000,"expA1_00001_0010_063_0.1_10kbp","JC",NA,"DNA","expA1_00001_0010_063_0.1_10kbp_random_trees.phy","expA1_00001_0010_063_0.1_10kbp_partitions.nex","expA1_00001_0010_063_0.1_10kbp_output_alignment"
"1064",64,10,1,0.1,10000,"expA1_00001_0010_064_0.1_10kbp","JC",NA,"DNA","expA1_00001_0010_064_0.1_10kbp_random_trees.phy","expA1_00001_0010_064_0.1_10kbp_partitions.nex","expA1_00001_0010_064_0.1_10kbp_output_alignment"
"1065",65,10,1,0.1,10000,"expA1_00001_0010_065_0.1_10kbp","JC",NA,"DNA","expA1_00001_0010_065_0.1_10kbp_random_trees.phy","expA1_00001_0010_065_0.1_10kbp_partitions.nex","expA1_00001_0010_065_0.1_10kbp_output_alignment"
"1066",66,10,1,0.1,10000,"expA1_00001_0010_066_0.1_10kbp","JC",NA,"DNA","expA1_00001_0010_066_0.1_10kbp_random_trees.phy","expA1_00001_0010_066_0.1_10kbp_partitions.nex","expA1_00001_0010_066_0.1_10kbp_output_alignment"
"1067",67,10,1,0.1,10000,"expA1_00001_0010_067_0.1_10kbp","JC",NA,"DNA","expA1_00001_0010_067_0.1_10kbp_random_trees.phy","expA1_00001_0010_067_0.1_10kbp_partitions.nex","expA1_00001_0010_067_0.1_10kbp_output_alignment"
"1068",68,10,1,0.1,10000,"expA1_00001_0010_068_0.1_10kbp","JC",NA,"DNA","expA1_00001_0010_068_0.1_10kbp_random_trees.phy","expA1_00001_0010_068_0.1_10kbp_partitions.nex","expA1_00001_0010_068_0.1_10kbp_output_alignment"
"1069",69,10,1,0.1,10000,"expA1_00001_0010_069_0.1_10kbp","JC",NA,"DNA","expA1_00001_0010_069_0.1_10kbp_random_trees.phy","expA1_00001_0010_069_0.1_10kbp_partitions.nex","expA1_00001_0010_069_0.1_10kbp_output_alignment"
"1070",70,10,1,0.1,10000,"expA1_00001_0010_070_0.1_10kbp","JC",NA,"DNA","expA1_00001_0010_070_0.1_10kbp_random_trees.phy","expA1_00001_0010_070_0.1_10kbp_partitions.nex","expA1_00001_0010_070_0.1_10kbp_output_alignment"
"1071",71,10,1,0.1,10000,"expA1_00001_0010_071_0.1_10kbp","JC",NA,"DNA","expA1_00001_0010_071_0.1_10kbp_random_trees.phy","expA1_00001_0010_071_0.1_10kbp_partitions.nex","expA1_00001_0010_071_0.1_10kbp_output_alignment"
"1072",72,10,1,0.1,10000,"expA1_00001_0010_072_0.1_10kbp","JC",NA,"DNA","expA1_00001_0010_072_0.1_10kbp_random_trees.phy","expA1_00001_0010_072_0.1_10kbp_partitions.nex","expA1_00001_0010_072_0.1_10kbp_output_alignment"
"1073",73,10,1,0.1,10000,"expA1_00001_0010_073_0.1_10kbp","JC",NA,"DNA","expA1_00001_0010_073_0.1_10kbp_random_trees.phy","expA1_00001_0010_073_0.1_10kbp_partitions.nex","expA1_00001_0010_073_0.1_10kbp_output_alignment"
"1074",74,10,1,0.1,10000,"expA1_00001_0010_074_0.1_10kbp","JC",NA,"DNA","expA1_00001_0010_074_0.1_10kbp_random_trees.phy","expA1_00001_0010_074_0.1_10kbp_partitions.nex","expA1_00001_0010_074_0.1_10kbp_output_alignment"
"1075",75,10,1,0.1,10000,"expA1_00001_0010_075_0.1_10kbp","JC",NA,"DNA","expA1_00001_0010_075_0.1_10kbp_random_trees.phy","expA1_00001_0010_075_0.1_10kbp_partitions.nex","expA1_00001_0010_075_0.1_10kbp_output_alignment"
"1076",76,10,1,0.1,10000,"expA1_00001_0010_076_0.1_10kbp","JC",NA,"DNA","expA1_00001_0010_076_0.1_10kbp_random_trees.phy","expA1_00001_0010_076_0.1_10kbp_partitions.nex","expA1_00001_0010_076_0.1_10kbp_output_alignment"
"1077",77,10,1,0.1,10000,"expA1_00001_0010_077_0.1_10kbp","JC",NA,"DNA","expA1_00001_0010_077_0.1_10kbp_random_trees.phy","expA1_00001_0010_077_0.1_10kbp_partitions.nex","expA1_00001_0010_077_0.1_10kbp_output_alignment"
"1078",78,10,1,0.1,10000,"expA1_00001_0010_078_0.1_10kbp","JC",NA,"DNA","expA1_00001_0010_078_0.1_10kbp_random_trees.phy","expA1_00001_0010_078_0.1_10kbp_partitions.nex","expA1_00001_0010_078_0.1_10kbp_output_alignment"
"1079",79,10,1,0.1,10000,"expA1_00001_0010_079_0.1_10kbp","JC",NA,"DNA","expA1_00001_0010_079_0.1_10kbp_random_trees.phy","expA1_00001_0010_079_0.1_10kbp_partitions.nex","expA1_00001_0010_079_0.1_10kbp_output_alignment"
"1080",80,10,1,0.1,10000,"expA1_00001_0010_080_0.1_10kbp","JC",NA,"DNA","expA1_00001_0010_080_0.1_10kbp_random_trees.phy","expA1_00001_0010_080_0.1_10kbp_partitions.nex","expA1_00001_0010_080_0.1_10kbp_output_alignment"
"1081",81,10,1,0.1,10000,"expA1_00001_0010_081_0.1_10kbp","JC",NA,"DNA","expA1_00001_0010_081_0.1_10kbp_random_trees.phy","expA1_00001_0010_081_0.1_10kbp_partitions.nex","expA1_00001_0010_081_0.1_10kbp_output_alignment"
"1082",82,10,1,0.1,10000,"expA1_00001_0010_082_0.1_10kbp","JC",NA,"DNA","expA1_00001_0010_082_0.1_10kbp_random_trees.phy","expA1_00001_0010_082_0.1_10kbp_partitions.nex","expA1_00001_0010_082_0.1_10kbp_output_alignment"
"1083",83,10,1,0.1,10000,"expA1_00001_0010_083_0.1_10kbp","JC",NA,"DNA","expA1_00001_0010_083_0.1_10kbp_random_trees.phy","expA1_00001_0010_083_0.1_10kbp_partitions.nex","expA1_00001_0010_083_0.1_10kbp_output_alignment"
"1084",84,10,1,0.1,10000,"expA1_00001_0010_084_0.1_10kbp","JC",NA,"DNA","expA1_00001_0010_084_0.1_10kbp_random_trees.phy","expA1_00001_0010_084_0.1_10kbp_partitions.nex","expA1_00001_0010_084_0.1_10kbp_output_alignment"
"1085",85,10,1,0.1,10000,"expA1_00001_0010_085_0.1_10kbp","JC",NA,"DNA","expA1_00001_0010_085_0.1_10kbp_random_trees.phy","expA1_00001_0010_085_0.1_10kbp_partitions.nex","expA1_00001_0010_085_0.1_10kbp_output_alignment"
"1086",86,10,1,0.1,10000,"expA1_00001_0010_086_0.1_10kbp","JC",NA,"DNA","expA1_00001_0010_086_0.1_10kbp_random_trees.phy","expA1_00001_0010_086_0.1_10kbp_partitions.nex","expA1_00001_0010_086_0.1_10kbp_output_alignment"
"1087",87,10,1,0.1,10000,"expA1_00001_0010_087_0.1_10kbp","JC",NA,"DNA","expA1_00001_0010_087_0.1_10kbp_random_trees.phy","expA1_00001_0010_087_0.1_10kbp_partitions.nex","expA1_00001_0010_087_0.1_10kbp_output_alignment"
"1088",88,10,1,0.1,10000,"expA1_00001_0010_088_0.1_10kbp","JC",NA,"DNA","expA1_00001_0010_088_0.1_10kbp_random_trees.phy","expA1_00001_0010_088_0.1_10kbp_partitions.nex","expA1_00001_0010_088_0.1_10kbp_output_alignment"
"1089",89,10,1,0.1,10000,"expA1_00001_0010_089_0.1_10kbp","JC",NA,"DNA","expA1_00001_0010_089_0.1_10kbp_random_trees.phy","expA1_00001_0010_089_0.1_10kbp_partitions.nex","expA1_00001_0010_089_0.1_10kbp_output_alignment"
"1090",90,10,1,0.1,10000,"expA1_00001_0010_090_0.1_10kbp","JC",NA,"DNA","expA1_00001_0010_090_0.1_10kbp_random_trees.phy","expA1_00001_0010_090_0.1_10kbp_partitions.nex","expA1_00001_0010_090_0.1_10kbp_output_alignment"
"1091",91,10,1,0.1,10000,"expA1_00001_0010_091_0.1_10kbp","JC",NA,"DNA","expA1_00001_0010_091_0.1_10kbp_random_trees.phy","expA1_00001_0010_091_0.1_10kbp_partitions.nex","expA1_00001_0010_091_0.1_10kbp_output_alignment"
"1092",92,10,1,0.1,10000,"expA1_00001_0010_092_0.1_10kbp","JC",NA,"DNA","expA1_00001_0010_092_0.1_10kbp_random_trees.phy","expA1_00001_0010_092_0.1_10kbp_partitions.nex","expA1_00001_0010_092_0.1_10kbp_output_alignment"
"1093",93,10,1,0.1,10000,"expA1_00001_0010_093_0.1_10kbp","JC",NA,"DNA","expA1_00001_0010_093_0.1_10kbp_random_trees.phy","expA1_00001_0010_093_0.1_10kbp_partitions.nex","expA1_00001_0010_093_0.1_10kbp_output_alignment"
"1094",94,10,1,0.1,10000,"expA1_00001_0010_094_0.1_10kbp","JC",NA,"DNA","expA1_00001_0010_094_0.1_10kbp_random_trees.phy","expA1_00001_0010_094_0.1_10kbp_partitions.nex","expA1_00001_0010_094_0.1_10kbp_output_alignment"
"1095",95,10,1,0.1,10000,"expA1_00001_0010_095_0.1_10kbp","JC",NA,"DNA","expA1_00001_0010_095_0.1_10kbp_random_trees.phy","expA1_00001_0010_095_0.1_10kbp_partitions.nex","expA1_00001_0010_095_0.1_10kbp_output_alignment"
"1096",96,10,1,0.1,10000,"expA1_00001_0010_096_0.1_10kbp","JC",NA,"DNA","expA1_00001_0010_096_0.1_10kbp_random_trees.phy","expA1_00001_0010_096_0.1_10kbp_partitions.nex","expA1_00001_0010_096_0.1_10kbp_output_alignment"
"1097",97,10,1,0.1,10000,"expA1_00001_0010_097_0.1_10kbp","JC",NA,"DNA","expA1_00001_0010_097_0.1_10kbp_random_trees.phy","expA1_00001_0010_097_0.1_10kbp_partitions.nex","expA1_00001_0010_097_0.1_10kbp_output_alignment"
"1098",98,10,1,0.1,10000,"expA1_00001_0010_098_0.1_10kbp","JC",NA,"DNA","expA1_00001_0010_098_0.1_10kbp_random_trees.phy","expA1_00001_0010_098_0.1_10kbp_partitions.nex","expA1_00001_0010_098_0.1_10kbp_output_alignment"
"1099",99,10,1,0.1,10000,"expA1_00001_0010_099_0.1_10kbp","JC",NA,"DNA","expA1_00001_0010_099_0.1_10kbp_random_trees.phy","expA1_00001_0010_099_0.1_10kbp_partitions.nex","expA1_00001_0010_099_0.1_10kbp_output_alignment"
"1100",100,10,1,0.1,10000,"expA1_00001_0010_100_0.1_10kbp","JC",NA,"DNA","expA1_00001_0010_100_0.1_10kbp_random_trees.phy","expA1_00001_0010_100_0.1_10kbp_partitions.nex","expA1_00001_0010_100_0.1_10kbp_output_alignment"
"1101",1,20,1,0.1,10000,"expA1_00001_0020_001_0.1_10kbp","JC",NA,"DNA","expA1_00001_0020_001_0.1_10kbp_random_trees.phy","expA1_00001_0020_001_0.1_10kbp_partitions.nex","expA1_00001_0020_001_0.1_10kbp_output_alignment"
"1102",2,20,1,0.1,10000,"expA1_00001_0020_002_0.1_10kbp","JC",NA,"DNA","expA1_00001_0020_002_0.1_10kbp_random_trees.phy","expA1_00001_0020_002_0.1_10kbp_partitions.nex","expA1_00001_0020_002_0.1_10kbp_output_alignment"
"1103",3,20,1,0.1,10000,"expA1_00001_0020_003_0.1_10kbp","JC",NA,"DNA","expA1_00001_0020_003_0.1_10kbp_random_trees.phy","expA1_00001_0020_003_0.1_10kbp_partitions.nex","expA1_00001_0020_003_0.1_10kbp_output_alignment"
"1104",4,20,1,0.1,10000,"expA1_00001_0020_004_0.1_10kbp","JC",NA,"DNA","expA1_00001_0020_004_0.1_10kbp_random_trees.phy","expA1_00001_0020_004_0.1_10kbp_partitions.nex","expA1_00001_0020_004_0.1_10kbp_output_alignment"
"1105",5,20,1,0.1,10000,"expA1_00001_0020_005_0.1_10kbp","JC",NA,"DNA","expA1_00001_0020_005_0.1_10kbp_random_trees.phy","expA1_00001_0020_005_0.1_10kbp_partitions.nex","expA1_00001_0020_005_0.1_10kbp_output_alignment"
"1106",6,20,1,0.1,10000,"expA1_00001_0020_006_0.1_10kbp","JC",NA,"DNA","expA1_00001_0020_006_0.1_10kbp_random_trees.phy","expA1_00001_0020_006_0.1_10kbp_partitions.nex","expA1_00001_0020_006_0.1_10kbp_output_alignment"
"1107",7,20,1,0.1,10000,"expA1_00001_0020_007_0.1_10kbp","JC",NA,"DNA","expA1_00001_0020_007_0.1_10kbp_random_trees.phy","expA1_00001_0020_007_0.1_10kbp_partitions.nex","expA1_00001_0020_007_0.1_10kbp_output_alignment"
"1108",8,20,1,0.1,10000,"expA1_00001_0020_008_0.1_10kbp","JC",NA,"DNA","expA1_00001_0020_008_0.1_10kbp_random_trees.phy","expA1_00001_0020_008_0.1_10kbp_partitions.nex","expA1_00001_0020_008_0.1_10kbp_output_alignment"
"1109",9,20,1,0.1,10000,"expA1_00001_0020_009_0.1_10kbp","JC",NA,"DNA","expA1_00001_0020_009_0.1_10kbp_random_trees.phy","expA1_00001_0020_009_0.1_10kbp_partitions.nex","expA1_00001_0020_009_0.1_10kbp_output_alignment"
"1110",10,20,1,0.1,10000,"expA1_00001_0020_010_0.1_10kbp","JC",NA,"DNA","expA1_00001_0020_010_0.1_10kbp_random_trees.phy","expA1_00001_0020_010_0.1_10kbp_partitions.nex","expA1_00001_0020_010_0.1_10kbp_output_alignment"
"1111",11,20,1,0.1,10000,"expA1_00001_0020_011_0.1_10kbp","JC",NA,"DNA","expA1_00001_0020_011_0.1_10kbp_random_trees.phy","expA1_00001_0020_011_0.1_10kbp_partitions.nex","expA1_00001_0020_011_0.1_10kbp_output_alignment"
"1112",12,20,1,0.1,10000,"expA1_00001_0020_012_0.1_10kbp","JC",NA,"DNA","expA1_00001_0020_012_0.1_10kbp_random_trees.phy","expA1_00001_0020_012_0.1_10kbp_partitions.nex","expA1_00001_0020_012_0.1_10kbp_output_alignment"
"1113",13,20,1,0.1,10000,"expA1_00001_0020_013_0.1_10kbp","JC",NA,"DNA","expA1_00001_0020_013_0.1_10kbp_random_trees.phy","expA1_00001_0020_013_0.1_10kbp_partitions.nex","expA1_00001_0020_013_0.1_10kbp_output_alignment"
"1114",14,20,1,0.1,10000,"expA1_00001_0020_014_0.1_10kbp","JC",NA,"DNA","expA1_00001_0020_014_0.1_10kbp_random_trees.phy","expA1_00001_0020_014_0.1_10kbp_partitions.nex","expA1_00001_0020_014_0.1_10kbp_output_alignment"
"1115",15,20,1,0.1,10000,"expA1_00001_0020_015_0.1_10kbp","JC",NA,"DNA","expA1_00001_0020_015_0.1_10kbp_random_trees.phy","expA1_00001_0020_015_0.1_10kbp_partitions.nex","expA1_00001_0020_015_0.1_10kbp_output_alignment"
"1116",16,20,1,0.1,10000,"expA1_00001_0020_016_0.1_10kbp","JC",NA,"DNA","expA1_00001_0020_016_0.1_10kbp_random_trees.phy","expA1_00001_0020_016_0.1_10kbp_partitions.nex","expA1_00001_0020_016_0.1_10kbp_output_alignment"
"1117",17,20,1,0.1,10000,"expA1_00001_0020_017_0.1_10kbp","JC",NA,"DNA","expA1_00001_0020_017_0.1_10kbp_random_trees.phy","expA1_00001_0020_017_0.1_10kbp_partitions.nex","expA1_00001_0020_017_0.1_10kbp_output_alignment"
"1118",18,20,1,0.1,10000,"expA1_00001_0020_018_0.1_10kbp","JC",NA,"DNA","expA1_00001_0020_018_0.1_10kbp_random_trees.phy","expA1_00001_0020_018_0.1_10kbp_partitions.nex","expA1_00001_0020_018_0.1_10kbp_output_alignment"
"1119",19,20,1,0.1,10000,"expA1_00001_0020_019_0.1_10kbp","JC",NA,"DNA","expA1_00001_0020_019_0.1_10kbp_random_trees.phy","expA1_00001_0020_019_0.1_10kbp_partitions.nex","expA1_00001_0020_019_0.1_10kbp_output_alignment"
"1120",20,20,1,0.1,10000,"expA1_00001_0020_020_0.1_10kbp","JC",NA,"DNA","expA1_00001_0020_020_0.1_10kbp_random_trees.phy","expA1_00001_0020_020_0.1_10kbp_partitions.nex","expA1_00001_0020_020_0.1_10kbp_output_alignment"
"1121",21,20,1,0.1,10000,"expA1_00001_0020_021_0.1_10kbp","JC",NA,"DNA","expA1_00001_0020_021_0.1_10kbp_random_trees.phy","expA1_00001_0020_021_0.1_10kbp_partitions.nex","expA1_00001_0020_021_0.1_10kbp_output_alignment"
"1122",22,20,1,0.1,10000,"expA1_00001_0020_022_0.1_10kbp","JC",NA,"DNA","expA1_00001_0020_022_0.1_10kbp_random_trees.phy","expA1_00001_0020_022_0.1_10kbp_partitions.nex","expA1_00001_0020_022_0.1_10kbp_output_alignment"
"1123",23,20,1,0.1,10000,"expA1_00001_0020_023_0.1_10kbp","JC",NA,"DNA","expA1_00001_0020_023_0.1_10kbp_random_trees.phy","expA1_00001_0020_023_0.1_10kbp_partitions.nex","expA1_00001_0020_023_0.1_10kbp_output_alignment"
"1124",24,20,1,0.1,10000,"expA1_00001_0020_024_0.1_10kbp","JC",NA,"DNA","expA1_00001_0020_024_0.1_10kbp_random_trees.phy","expA1_00001_0020_024_0.1_10kbp_partitions.nex","expA1_00001_0020_024_0.1_10kbp_output_alignment"
"1125",25,20,1,0.1,10000,"expA1_00001_0020_025_0.1_10kbp","JC",NA,"DNA","expA1_00001_0020_025_0.1_10kbp_random_trees.phy","expA1_00001_0020_025_0.1_10kbp_partitions.nex","expA1_00001_0020_025_0.1_10kbp_output_alignment"
"1126",26,20,1,0.1,10000,"expA1_00001_0020_026_0.1_10kbp","JC",NA,"DNA","expA1_00001_0020_026_0.1_10kbp_random_trees.phy","expA1_00001_0020_026_0.1_10kbp_partitions.nex","expA1_00001_0020_026_0.1_10kbp_output_alignment"
"1127",27,20,1,0.1,10000,"expA1_00001_0020_027_0.1_10kbp","JC",NA,"DNA","expA1_00001_0020_027_0.1_10kbp_random_trees.phy","expA1_00001_0020_027_0.1_10kbp_partitions.nex","expA1_00001_0020_027_0.1_10kbp_output_alignment"
"1128",28,20,1,0.1,10000,"expA1_00001_0020_028_0.1_10kbp","JC",NA,"DNA","expA1_00001_0020_028_0.1_10kbp_random_trees.phy","expA1_00001_0020_028_0.1_10kbp_partitions.nex","expA1_00001_0020_028_0.1_10kbp_output_alignment"
"1129",29,20,1,0.1,10000,"expA1_00001_0020_029_0.1_10kbp","JC",NA,"DNA","expA1_00001_0020_029_0.1_10kbp_random_trees.phy","expA1_00001_0020_029_0.1_10kbp_partitions.nex","expA1_00001_0020_029_0.1_10kbp_output_alignment"
"1130",30,20,1,0.1,10000,"expA1_00001_0020_030_0.1_10kbp","JC",NA,"DNA","expA1_00001_0020_030_0.1_10kbp_random_trees.phy","expA1_00001_0020_030_0.1_10kbp_partitions.nex","expA1_00001_0020_030_0.1_10kbp_output_alignment"
"1131",31,20,1,0.1,10000,"expA1_00001_0020_031_0.1_10kbp","JC",NA,"DNA","expA1_00001_0020_031_0.1_10kbp_random_trees.phy","expA1_00001_0020_031_0.1_10kbp_partitions.nex","expA1_00001_0020_031_0.1_10kbp_output_alignment"
"1132",32,20,1,0.1,10000,"expA1_00001_0020_032_0.1_10kbp","JC",NA,"DNA","expA1_00001_0020_032_0.1_10kbp_random_trees.phy","expA1_00001_0020_032_0.1_10kbp_partitions.nex","expA1_00001_0020_032_0.1_10kbp_output_alignment"
"1133",33,20,1,0.1,10000,"expA1_00001_0020_033_0.1_10kbp","JC",NA,"DNA","expA1_00001_0020_033_0.1_10kbp_random_trees.phy","expA1_00001_0020_033_0.1_10kbp_partitions.nex","expA1_00001_0020_033_0.1_10kbp_output_alignment"
"1134",34,20,1,0.1,10000,"expA1_00001_0020_034_0.1_10kbp","JC",NA,"DNA","expA1_00001_0020_034_0.1_10kbp_random_trees.phy","expA1_00001_0020_034_0.1_10kbp_partitions.nex","expA1_00001_0020_034_0.1_10kbp_output_alignment"
"1135",35,20,1,0.1,10000,"expA1_00001_0020_035_0.1_10kbp","JC",NA,"DNA","expA1_00001_0020_035_0.1_10kbp_random_trees.phy","expA1_00001_0020_035_0.1_10kbp_partitions.nex","expA1_00001_0020_035_0.1_10kbp_output_alignment"
"1136",36,20,1,0.1,10000,"expA1_00001_0020_036_0.1_10kbp","JC",NA,"DNA","expA1_00001_0020_036_0.1_10kbp_random_trees.phy","expA1_00001_0020_036_0.1_10kbp_partitions.nex","expA1_00001_0020_036_0.1_10kbp_output_alignment"
"1137",37,20,1,0.1,10000,"expA1_00001_0020_037_0.1_10kbp","JC",NA,"DNA","expA1_00001_0020_037_0.1_10kbp_random_trees.phy","expA1_00001_0020_037_0.1_10kbp_partitions.nex","expA1_00001_0020_037_0.1_10kbp_output_alignment"
"1138",38,20,1,0.1,10000,"expA1_00001_0020_038_0.1_10kbp","JC",NA,"DNA","expA1_00001_0020_038_0.1_10kbp_random_trees.phy","expA1_00001_0020_038_0.1_10kbp_partitions.nex","expA1_00001_0020_038_0.1_10kbp_output_alignment"
"1139",39,20,1,0.1,10000,"expA1_00001_0020_039_0.1_10kbp","JC",NA,"DNA","expA1_00001_0020_039_0.1_10kbp_random_trees.phy","expA1_00001_0020_039_0.1_10kbp_partitions.nex","expA1_00001_0020_039_0.1_10kbp_output_alignment"
"1140",40,20,1,0.1,10000,"expA1_00001_0020_040_0.1_10kbp","JC",NA,"DNA","expA1_00001_0020_040_0.1_10kbp_random_trees.phy","expA1_00001_0020_040_0.1_10kbp_partitions.nex","expA1_00001_0020_040_0.1_10kbp_output_alignment"
"1141",41,20,1,0.1,10000,"expA1_00001_0020_041_0.1_10kbp","JC",NA,"DNA","expA1_00001_0020_041_0.1_10kbp_random_trees.phy","expA1_00001_0020_041_0.1_10kbp_partitions.nex","expA1_00001_0020_041_0.1_10kbp_output_alignment"
"1142",42,20,1,0.1,10000,"expA1_00001_0020_042_0.1_10kbp","JC",NA,"DNA","expA1_00001_0020_042_0.1_10kbp_random_trees.phy","expA1_00001_0020_042_0.1_10kbp_partitions.nex","expA1_00001_0020_042_0.1_10kbp_output_alignment"
"1143",43,20,1,0.1,10000,"expA1_00001_0020_043_0.1_10kbp","JC",NA,"DNA","expA1_00001_0020_043_0.1_10kbp_random_trees.phy","expA1_00001_0020_043_0.1_10kbp_partitions.nex","expA1_00001_0020_043_0.1_10kbp_output_alignment"
"1144",44,20,1,0.1,10000,"expA1_00001_0020_044_0.1_10kbp","JC",NA,"DNA","expA1_00001_0020_044_0.1_10kbp_random_trees.phy","expA1_00001_0020_044_0.1_10kbp_partitions.nex","expA1_00001_0020_044_0.1_10kbp_output_alignment"
"1145",45,20,1,0.1,10000,"expA1_00001_0020_045_0.1_10kbp","JC",NA,"DNA","expA1_00001_0020_045_0.1_10kbp_random_trees.phy","expA1_00001_0020_045_0.1_10kbp_partitions.nex","expA1_00001_0020_045_0.1_10kbp_output_alignment"
"1146",46,20,1,0.1,10000,"expA1_00001_0020_046_0.1_10kbp","JC",NA,"DNA","expA1_00001_0020_046_0.1_10kbp_random_trees.phy","expA1_00001_0020_046_0.1_10kbp_partitions.nex","expA1_00001_0020_046_0.1_10kbp_output_alignment"
"1147",47,20,1,0.1,10000,"expA1_00001_0020_047_0.1_10kbp","JC",NA,"DNA","expA1_00001_0020_047_0.1_10kbp_random_trees.phy","expA1_00001_0020_047_0.1_10kbp_partitions.nex","expA1_00001_0020_047_0.1_10kbp_output_alignment"
"1148",48,20,1,0.1,10000,"expA1_00001_0020_048_0.1_10kbp","JC",NA,"DNA","expA1_00001_0020_048_0.1_10kbp_random_trees.phy","expA1_00001_0020_048_0.1_10kbp_partitions.nex","expA1_00001_0020_048_0.1_10kbp_output_alignment"
"1149",49,20,1,0.1,10000,"expA1_00001_0020_049_0.1_10kbp","JC",NA,"DNA","expA1_00001_0020_049_0.1_10kbp_random_trees.phy","expA1_00001_0020_049_0.1_10kbp_partitions.nex","expA1_00001_0020_049_0.1_10kbp_output_alignment"
"1150",50,20,1,0.1,10000,"expA1_00001_0020_050_0.1_10kbp","JC",NA,"DNA","expA1_00001_0020_050_0.1_10kbp_random_trees.phy","expA1_00001_0020_050_0.1_10kbp_partitions.nex","expA1_00001_0020_050_0.1_10kbp_output_alignment"
"1151",51,20,1,0.1,10000,"expA1_00001_0020_051_0.1_10kbp","JC",NA,"DNA","expA1_00001_0020_051_0.1_10kbp_random_trees.phy","expA1_00001_0020_051_0.1_10kbp_partitions.nex","expA1_00001_0020_051_0.1_10kbp_output_alignment"
"1152",52,20,1,0.1,10000,"expA1_00001_0020_052_0.1_10kbp","JC",NA,"DNA","expA1_00001_0020_052_0.1_10kbp_random_trees.phy","expA1_00001_0020_052_0.1_10kbp_partitions.nex","expA1_00001_0020_052_0.1_10kbp_output_alignment"
"1153",53,20,1,0.1,10000,"expA1_00001_0020_053_0.1_10kbp","JC",NA,"DNA","expA1_00001_0020_053_0.1_10kbp_random_trees.phy","expA1_00001_0020_053_0.1_10kbp_partitions.nex","expA1_00001_0020_053_0.1_10kbp_output_alignment"
"1154",54,20,1,0.1,10000,"expA1_00001_0020_054_0.1_10kbp","JC",NA,"DNA","expA1_00001_0020_054_0.1_10kbp_random_trees.phy","expA1_00001_0020_054_0.1_10kbp_partitions.nex","expA1_00001_0020_054_0.1_10kbp_output_alignment"
"1155",55,20,1,0.1,10000,"expA1_00001_0020_055_0.1_10kbp","JC",NA,"DNA","expA1_00001_0020_055_0.1_10kbp_random_trees.phy","expA1_00001_0020_055_0.1_10kbp_partitions.nex","expA1_00001_0020_055_0.1_10kbp_output_alignment"
"1156",56,20,1,0.1,10000,"expA1_00001_0020_056_0.1_10kbp","JC",NA,"DNA","expA1_00001_0020_056_0.1_10kbp_random_trees.phy","expA1_00001_0020_056_0.1_10kbp_partitions.nex","expA1_00001_0020_056_0.1_10kbp_output_alignment"
"1157",57,20,1,0.1,10000,"expA1_00001_0020_057_0.1_10kbp","JC",NA,"DNA","expA1_00001_0020_057_0.1_10kbp_random_trees.phy","expA1_00001_0020_057_0.1_10kbp_partitions.nex","expA1_00001_0020_057_0.1_10kbp_output_alignment"
"1158",58,20,1,0.1,10000,"expA1_00001_0020_058_0.1_10kbp","JC",NA,"DNA","expA1_00001_0020_058_0.1_10kbp_random_trees.phy","expA1_00001_0020_058_0.1_10kbp_partitions.nex","expA1_00001_0020_058_0.1_10kbp_output_alignment"
"1159",59,20,1,0.1,10000,"expA1_00001_0020_059_0.1_10kbp","JC",NA,"DNA","expA1_00001_0020_059_0.1_10kbp_random_trees.phy","expA1_00001_0020_059_0.1_10kbp_partitions.nex","expA1_00001_0020_059_0.1_10kbp_output_alignment"
"1160",60,20,1,0.1,10000,"expA1_00001_0020_060_0.1_10kbp","JC",NA,"DNA","expA1_00001_0020_060_0.1_10kbp_random_trees.phy","expA1_00001_0020_060_0.1_10kbp_partitions.nex","expA1_00001_0020_060_0.1_10kbp_output_alignment"
"1161",61,20,1,0.1,10000,"expA1_00001_0020_061_0.1_10kbp","JC",NA,"DNA","expA1_00001_0020_061_0.1_10kbp_random_trees.phy","expA1_00001_0020_061_0.1_10kbp_partitions.nex","expA1_00001_0020_061_0.1_10kbp_output_alignment"
"1162",62,20,1,0.1,10000,"expA1_00001_0020_062_0.1_10kbp","JC",NA,"DNA","expA1_00001_0020_062_0.1_10kbp_random_trees.phy","expA1_00001_0020_062_0.1_10kbp_partitions.nex","expA1_00001_0020_062_0.1_10kbp_output_alignment"
"1163",63,20,1,0.1,10000,"expA1_00001_0020_063_0.1_10kbp","JC",NA,"DNA","expA1_00001_0020_063_0.1_10kbp_random_trees.phy","expA1_00001_0020_063_0.1_10kbp_partitions.nex","expA1_00001_0020_063_0.1_10kbp_output_alignment"
"1164",64,20,1,0.1,10000,"expA1_00001_0020_064_0.1_10kbp","JC",NA,"DNA","expA1_00001_0020_064_0.1_10kbp_random_trees.phy","expA1_00001_0020_064_0.1_10kbp_partitions.nex","expA1_00001_0020_064_0.1_10kbp_output_alignment"
"1165",65,20,1,0.1,10000,"expA1_00001_0020_065_0.1_10kbp","JC",NA,"DNA","expA1_00001_0020_065_0.1_10kbp_random_trees.phy","expA1_00001_0020_065_0.1_10kbp_partitions.nex","expA1_00001_0020_065_0.1_10kbp_output_alignment"
"1166",66,20,1,0.1,10000,"expA1_00001_0020_066_0.1_10kbp","JC",NA,"DNA","expA1_00001_0020_066_0.1_10kbp_random_trees.phy","expA1_00001_0020_066_0.1_10kbp_partitions.nex","expA1_00001_0020_066_0.1_10kbp_output_alignment"
"1167",67,20,1,0.1,10000,"expA1_00001_0020_067_0.1_10kbp","JC",NA,"DNA","expA1_00001_0020_067_0.1_10kbp_random_trees.phy","expA1_00001_0020_067_0.1_10kbp_partitions.nex","expA1_00001_0020_067_0.1_10kbp_output_alignment"
"1168",68,20,1,0.1,10000,"expA1_00001_0020_068_0.1_10kbp","JC",NA,"DNA","expA1_00001_0020_068_0.1_10kbp_random_trees.phy","expA1_00001_0020_068_0.1_10kbp_partitions.nex","expA1_00001_0020_068_0.1_10kbp_output_alignment"
"1169",69,20,1,0.1,10000,"expA1_00001_0020_069_0.1_10kbp","JC",NA,"DNA","expA1_00001_0020_069_0.1_10kbp_random_trees.phy","expA1_00001_0020_069_0.1_10kbp_partitions.nex","expA1_00001_0020_069_0.1_10kbp_output_alignment"
"1170",70,20,1,0.1,10000,"expA1_00001_0020_070_0.1_10kbp","JC",NA,"DNA","expA1_00001_0020_070_0.1_10kbp_random_trees.phy","expA1_00001_0020_070_0.1_10kbp_partitions.nex","expA1_00001_0020_070_0.1_10kbp_output_alignment"
"1171",71,20,1,0.1,10000,"expA1_00001_0020_071_0.1_10kbp","JC",NA,"DNA","expA1_00001_0020_071_0.1_10kbp_random_trees.phy","expA1_00001_0020_071_0.1_10kbp_partitions.nex","expA1_00001_0020_071_0.1_10kbp_output_alignment"
"1172",72,20,1,0.1,10000,"expA1_00001_0020_072_0.1_10kbp","JC",NA,"DNA","expA1_00001_0020_072_0.1_10kbp_random_trees.phy","expA1_00001_0020_072_0.1_10kbp_partitions.nex","expA1_00001_0020_072_0.1_10kbp_output_alignment"
"1173",73,20,1,0.1,10000,"expA1_00001_0020_073_0.1_10kbp","JC",NA,"DNA","expA1_00001_0020_073_0.1_10kbp_random_trees.phy","expA1_00001_0020_073_0.1_10kbp_partitions.nex","expA1_00001_0020_073_0.1_10kbp_output_alignment"
"1174",74,20,1,0.1,10000,"expA1_00001_0020_074_0.1_10kbp","JC",NA,"DNA","expA1_00001_0020_074_0.1_10kbp_random_trees.phy","expA1_00001_0020_074_0.1_10kbp_partitions.nex","expA1_00001_0020_074_0.1_10kbp_output_alignment"
"1175",75,20,1,0.1,10000,"expA1_00001_0020_075_0.1_10kbp","JC",NA,"DNA","expA1_00001_0020_075_0.1_10kbp_random_trees.phy","expA1_00001_0020_075_0.1_10kbp_partitions.nex","expA1_00001_0020_075_0.1_10kbp_output_alignment"
"1176",76,20,1,0.1,10000,"expA1_00001_0020_076_0.1_10kbp","JC",NA,"DNA","expA1_00001_0020_076_0.1_10kbp_random_trees.phy","expA1_00001_0020_076_0.1_10kbp_partitions.nex","expA1_00001_0020_076_0.1_10kbp_output_alignment"
"1177",77,20,1,0.1,10000,"expA1_00001_0020_077_0.1_10kbp","JC",NA,"DNA","expA1_00001_0020_077_0.1_10kbp_random_trees.phy","expA1_00001_0020_077_0.1_10kbp_partitions.nex","expA1_00001_0020_077_0.1_10kbp_output_alignment"
"1178",78,20,1,0.1,10000,"expA1_00001_0020_078_0.1_10kbp","JC",NA,"DNA","expA1_00001_0020_078_0.1_10kbp_random_trees.phy","expA1_00001_0020_078_0.1_10kbp_partitions.nex","expA1_00001_0020_078_0.1_10kbp_output_alignment"
"1179",79,20,1,0.1,10000,"expA1_00001_0020_079_0.1_10kbp","JC",NA,"DNA","expA1_00001_0020_079_0.1_10kbp_random_trees.phy","expA1_00001_0020_079_0.1_10kbp_partitions.nex","expA1_00001_0020_079_0.1_10kbp_output_alignment"
"1180",80,20,1,0.1,10000,"expA1_00001_0020_080_0.1_10kbp","JC",NA,"DNA","expA1_00001_0020_080_0.1_10kbp_random_trees.phy","expA1_00001_0020_080_0.1_10kbp_partitions.nex","expA1_00001_0020_080_0.1_10kbp_output_alignment"
"1181",81,20,1,0.1,10000,"expA1_00001_0020_081_0.1_10kbp","JC",NA,"DNA","expA1_00001_0020_081_0.1_10kbp_random_trees.phy","expA1_00001_0020_081_0.1_10kbp_partitions.nex","expA1_00001_0020_081_0.1_10kbp_output_alignment"
"1182",82,20,1,0.1,10000,"expA1_00001_0020_082_0.1_10kbp","JC",NA,"DNA","expA1_00001_0020_082_0.1_10kbp_random_trees.phy","expA1_00001_0020_082_0.1_10kbp_partitions.nex","expA1_00001_0020_082_0.1_10kbp_output_alignment"
"1183",83,20,1,0.1,10000,"expA1_00001_0020_083_0.1_10kbp","JC",NA,"DNA","expA1_00001_0020_083_0.1_10kbp_random_trees.phy","expA1_00001_0020_083_0.1_10kbp_partitions.nex","expA1_00001_0020_083_0.1_10kbp_output_alignment"
"1184",84,20,1,0.1,10000,"expA1_00001_0020_084_0.1_10kbp","JC",NA,"DNA","expA1_00001_0020_084_0.1_10kbp_random_trees.phy","expA1_00001_0020_084_0.1_10kbp_partitions.nex","expA1_00001_0020_084_0.1_10kbp_output_alignment"
"1185",85,20,1,0.1,10000,"expA1_00001_0020_085_0.1_10kbp","JC",NA,"DNA","expA1_00001_0020_085_0.1_10kbp_random_trees.phy","expA1_00001_0020_085_0.1_10kbp_partitions.nex","expA1_00001_0020_085_0.1_10kbp_output_alignment"
"1186",86,20,1,0.1,10000,"expA1_00001_0020_086_0.1_10kbp","JC",NA,"DNA","expA1_00001_0020_086_0.1_10kbp_random_trees.phy","expA1_00001_0020_086_0.1_10kbp_partitions.nex","expA1_00001_0020_086_0.1_10kbp_output_alignment"
"1187",87,20,1,0.1,10000,"expA1_00001_0020_087_0.1_10kbp","JC",NA,"DNA","expA1_00001_0020_087_0.1_10kbp_random_trees.phy","expA1_00001_0020_087_0.1_10kbp_partitions.nex","expA1_00001_0020_087_0.1_10kbp_output_alignment"
"1188",88,20,1,0.1,10000,"expA1_00001_0020_088_0.1_10kbp","JC",NA,"DNA","expA1_00001_0020_088_0.1_10kbp_random_trees.phy","expA1_00001_0020_088_0.1_10kbp_partitions.nex","expA1_00001_0020_088_0.1_10kbp_output_alignment"
"1189",89,20,1,0.1,10000,"expA1_00001_0020_089_0.1_10kbp","JC",NA,"DNA","expA1_00001_0020_089_0.1_10kbp_random_trees.phy","expA1_00001_0020_089_0.1_10kbp_partitions.nex","expA1_00001_0020_089_0.1_10kbp_output_alignment"
"1190",90,20,1,0.1,10000,"expA1_00001_0020_090_0.1_10kbp","JC",NA,"DNA","expA1_00001_0020_090_0.1_10kbp_random_trees.phy","expA1_00001_0020_090_0.1_10kbp_partitions.nex","expA1_00001_0020_090_0.1_10kbp_output_alignment"
"1191",91,20,1,0.1,10000,"expA1_00001_0020_091_0.1_10kbp","JC",NA,"DNA","expA1_00001_0020_091_0.1_10kbp_random_trees.phy","expA1_00001_0020_091_0.1_10kbp_partitions.nex","expA1_00001_0020_091_0.1_10kbp_output_alignment"
"1192",92,20,1,0.1,10000,"expA1_00001_0020_092_0.1_10kbp","JC",NA,"DNA","expA1_00001_0020_092_0.1_10kbp_random_trees.phy","expA1_00001_0020_092_0.1_10kbp_partitions.nex","expA1_00001_0020_092_0.1_10kbp_output_alignment"
"1193",93,20,1,0.1,10000,"expA1_00001_0020_093_0.1_10kbp","JC",NA,"DNA","expA1_00001_0020_093_0.1_10kbp_random_trees.phy","expA1_00001_0020_093_0.1_10kbp_partitions.nex","expA1_00001_0020_093_0.1_10kbp_output_alignment"
"1194",94,20,1,0.1,10000,"expA1_00001_0020_094_0.1_10kbp","JC",NA,"DNA","expA1_00001_0020_094_0.1_10kbp_random_trees.phy","expA1_00001_0020_094_0.1_10kbp_partitions.nex","expA1_00001_0020_094_0.1_10kbp_output_alignment"
"1195",95,20,1,0.1,10000,"expA1_00001_0020_095_0.1_10kbp","JC",NA,"DNA","expA1_00001_0020_095_0.1_10kbp_random_trees.phy","expA1_00001_0020_095_0.1_10kbp_partitions.nex","expA1_00001_0020_095_0.1_10kbp_output_alignment"
"1196",96,20,1,0.1,10000,"expA1_00001_0020_096_0.1_10kbp","JC",NA,"DNA","expA1_00001_0020_096_0.1_10kbp_random_trees.phy","expA1_00001_0020_096_0.1_10kbp_partitions.nex","expA1_00001_0020_096_0.1_10kbp_output_alignment"
"1197",97,20,1,0.1,10000,"expA1_00001_0020_097_0.1_10kbp","JC",NA,"DNA","expA1_00001_0020_097_0.1_10kbp_random_trees.phy","expA1_00001_0020_097_0.1_10kbp_partitions.nex","expA1_00001_0020_097_0.1_10kbp_output_alignment"
"1198",98,20,1,0.1,10000,"expA1_00001_0020_098_0.1_10kbp","JC",NA,"DNA","expA1_00001_0020_098_0.1_10kbp_random_trees.phy","expA1_00001_0020_098_0.1_10kbp_partitions.nex","expA1_00001_0020_098_0.1_10kbp_output_alignment"
"1199",99,20,1,0.1,10000,"expA1_00001_0020_099_0.1_10kbp","JC",NA,"DNA","expA1_00001_0020_099_0.1_10kbp_random_trees.phy","expA1_00001_0020_099_0.1_10kbp_partitions.nex","expA1_00001_0020_099_0.1_10kbp_output_alignment"
"1200",100,20,1,0.1,10000,"expA1_00001_0020_100_0.1_10kbp","JC",NA,"DNA","expA1_00001_0020_100_0.1_10kbp_random_trees.phy","expA1_00001_0020_100_0.1_10kbp_partitions.nex","expA1_00001_0020_100_0.1_10kbp_output_alignment"
"1201",1,30,1,0.1,10000,"expA1_00001_0030_001_0.1_10kbp","JC",NA,"DNA","expA1_00001_0030_001_0.1_10kbp_random_trees.phy","expA1_00001_0030_001_0.1_10kbp_partitions.nex","expA1_00001_0030_001_0.1_10kbp_output_alignment"
"1202",2,30,1,0.1,10000,"expA1_00001_0030_002_0.1_10kbp","JC",NA,"DNA","expA1_00001_0030_002_0.1_10kbp_random_trees.phy","expA1_00001_0030_002_0.1_10kbp_partitions.nex","expA1_00001_0030_002_0.1_10kbp_output_alignment"
"1203",3,30,1,0.1,10000,"expA1_00001_0030_003_0.1_10kbp","JC",NA,"DNA","expA1_00001_0030_003_0.1_10kbp_random_trees.phy","expA1_00001_0030_003_0.1_10kbp_partitions.nex","expA1_00001_0030_003_0.1_10kbp_output_alignment"
"1204",4,30,1,0.1,10000,"expA1_00001_0030_004_0.1_10kbp","JC",NA,"DNA","expA1_00001_0030_004_0.1_10kbp_random_trees.phy","expA1_00001_0030_004_0.1_10kbp_partitions.nex","expA1_00001_0030_004_0.1_10kbp_output_alignment"
"1205",5,30,1,0.1,10000,"expA1_00001_0030_005_0.1_10kbp","JC",NA,"DNA","expA1_00001_0030_005_0.1_10kbp_random_trees.phy","expA1_00001_0030_005_0.1_10kbp_partitions.nex","expA1_00001_0030_005_0.1_10kbp_output_alignment"
"1206",6,30,1,0.1,10000,"expA1_00001_0030_006_0.1_10kbp","JC",NA,"DNA","expA1_00001_0030_006_0.1_10kbp_random_trees.phy","expA1_00001_0030_006_0.1_10kbp_partitions.nex","expA1_00001_0030_006_0.1_10kbp_output_alignment"
"1207",7,30,1,0.1,10000,"expA1_00001_0030_007_0.1_10kbp","JC",NA,"DNA","expA1_00001_0030_007_0.1_10kbp_random_trees.phy","expA1_00001_0030_007_0.1_10kbp_partitions.nex","expA1_00001_0030_007_0.1_10kbp_output_alignment"
"1208",8,30,1,0.1,10000,"expA1_00001_0030_008_0.1_10kbp","JC",NA,"DNA","expA1_00001_0030_008_0.1_10kbp_random_trees.phy","expA1_00001_0030_008_0.1_10kbp_partitions.nex","expA1_00001_0030_008_0.1_10kbp_output_alignment"
"1209",9,30,1,0.1,10000,"expA1_00001_0030_009_0.1_10kbp","JC",NA,"DNA","expA1_00001_0030_009_0.1_10kbp_random_trees.phy","expA1_00001_0030_009_0.1_10kbp_partitions.nex","expA1_00001_0030_009_0.1_10kbp_output_alignment"
"1210",10,30,1,0.1,10000,"expA1_00001_0030_010_0.1_10kbp","JC",NA,"DNA","expA1_00001_0030_010_0.1_10kbp_random_trees.phy","expA1_00001_0030_010_0.1_10kbp_partitions.nex","expA1_00001_0030_010_0.1_10kbp_output_alignment"
"1211",11,30,1,0.1,10000,"expA1_00001_0030_011_0.1_10kbp","JC",NA,"DNA","expA1_00001_0030_011_0.1_10kbp_random_trees.phy","expA1_00001_0030_011_0.1_10kbp_partitions.nex","expA1_00001_0030_011_0.1_10kbp_output_alignment"
"1212",12,30,1,0.1,10000,"expA1_00001_0030_012_0.1_10kbp","JC",NA,"DNA","expA1_00001_0030_012_0.1_10kbp_random_trees.phy","expA1_00001_0030_012_0.1_10kbp_partitions.nex","expA1_00001_0030_012_0.1_10kbp_output_alignment"
"1213",13,30,1,0.1,10000,"expA1_00001_0030_013_0.1_10kbp","JC",NA,"DNA","expA1_00001_0030_013_0.1_10kbp_random_trees.phy","expA1_00001_0030_013_0.1_10kbp_partitions.nex","expA1_00001_0030_013_0.1_10kbp_output_alignment"
"1214",14,30,1,0.1,10000,"expA1_00001_0030_014_0.1_10kbp","JC",NA,"DNA","expA1_00001_0030_014_0.1_10kbp_random_trees.phy","expA1_00001_0030_014_0.1_10kbp_partitions.nex","expA1_00001_0030_014_0.1_10kbp_output_alignment"
"1215",15,30,1,0.1,10000,"expA1_00001_0030_015_0.1_10kbp","JC",NA,"DNA","expA1_00001_0030_015_0.1_10kbp_random_trees.phy","expA1_00001_0030_015_0.1_10kbp_partitions.nex","expA1_00001_0030_015_0.1_10kbp_output_alignment"
"1216",16,30,1,0.1,10000,"expA1_00001_0030_016_0.1_10kbp","JC",NA,"DNA","expA1_00001_0030_016_0.1_10kbp_random_trees.phy","expA1_00001_0030_016_0.1_10kbp_partitions.nex","expA1_00001_0030_016_0.1_10kbp_output_alignment"
"1217",17,30,1,0.1,10000,"expA1_00001_0030_017_0.1_10kbp","JC",NA,"DNA","expA1_00001_0030_017_0.1_10kbp_random_trees.phy","expA1_00001_0030_017_0.1_10kbp_partitions.nex","expA1_00001_0030_017_0.1_10kbp_output_alignment"
"1218",18,30,1,0.1,10000,"expA1_00001_0030_018_0.1_10kbp","JC",NA,"DNA","expA1_00001_0030_018_0.1_10kbp_random_trees.phy","expA1_00001_0030_018_0.1_10kbp_partitions.nex","expA1_00001_0030_018_0.1_10kbp_output_alignment"
"1219",19,30,1,0.1,10000,"expA1_00001_0030_019_0.1_10kbp","JC",NA,"DNA","expA1_00001_0030_019_0.1_10kbp_random_trees.phy","expA1_00001_0030_019_0.1_10kbp_partitions.nex","expA1_00001_0030_019_0.1_10kbp_output_alignment"
"1220",20,30,1,0.1,10000,"expA1_00001_0030_020_0.1_10kbp","JC",NA,"DNA","expA1_00001_0030_020_0.1_10kbp_random_trees.phy","expA1_00001_0030_020_0.1_10kbp_partitions.nex","expA1_00001_0030_020_0.1_10kbp_output_alignment"
"1221",21,30,1,0.1,10000,"expA1_00001_0030_021_0.1_10kbp","JC",NA,"DNA","expA1_00001_0030_021_0.1_10kbp_random_trees.phy","expA1_00001_0030_021_0.1_10kbp_partitions.nex","expA1_00001_0030_021_0.1_10kbp_output_alignment"
"1222",22,30,1,0.1,10000,"expA1_00001_0030_022_0.1_10kbp","JC",NA,"DNA","expA1_00001_0030_022_0.1_10kbp_random_trees.phy","expA1_00001_0030_022_0.1_10kbp_partitions.nex","expA1_00001_0030_022_0.1_10kbp_output_alignment"
"1223",23,30,1,0.1,10000,"expA1_00001_0030_023_0.1_10kbp","JC",NA,"DNA","expA1_00001_0030_023_0.1_10kbp_random_trees.phy","expA1_00001_0030_023_0.1_10kbp_partitions.nex","expA1_00001_0030_023_0.1_10kbp_output_alignment"
"1224",24,30,1,0.1,10000,"expA1_00001_0030_024_0.1_10kbp","JC",NA,"DNA","expA1_00001_0030_024_0.1_10kbp_random_trees.phy","expA1_00001_0030_024_0.1_10kbp_partitions.nex","expA1_00001_0030_024_0.1_10kbp_output_alignment"
"1225",25,30,1,0.1,10000,"expA1_00001_0030_025_0.1_10kbp","JC",NA,"DNA","expA1_00001_0030_025_0.1_10kbp_random_trees.phy","expA1_00001_0030_025_0.1_10kbp_partitions.nex","expA1_00001_0030_025_0.1_10kbp_output_alignment"
"1226",26,30,1,0.1,10000,"expA1_00001_0030_026_0.1_10kbp","JC",NA,"DNA","expA1_00001_0030_026_0.1_10kbp_random_trees.phy","expA1_00001_0030_026_0.1_10kbp_partitions.nex","expA1_00001_0030_026_0.1_10kbp_output_alignment"
"1227",27,30,1,0.1,10000,"expA1_00001_0030_027_0.1_10kbp","JC",NA,"DNA","expA1_00001_0030_027_0.1_10kbp_random_trees.phy","expA1_00001_0030_027_0.1_10kbp_partitions.nex","expA1_00001_0030_027_0.1_10kbp_output_alignment"
"1228",28,30,1,0.1,10000,"expA1_00001_0030_028_0.1_10kbp","JC",NA,"DNA","expA1_00001_0030_028_0.1_10kbp_random_trees.phy","expA1_00001_0030_028_0.1_10kbp_partitions.nex","expA1_00001_0030_028_0.1_10kbp_output_alignment"
"1229",29,30,1,0.1,10000,"expA1_00001_0030_029_0.1_10kbp","JC",NA,"DNA","expA1_00001_0030_029_0.1_10kbp_random_trees.phy","expA1_00001_0030_029_0.1_10kbp_partitions.nex","expA1_00001_0030_029_0.1_10kbp_output_alignment"
"1230",30,30,1,0.1,10000,"expA1_00001_0030_030_0.1_10kbp","JC",NA,"DNA","expA1_00001_0030_030_0.1_10kbp_random_trees.phy","expA1_00001_0030_030_0.1_10kbp_partitions.nex","expA1_00001_0030_030_0.1_10kbp_output_alignment"
"1231",31,30,1,0.1,10000,"expA1_00001_0030_031_0.1_10kbp","JC",NA,"DNA","expA1_00001_0030_031_0.1_10kbp_random_trees.phy","expA1_00001_0030_031_0.1_10kbp_partitions.nex","expA1_00001_0030_031_0.1_10kbp_output_alignment"
"1232",32,30,1,0.1,10000,"expA1_00001_0030_032_0.1_10kbp","JC",NA,"DNA","expA1_00001_0030_032_0.1_10kbp_random_trees.phy","expA1_00001_0030_032_0.1_10kbp_partitions.nex","expA1_00001_0030_032_0.1_10kbp_output_alignment"
"1233",33,30,1,0.1,10000,"expA1_00001_0030_033_0.1_10kbp","JC",NA,"DNA","expA1_00001_0030_033_0.1_10kbp_random_trees.phy","expA1_00001_0030_033_0.1_10kbp_partitions.nex","expA1_00001_0030_033_0.1_10kbp_output_alignment"
"1234",34,30,1,0.1,10000,"expA1_00001_0030_034_0.1_10kbp","JC",NA,"DNA","expA1_00001_0030_034_0.1_10kbp_random_trees.phy","expA1_00001_0030_034_0.1_10kbp_partitions.nex","expA1_00001_0030_034_0.1_10kbp_output_alignment"
"1235",35,30,1,0.1,10000,"expA1_00001_0030_035_0.1_10kbp","JC",NA,"DNA","expA1_00001_0030_035_0.1_10kbp_random_trees.phy","expA1_00001_0030_035_0.1_10kbp_partitions.nex","expA1_00001_0030_035_0.1_10kbp_output_alignment"
"1236",36,30,1,0.1,10000,"expA1_00001_0030_036_0.1_10kbp","JC",NA,"DNA","expA1_00001_0030_036_0.1_10kbp_random_trees.phy","expA1_00001_0030_036_0.1_10kbp_partitions.nex","expA1_00001_0030_036_0.1_10kbp_output_alignment"
"1237",37,30,1,0.1,10000,"expA1_00001_0030_037_0.1_10kbp","JC",NA,"DNA","expA1_00001_0030_037_0.1_10kbp_random_trees.phy","expA1_00001_0030_037_0.1_10kbp_partitions.nex","expA1_00001_0030_037_0.1_10kbp_output_alignment"
"1238",38,30,1,0.1,10000,"expA1_00001_0030_038_0.1_10kbp","JC",NA,"DNA","expA1_00001_0030_038_0.1_10kbp_random_trees.phy","expA1_00001_0030_038_0.1_10kbp_partitions.nex","expA1_00001_0030_038_0.1_10kbp_output_alignment"
"1239",39,30,1,0.1,10000,"expA1_00001_0030_039_0.1_10kbp","JC",NA,"DNA","expA1_00001_0030_039_0.1_10kbp_random_trees.phy","expA1_00001_0030_039_0.1_10kbp_partitions.nex","expA1_00001_0030_039_0.1_10kbp_output_alignment"
"1240",40,30,1,0.1,10000,"expA1_00001_0030_040_0.1_10kbp","JC",NA,"DNA","expA1_00001_0030_040_0.1_10kbp_random_trees.phy","expA1_00001_0030_040_0.1_10kbp_partitions.nex","expA1_00001_0030_040_0.1_10kbp_output_alignment"
"1241",41,30,1,0.1,10000,"expA1_00001_0030_041_0.1_10kbp","JC",NA,"DNA","expA1_00001_0030_041_0.1_10kbp_random_trees.phy","expA1_00001_0030_041_0.1_10kbp_partitions.nex","expA1_00001_0030_041_0.1_10kbp_output_alignment"
"1242",42,30,1,0.1,10000,"expA1_00001_0030_042_0.1_10kbp","JC",NA,"DNA","expA1_00001_0030_042_0.1_10kbp_random_trees.phy","expA1_00001_0030_042_0.1_10kbp_partitions.nex","expA1_00001_0030_042_0.1_10kbp_output_alignment"
"1243",43,30,1,0.1,10000,"expA1_00001_0030_043_0.1_10kbp","JC",NA,"DNA","expA1_00001_0030_043_0.1_10kbp_random_trees.phy","expA1_00001_0030_043_0.1_10kbp_partitions.nex","expA1_00001_0030_043_0.1_10kbp_output_alignment"
"1244",44,30,1,0.1,10000,"expA1_00001_0030_044_0.1_10kbp","JC",NA,"DNA","expA1_00001_0030_044_0.1_10kbp_random_trees.phy","expA1_00001_0030_044_0.1_10kbp_partitions.nex","expA1_00001_0030_044_0.1_10kbp_output_alignment"
"1245",45,30,1,0.1,10000,"expA1_00001_0030_045_0.1_10kbp","JC",NA,"DNA","expA1_00001_0030_045_0.1_10kbp_random_trees.phy","expA1_00001_0030_045_0.1_10kbp_partitions.nex","expA1_00001_0030_045_0.1_10kbp_output_alignment"
"1246",46,30,1,0.1,10000,"expA1_00001_0030_046_0.1_10kbp","JC",NA,"DNA","expA1_00001_0030_046_0.1_10kbp_random_trees.phy","expA1_00001_0030_046_0.1_10kbp_partitions.nex","expA1_00001_0030_046_0.1_10kbp_output_alignment"
"1247",47,30,1,0.1,10000,"expA1_00001_0030_047_0.1_10kbp","JC",NA,"DNA","expA1_00001_0030_047_0.1_10kbp_random_trees.phy","expA1_00001_0030_047_0.1_10kbp_partitions.nex","expA1_00001_0030_047_0.1_10kbp_output_alignment"
"1248",48,30,1,0.1,10000,"expA1_00001_0030_048_0.1_10kbp","JC",NA,"DNA","expA1_00001_0030_048_0.1_10kbp_random_trees.phy","expA1_00001_0030_048_0.1_10kbp_partitions.nex","expA1_00001_0030_048_0.1_10kbp_output_alignment"
"1249",49,30,1,0.1,10000,"expA1_00001_0030_049_0.1_10kbp","JC",NA,"DNA","expA1_00001_0030_049_0.1_10kbp_random_trees.phy","expA1_00001_0030_049_0.1_10kbp_partitions.nex","expA1_00001_0030_049_0.1_10kbp_output_alignment"
"1250",50,30,1,0.1,10000,"expA1_00001_0030_050_0.1_10kbp","JC",NA,"DNA","expA1_00001_0030_050_0.1_10kbp_random_trees.phy","expA1_00001_0030_050_0.1_10kbp_partitions.nex","expA1_00001_0030_050_0.1_10kbp_output_alignment"
"1251",51,30,1,0.1,10000,"expA1_00001_0030_051_0.1_10kbp","JC",NA,"DNA","expA1_00001_0030_051_0.1_10kbp_random_trees.phy","expA1_00001_0030_051_0.1_10kbp_partitions.nex","expA1_00001_0030_051_0.1_10kbp_output_alignment"
"1252",52,30,1,0.1,10000,"expA1_00001_0030_052_0.1_10kbp","JC",NA,"DNA","expA1_00001_0030_052_0.1_10kbp_random_trees.phy","expA1_00001_0030_052_0.1_10kbp_partitions.nex","expA1_00001_0030_052_0.1_10kbp_output_alignment"
"1253",53,30,1,0.1,10000,"expA1_00001_0030_053_0.1_10kbp","JC",NA,"DNA","expA1_00001_0030_053_0.1_10kbp_random_trees.phy","expA1_00001_0030_053_0.1_10kbp_partitions.nex","expA1_00001_0030_053_0.1_10kbp_output_alignment"
"1254",54,30,1,0.1,10000,"expA1_00001_0030_054_0.1_10kbp","JC",NA,"DNA","expA1_00001_0030_054_0.1_10kbp_random_trees.phy","expA1_00001_0030_054_0.1_10kbp_partitions.nex","expA1_00001_0030_054_0.1_10kbp_output_alignment"
"1255",55,30,1,0.1,10000,"expA1_00001_0030_055_0.1_10kbp","JC",NA,"DNA","expA1_00001_0030_055_0.1_10kbp_random_trees.phy","expA1_00001_0030_055_0.1_10kbp_partitions.nex","expA1_00001_0030_055_0.1_10kbp_output_alignment"
"1256",56,30,1,0.1,10000,"expA1_00001_0030_056_0.1_10kbp","JC",NA,"DNA","expA1_00001_0030_056_0.1_10kbp_random_trees.phy","expA1_00001_0030_056_0.1_10kbp_partitions.nex","expA1_00001_0030_056_0.1_10kbp_output_alignment"
"1257",57,30,1,0.1,10000,"expA1_00001_0030_057_0.1_10kbp","JC",NA,"DNA","expA1_00001_0030_057_0.1_10kbp_random_trees.phy","expA1_00001_0030_057_0.1_10kbp_partitions.nex","expA1_00001_0030_057_0.1_10kbp_output_alignment"
"1258",58,30,1,0.1,10000,"expA1_00001_0030_058_0.1_10kbp","JC",NA,"DNA","expA1_00001_0030_058_0.1_10kbp_random_trees.phy","expA1_00001_0030_058_0.1_10kbp_partitions.nex","expA1_00001_0030_058_0.1_10kbp_output_alignment"
"1259",59,30,1,0.1,10000,"expA1_00001_0030_059_0.1_10kbp","JC",NA,"DNA","expA1_00001_0030_059_0.1_10kbp_random_trees.phy","expA1_00001_0030_059_0.1_10kbp_partitions.nex","expA1_00001_0030_059_0.1_10kbp_output_alignment"
"1260",60,30,1,0.1,10000,"expA1_00001_0030_060_0.1_10kbp","JC",NA,"DNA","expA1_00001_0030_060_0.1_10kbp_random_trees.phy","expA1_00001_0030_060_0.1_10kbp_partitions.nex","expA1_00001_0030_060_0.1_10kbp_output_alignment"
"1261",61,30,1,0.1,10000,"expA1_00001_0030_061_0.1_10kbp","JC",NA,"DNA","expA1_00001_0030_061_0.1_10kbp_random_trees.phy","expA1_00001_0030_061_0.1_10kbp_partitions.nex","expA1_00001_0030_061_0.1_10kbp_output_alignment"
"1262",62,30,1,0.1,10000,"expA1_00001_0030_062_0.1_10kbp","JC",NA,"DNA","expA1_00001_0030_062_0.1_10kbp_random_trees.phy","expA1_00001_0030_062_0.1_10kbp_partitions.nex","expA1_00001_0030_062_0.1_10kbp_output_alignment"
"1263",63,30,1,0.1,10000,"expA1_00001_0030_063_0.1_10kbp","JC",NA,"DNA","expA1_00001_0030_063_0.1_10kbp_random_trees.phy","expA1_00001_0030_063_0.1_10kbp_partitions.nex","expA1_00001_0030_063_0.1_10kbp_output_alignment"
"1264",64,30,1,0.1,10000,"expA1_00001_0030_064_0.1_10kbp","JC",NA,"DNA","expA1_00001_0030_064_0.1_10kbp_random_trees.phy","expA1_00001_0030_064_0.1_10kbp_partitions.nex","expA1_00001_0030_064_0.1_10kbp_output_alignment"
"1265",65,30,1,0.1,10000,"expA1_00001_0030_065_0.1_10kbp","JC",NA,"DNA","expA1_00001_0030_065_0.1_10kbp_random_trees.phy","expA1_00001_0030_065_0.1_10kbp_partitions.nex","expA1_00001_0030_065_0.1_10kbp_output_alignment"
"1266",66,30,1,0.1,10000,"expA1_00001_0030_066_0.1_10kbp","JC",NA,"DNA","expA1_00001_0030_066_0.1_10kbp_random_trees.phy","expA1_00001_0030_066_0.1_10kbp_partitions.nex","expA1_00001_0030_066_0.1_10kbp_output_alignment"
"1267",67,30,1,0.1,10000,"expA1_00001_0030_067_0.1_10kbp","JC",NA,"DNA","expA1_00001_0030_067_0.1_10kbp_random_trees.phy","expA1_00001_0030_067_0.1_10kbp_partitions.nex","expA1_00001_0030_067_0.1_10kbp_output_alignment"
"1268",68,30,1,0.1,10000,"expA1_00001_0030_068_0.1_10kbp","JC",NA,"DNA","expA1_00001_0030_068_0.1_10kbp_random_trees.phy","expA1_00001_0030_068_0.1_10kbp_partitions.nex","expA1_00001_0030_068_0.1_10kbp_output_alignment"
"1269",69,30,1,0.1,10000,"expA1_00001_0030_069_0.1_10kbp","JC",NA,"DNA","expA1_00001_0030_069_0.1_10kbp_random_trees.phy","expA1_00001_0030_069_0.1_10kbp_partitions.nex","expA1_00001_0030_069_0.1_10kbp_output_alignment"
"1270",70,30,1,0.1,10000,"expA1_00001_0030_070_0.1_10kbp","JC",NA,"DNA","expA1_00001_0030_070_0.1_10kbp_random_trees.phy","expA1_00001_0030_070_0.1_10kbp_partitions.nex","expA1_00001_0030_070_0.1_10kbp_output_alignment"
"1271",71,30,1,0.1,10000,"expA1_00001_0030_071_0.1_10kbp","JC",NA,"DNA","expA1_00001_0030_071_0.1_10kbp_random_trees.phy","expA1_00001_0030_071_0.1_10kbp_partitions.nex","expA1_00001_0030_071_0.1_10kbp_output_alignment"
"1272",72,30,1,0.1,10000,"expA1_00001_0030_072_0.1_10kbp","JC",NA,"DNA","expA1_00001_0030_072_0.1_10kbp_random_trees.phy","expA1_00001_0030_072_0.1_10kbp_partitions.nex","expA1_00001_0030_072_0.1_10kbp_output_alignment"
"1273",73,30,1,0.1,10000,"expA1_00001_0030_073_0.1_10kbp","JC",NA,"DNA","expA1_00001_0030_073_0.1_10kbp_random_trees.phy","expA1_00001_0030_073_0.1_10kbp_partitions.nex","expA1_00001_0030_073_0.1_10kbp_output_alignment"
"1274",74,30,1,0.1,10000,"expA1_00001_0030_074_0.1_10kbp","JC",NA,"DNA","expA1_00001_0030_074_0.1_10kbp_random_trees.phy","expA1_00001_0030_074_0.1_10kbp_partitions.nex","expA1_00001_0030_074_0.1_10kbp_output_alignment"
"1275",75,30,1,0.1,10000,"expA1_00001_0030_075_0.1_10kbp","JC",NA,"DNA","expA1_00001_0030_075_0.1_10kbp_random_trees.phy","expA1_00001_0030_075_0.1_10kbp_partitions.nex","expA1_00001_0030_075_0.1_10kbp_output_alignment"
"1276",76,30,1,0.1,10000,"expA1_00001_0030_076_0.1_10kbp","JC",NA,"DNA","expA1_00001_0030_076_0.1_10kbp_random_trees.phy","expA1_00001_0030_076_0.1_10kbp_partitions.nex","expA1_00001_0030_076_0.1_10kbp_output_alignment"
"1277",77,30,1,0.1,10000,"expA1_00001_0030_077_0.1_10kbp","JC",NA,"DNA","expA1_00001_0030_077_0.1_10kbp_random_trees.phy","expA1_00001_0030_077_0.1_10kbp_partitions.nex","expA1_00001_0030_077_0.1_10kbp_output_alignment"
"1278",78,30,1,0.1,10000,"expA1_00001_0030_078_0.1_10kbp","JC",NA,"DNA","expA1_00001_0030_078_0.1_10kbp_random_trees.phy","expA1_00001_0030_078_0.1_10kbp_partitions.nex","expA1_00001_0030_078_0.1_10kbp_output_alignment"
"1279",79,30,1,0.1,10000,"expA1_00001_0030_079_0.1_10kbp","JC",NA,"DNA","expA1_00001_0030_079_0.1_10kbp_random_trees.phy","expA1_00001_0030_079_0.1_10kbp_partitions.nex","expA1_00001_0030_079_0.1_10kbp_output_alignment"
"1280",80,30,1,0.1,10000,"expA1_00001_0030_080_0.1_10kbp","JC",NA,"DNA","expA1_00001_0030_080_0.1_10kbp_random_trees.phy","expA1_00001_0030_080_0.1_10kbp_partitions.nex","expA1_00001_0030_080_0.1_10kbp_output_alignment"
"1281",81,30,1,0.1,10000,"expA1_00001_0030_081_0.1_10kbp","JC",NA,"DNA","expA1_00001_0030_081_0.1_10kbp_random_trees.phy","expA1_00001_0030_081_0.1_10kbp_partitions.nex","expA1_00001_0030_081_0.1_10kbp_output_alignment"
"1282",82,30,1,0.1,10000,"expA1_00001_0030_082_0.1_10kbp","JC",NA,"DNA","expA1_00001_0030_082_0.1_10kbp_random_trees.phy","expA1_00001_0030_082_0.1_10kbp_partitions.nex","expA1_00001_0030_082_0.1_10kbp_output_alignment"
"1283",83,30,1,0.1,10000,"expA1_00001_0030_083_0.1_10kbp","JC",NA,"DNA","expA1_00001_0030_083_0.1_10kbp_random_trees.phy","expA1_00001_0030_083_0.1_10kbp_partitions.nex","expA1_00001_0030_083_0.1_10kbp_output_alignment"
"1284",84,30,1,0.1,10000,"expA1_00001_0030_084_0.1_10kbp","JC",NA,"DNA","expA1_00001_0030_084_0.1_10kbp_random_trees.phy","expA1_00001_0030_084_0.1_10kbp_partitions.nex","expA1_00001_0030_084_0.1_10kbp_output_alignment"
"1285",85,30,1,0.1,10000,"expA1_00001_0030_085_0.1_10kbp","JC",NA,"DNA","expA1_00001_0030_085_0.1_10kbp_random_trees.phy","expA1_00001_0030_085_0.1_10kbp_partitions.nex","expA1_00001_0030_085_0.1_10kbp_output_alignment"
"1286",86,30,1,0.1,10000,"expA1_00001_0030_086_0.1_10kbp","JC",NA,"DNA","expA1_00001_0030_086_0.1_10kbp_random_trees.phy","expA1_00001_0030_086_0.1_10kbp_partitions.nex","expA1_00001_0030_086_0.1_10kbp_output_alignment"
"1287",87,30,1,0.1,10000,"expA1_00001_0030_087_0.1_10kbp","JC",NA,"DNA","expA1_00001_0030_087_0.1_10kbp_random_trees.phy","expA1_00001_0030_087_0.1_10kbp_partitions.nex","expA1_00001_0030_087_0.1_10kbp_output_alignment"
"1288",88,30,1,0.1,10000,"expA1_00001_0030_088_0.1_10kbp","JC",NA,"DNA","expA1_00001_0030_088_0.1_10kbp_random_trees.phy","expA1_00001_0030_088_0.1_10kbp_partitions.nex","expA1_00001_0030_088_0.1_10kbp_output_alignment"
"1289",89,30,1,0.1,10000,"expA1_00001_0030_089_0.1_10kbp","JC",NA,"DNA","expA1_00001_0030_089_0.1_10kbp_random_trees.phy","expA1_00001_0030_089_0.1_10kbp_partitions.nex","expA1_00001_0030_089_0.1_10kbp_output_alignment"
"1290",90,30,1,0.1,10000,"expA1_00001_0030_090_0.1_10kbp","JC",NA,"DNA","expA1_00001_0030_090_0.1_10kbp_random_trees.phy","expA1_00001_0030_090_0.1_10kbp_partitions.nex","expA1_00001_0030_090_0.1_10kbp_output_alignment"
"1291",91,30,1,0.1,10000,"expA1_00001_0030_091_0.1_10kbp","JC",NA,"DNA","expA1_00001_0030_091_0.1_10kbp_random_trees.phy","expA1_00001_0030_091_0.1_10kbp_partitions.nex","expA1_00001_0030_091_0.1_10kbp_output_alignment"
"1292",92,30,1,0.1,10000,"expA1_00001_0030_092_0.1_10kbp","JC",NA,"DNA","expA1_00001_0030_092_0.1_10kbp_random_trees.phy","expA1_00001_0030_092_0.1_10kbp_partitions.nex","expA1_00001_0030_092_0.1_10kbp_output_alignment"
"1293",93,30,1,0.1,10000,"expA1_00001_0030_093_0.1_10kbp","JC",NA,"DNA","expA1_00001_0030_093_0.1_10kbp_random_trees.phy","expA1_00001_0030_093_0.1_10kbp_partitions.nex","expA1_00001_0030_093_0.1_10kbp_output_alignment"
"1294",94,30,1,0.1,10000,"expA1_00001_0030_094_0.1_10kbp","JC",NA,"DNA","expA1_00001_0030_094_0.1_10kbp_random_trees.phy","expA1_00001_0030_094_0.1_10kbp_partitions.nex","expA1_00001_0030_094_0.1_10kbp_output_alignment"
"1295",95,30,1,0.1,10000,"expA1_00001_0030_095_0.1_10kbp","JC",NA,"DNA","expA1_00001_0030_095_0.1_10kbp_random_trees.phy","expA1_00001_0030_095_0.1_10kbp_partitions.nex","expA1_00001_0030_095_0.1_10kbp_output_alignment"
"1296",96,30,1,0.1,10000,"expA1_00001_0030_096_0.1_10kbp","JC",NA,"DNA","expA1_00001_0030_096_0.1_10kbp_random_trees.phy","expA1_00001_0030_096_0.1_10kbp_partitions.nex","expA1_00001_0030_096_0.1_10kbp_output_alignment"
"1297",97,30,1,0.1,10000,"expA1_00001_0030_097_0.1_10kbp","JC",NA,"DNA","expA1_00001_0030_097_0.1_10kbp_random_trees.phy","expA1_00001_0030_097_0.1_10kbp_partitions.nex","expA1_00001_0030_097_0.1_10kbp_output_alignment"
"1298",98,30,1,0.1,10000,"expA1_00001_0030_098_0.1_10kbp","JC",NA,"DNA","expA1_00001_0030_098_0.1_10kbp_random_trees.phy","expA1_00001_0030_098_0.1_10kbp_partitions.nex","expA1_00001_0030_098_0.1_10kbp_output_alignment"
"1299",99,30,1,0.1,10000,"expA1_00001_0030_099_0.1_10kbp","JC",NA,"DNA","expA1_00001_0030_099_0.1_10kbp_random_trees.phy","expA1_00001_0030_099_0.1_10kbp_partitions.nex","expA1_00001_0030_099_0.1_10kbp_output_alignment"
"1300",100,30,1,0.1,10000,"expA1_00001_0030_100_0.1_10kbp","JC",NA,"DNA","expA1_00001_0030_100_0.1_10kbp_random_trees.phy","expA1_00001_0030_100_0.1_10kbp_partitions.nex","expA1_00001_0030_100_0.1_10kbp_output_alignment"
"1301",1,40,1,0.1,10000,"expA1_00001_0040_001_0.1_10kbp","JC",NA,"DNA","expA1_00001_0040_001_0.1_10kbp_random_trees.phy","expA1_00001_0040_001_0.1_10kbp_partitions.nex","expA1_00001_0040_001_0.1_10kbp_output_alignment"
"1302",2,40,1,0.1,10000,"expA1_00001_0040_002_0.1_10kbp","JC",NA,"DNA","expA1_00001_0040_002_0.1_10kbp_random_trees.phy","expA1_00001_0040_002_0.1_10kbp_partitions.nex","expA1_00001_0040_002_0.1_10kbp_output_alignment"
"1303",3,40,1,0.1,10000,"expA1_00001_0040_003_0.1_10kbp","JC",NA,"DNA","expA1_00001_0040_003_0.1_10kbp_random_trees.phy","expA1_00001_0040_003_0.1_10kbp_partitions.nex","expA1_00001_0040_003_0.1_10kbp_output_alignment"
"1304",4,40,1,0.1,10000,"expA1_00001_0040_004_0.1_10kbp","JC",NA,"DNA","expA1_00001_0040_004_0.1_10kbp_random_trees.phy","expA1_00001_0040_004_0.1_10kbp_partitions.nex","expA1_00001_0040_004_0.1_10kbp_output_alignment"
"1305",5,40,1,0.1,10000,"expA1_00001_0040_005_0.1_10kbp","JC",NA,"DNA","expA1_00001_0040_005_0.1_10kbp_random_trees.phy","expA1_00001_0040_005_0.1_10kbp_partitions.nex","expA1_00001_0040_005_0.1_10kbp_output_alignment"
"1306",6,40,1,0.1,10000,"expA1_00001_0040_006_0.1_10kbp","JC",NA,"DNA","expA1_00001_0040_006_0.1_10kbp_random_trees.phy","expA1_00001_0040_006_0.1_10kbp_partitions.nex","expA1_00001_0040_006_0.1_10kbp_output_alignment"
"1307",7,40,1,0.1,10000,"expA1_00001_0040_007_0.1_10kbp","JC",NA,"DNA","expA1_00001_0040_007_0.1_10kbp_random_trees.phy","expA1_00001_0040_007_0.1_10kbp_partitions.nex","expA1_00001_0040_007_0.1_10kbp_output_alignment"
"1308",8,40,1,0.1,10000,"expA1_00001_0040_008_0.1_10kbp","JC",NA,"DNA","expA1_00001_0040_008_0.1_10kbp_random_trees.phy","expA1_00001_0040_008_0.1_10kbp_partitions.nex","expA1_00001_0040_008_0.1_10kbp_output_alignment"
"1309",9,40,1,0.1,10000,"expA1_00001_0040_009_0.1_10kbp","JC",NA,"DNA","expA1_00001_0040_009_0.1_10kbp_random_trees.phy","expA1_00001_0040_009_0.1_10kbp_partitions.nex","expA1_00001_0040_009_0.1_10kbp_output_alignment"
"1310",10,40,1,0.1,10000,"expA1_00001_0040_010_0.1_10kbp","JC",NA,"DNA","expA1_00001_0040_010_0.1_10kbp_random_trees.phy","expA1_00001_0040_010_0.1_10kbp_partitions.nex","expA1_00001_0040_010_0.1_10kbp_output_alignment"
"1311",11,40,1,0.1,10000,"expA1_00001_0040_011_0.1_10kbp","JC",NA,"DNA","expA1_00001_0040_011_0.1_10kbp_random_trees.phy","expA1_00001_0040_011_0.1_10kbp_partitions.nex","expA1_00001_0040_011_0.1_10kbp_output_alignment"
"1312",12,40,1,0.1,10000,"expA1_00001_0040_012_0.1_10kbp","JC",NA,"DNA","expA1_00001_0040_012_0.1_10kbp_random_trees.phy","expA1_00001_0040_012_0.1_10kbp_partitions.nex","expA1_00001_0040_012_0.1_10kbp_output_alignment"
"1313",13,40,1,0.1,10000,"expA1_00001_0040_013_0.1_10kbp","JC",NA,"DNA","expA1_00001_0040_013_0.1_10kbp_random_trees.phy","expA1_00001_0040_013_0.1_10kbp_partitions.nex","expA1_00001_0040_013_0.1_10kbp_output_alignment"
"1314",14,40,1,0.1,10000,"expA1_00001_0040_014_0.1_10kbp","JC",NA,"DNA","expA1_00001_0040_014_0.1_10kbp_random_trees.phy","expA1_00001_0040_014_0.1_10kbp_partitions.nex","expA1_00001_0040_014_0.1_10kbp_output_alignment"
"1315",15,40,1,0.1,10000,"expA1_00001_0040_015_0.1_10kbp","JC",NA,"DNA","expA1_00001_0040_015_0.1_10kbp_random_trees.phy","expA1_00001_0040_015_0.1_10kbp_partitions.nex","expA1_00001_0040_015_0.1_10kbp_output_alignment"
"1316",16,40,1,0.1,10000,"expA1_00001_0040_016_0.1_10kbp","JC",NA,"DNA","expA1_00001_0040_016_0.1_10kbp_random_trees.phy","expA1_00001_0040_016_0.1_10kbp_partitions.nex","expA1_00001_0040_016_0.1_10kbp_output_alignment"
"1317",17,40,1,0.1,10000,"expA1_00001_0040_017_0.1_10kbp","JC",NA,"DNA","expA1_00001_0040_017_0.1_10kbp_random_trees.phy","expA1_00001_0040_017_0.1_10kbp_partitions.nex","expA1_00001_0040_017_0.1_10kbp_output_alignment"
"1318",18,40,1,0.1,10000,"expA1_00001_0040_018_0.1_10kbp","JC",NA,"DNA","expA1_00001_0040_018_0.1_10kbp_random_trees.phy","expA1_00001_0040_018_0.1_10kbp_partitions.nex","expA1_00001_0040_018_0.1_10kbp_output_alignment"
"1319",19,40,1,0.1,10000,"expA1_00001_0040_019_0.1_10kbp","JC",NA,"DNA","expA1_00001_0040_019_0.1_10kbp_random_trees.phy","expA1_00001_0040_019_0.1_10kbp_partitions.nex","expA1_00001_0040_019_0.1_10kbp_output_alignment"
"1320",20,40,1,0.1,10000,"expA1_00001_0040_020_0.1_10kbp","JC",NA,"DNA","expA1_00001_0040_020_0.1_10kbp_random_trees.phy","expA1_00001_0040_020_0.1_10kbp_partitions.nex","expA1_00001_0040_020_0.1_10kbp_output_alignment"
"1321",21,40,1,0.1,10000,"expA1_00001_0040_021_0.1_10kbp","JC",NA,"DNA","expA1_00001_0040_021_0.1_10kbp_random_trees.phy","expA1_00001_0040_021_0.1_10kbp_partitions.nex","expA1_00001_0040_021_0.1_10kbp_output_alignment"
"1322",22,40,1,0.1,10000,"expA1_00001_0040_022_0.1_10kbp","JC",NA,"DNA","expA1_00001_0040_022_0.1_10kbp_random_trees.phy","expA1_00001_0040_022_0.1_10kbp_partitions.nex","expA1_00001_0040_022_0.1_10kbp_output_alignment"
"1323",23,40,1,0.1,10000,"expA1_00001_0040_023_0.1_10kbp","JC",NA,"DNA","expA1_00001_0040_023_0.1_10kbp_random_trees.phy","expA1_00001_0040_023_0.1_10kbp_partitions.nex","expA1_00001_0040_023_0.1_10kbp_output_alignment"
"1324",24,40,1,0.1,10000,"expA1_00001_0040_024_0.1_10kbp","JC",NA,"DNA","expA1_00001_0040_024_0.1_10kbp_random_trees.phy","expA1_00001_0040_024_0.1_10kbp_partitions.nex","expA1_00001_0040_024_0.1_10kbp_output_alignment"
"1325",25,40,1,0.1,10000,"expA1_00001_0040_025_0.1_10kbp","JC",NA,"DNA","expA1_00001_0040_025_0.1_10kbp_random_trees.phy","expA1_00001_0040_025_0.1_10kbp_partitions.nex","expA1_00001_0040_025_0.1_10kbp_output_alignment"
"1326",26,40,1,0.1,10000,"expA1_00001_0040_026_0.1_10kbp","JC",NA,"DNA","expA1_00001_0040_026_0.1_10kbp_random_trees.phy","expA1_00001_0040_026_0.1_10kbp_partitions.nex","expA1_00001_0040_026_0.1_10kbp_output_alignment"
"1327",27,40,1,0.1,10000,"expA1_00001_0040_027_0.1_10kbp","JC",NA,"DNA","expA1_00001_0040_027_0.1_10kbp_random_trees.phy","expA1_00001_0040_027_0.1_10kbp_partitions.nex","expA1_00001_0040_027_0.1_10kbp_output_alignment"
"1328",28,40,1,0.1,10000,"expA1_00001_0040_028_0.1_10kbp","JC",NA,"DNA","expA1_00001_0040_028_0.1_10kbp_random_trees.phy","expA1_00001_0040_028_0.1_10kbp_partitions.nex","expA1_00001_0040_028_0.1_10kbp_output_alignment"
"1329",29,40,1,0.1,10000,"expA1_00001_0040_029_0.1_10kbp","JC",NA,"DNA","expA1_00001_0040_029_0.1_10kbp_random_trees.phy","expA1_00001_0040_029_0.1_10kbp_partitions.nex","expA1_00001_0040_029_0.1_10kbp_output_alignment"
"1330",30,40,1,0.1,10000,"expA1_00001_0040_030_0.1_10kbp","JC",NA,"DNA","expA1_00001_0040_030_0.1_10kbp_random_trees.phy","expA1_00001_0040_030_0.1_10kbp_partitions.nex","expA1_00001_0040_030_0.1_10kbp_output_alignment"
"1331",31,40,1,0.1,10000,"expA1_00001_0040_031_0.1_10kbp","JC",NA,"DNA","expA1_00001_0040_031_0.1_10kbp_random_trees.phy","expA1_00001_0040_031_0.1_10kbp_partitions.nex","expA1_00001_0040_031_0.1_10kbp_output_alignment"
"1332",32,40,1,0.1,10000,"expA1_00001_0040_032_0.1_10kbp","JC",NA,"DNA","expA1_00001_0040_032_0.1_10kbp_random_trees.phy","expA1_00001_0040_032_0.1_10kbp_partitions.nex","expA1_00001_0040_032_0.1_10kbp_output_alignment"
"1333",33,40,1,0.1,10000,"expA1_00001_0040_033_0.1_10kbp","JC",NA,"DNA","expA1_00001_0040_033_0.1_10kbp_random_trees.phy","expA1_00001_0040_033_0.1_10kbp_partitions.nex","expA1_00001_0040_033_0.1_10kbp_output_alignment"
"1334",34,40,1,0.1,10000,"expA1_00001_0040_034_0.1_10kbp","JC",NA,"DNA","expA1_00001_0040_034_0.1_10kbp_random_trees.phy","expA1_00001_0040_034_0.1_10kbp_partitions.nex","expA1_00001_0040_034_0.1_10kbp_output_alignment"
"1335",35,40,1,0.1,10000,"expA1_00001_0040_035_0.1_10kbp","JC",NA,"DNA","expA1_00001_0040_035_0.1_10kbp_random_trees.phy","expA1_00001_0040_035_0.1_10kbp_partitions.nex","expA1_00001_0040_035_0.1_10kbp_output_alignment"
"1336",36,40,1,0.1,10000,"expA1_00001_0040_036_0.1_10kbp","JC",NA,"DNA","expA1_00001_0040_036_0.1_10kbp_random_trees.phy","expA1_00001_0040_036_0.1_10kbp_partitions.nex","expA1_00001_0040_036_0.1_10kbp_output_alignment"
"1337",37,40,1,0.1,10000,"expA1_00001_0040_037_0.1_10kbp","JC",NA,"DNA","expA1_00001_0040_037_0.1_10kbp_random_trees.phy","expA1_00001_0040_037_0.1_10kbp_partitions.nex","expA1_00001_0040_037_0.1_10kbp_output_alignment"
"1338",38,40,1,0.1,10000,"expA1_00001_0040_038_0.1_10kbp","JC",NA,"DNA","expA1_00001_0040_038_0.1_10kbp_random_trees.phy","expA1_00001_0040_038_0.1_10kbp_partitions.nex","expA1_00001_0040_038_0.1_10kbp_output_alignment"
"1339",39,40,1,0.1,10000,"expA1_00001_0040_039_0.1_10kbp","JC",NA,"DNA","expA1_00001_0040_039_0.1_10kbp_random_trees.phy","expA1_00001_0040_039_0.1_10kbp_partitions.nex","expA1_00001_0040_039_0.1_10kbp_output_alignment"
"1340",40,40,1,0.1,10000,"expA1_00001_0040_040_0.1_10kbp","JC",NA,"DNA","expA1_00001_0040_040_0.1_10kbp_random_trees.phy","expA1_00001_0040_040_0.1_10kbp_partitions.nex","expA1_00001_0040_040_0.1_10kbp_output_alignment"
"1341",41,40,1,0.1,10000,"expA1_00001_0040_041_0.1_10kbp","JC",NA,"DNA","expA1_00001_0040_041_0.1_10kbp_random_trees.phy","expA1_00001_0040_041_0.1_10kbp_partitions.nex","expA1_00001_0040_041_0.1_10kbp_output_alignment"
"1342",42,40,1,0.1,10000,"expA1_00001_0040_042_0.1_10kbp","JC",NA,"DNA","expA1_00001_0040_042_0.1_10kbp_random_trees.phy","expA1_00001_0040_042_0.1_10kbp_partitions.nex","expA1_00001_0040_042_0.1_10kbp_output_alignment"
"1343",43,40,1,0.1,10000,"expA1_00001_0040_043_0.1_10kbp","JC",NA,"DNA","expA1_00001_0040_043_0.1_10kbp_random_trees.phy","expA1_00001_0040_043_0.1_10kbp_partitions.nex","expA1_00001_0040_043_0.1_10kbp_output_alignment"
"1344",44,40,1,0.1,10000,"expA1_00001_0040_044_0.1_10kbp","JC",NA,"DNA","expA1_00001_0040_044_0.1_10kbp_random_trees.phy","expA1_00001_0040_044_0.1_10kbp_partitions.nex","expA1_00001_0040_044_0.1_10kbp_output_alignment"
"1345",45,40,1,0.1,10000,"expA1_00001_0040_045_0.1_10kbp","JC",NA,"DNA","expA1_00001_0040_045_0.1_10kbp_random_trees.phy","expA1_00001_0040_045_0.1_10kbp_partitions.nex","expA1_00001_0040_045_0.1_10kbp_output_alignment"
"1346",46,40,1,0.1,10000,"expA1_00001_0040_046_0.1_10kbp","JC",NA,"DNA","expA1_00001_0040_046_0.1_10kbp_random_trees.phy","expA1_00001_0040_046_0.1_10kbp_partitions.nex","expA1_00001_0040_046_0.1_10kbp_output_alignment"
"1347",47,40,1,0.1,10000,"expA1_00001_0040_047_0.1_10kbp","JC",NA,"DNA","expA1_00001_0040_047_0.1_10kbp_random_trees.phy","expA1_00001_0040_047_0.1_10kbp_partitions.nex","expA1_00001_0040_047_0.1_10kbp_output_alignment"
"1348",48,40,1,0.1,10000,"expA1_00001_0040_048_0.1_10kbp","JC",NA,"DNA","expA1_00001_0040_048_0.1_10kbp_random_trees.phy","expA1_00001_0040_048_0.1_10kbp_partitions.nex","expA1_00001_0040_048_0.1_10kbp_output_alignment"
"1349",49,40,1,0.1,10000,"expA1_00001_0040_049_0.1_10kbp","JC",NA,"DNA","expA1_00001_0040_049_0.1_10kbp_random_trees.phy","expA1_00001_0040_049_0.1_10kbp_partitions.nex","expA1_00001_0040_049_0.1_10kbp_output_alignment"
"1350",50,40,1,0.1,10000,"expA1_00001_0040_050_0.1_10kbp","JC",NA,"DNA","expA1_00001_0040_050_0.1_10kbp_random_trees.phy","expA1_00001_0040_050_0.1_10kbp_partitions.nex","expA1_00001_0040_050_0.1_10kbp_output_alignment"
"1351",51,40,1,0.1,10000,"expA1_00001_0040_051_0.1_10kbp","JC",NA,"DNA","expA1_00001_0040_051_0.1_10kbp_random_trees.phy","expA1_00001_0040_051_0.1_10kbp_partitions.nex","expA1_00001_0040_051_0.1_10kbp_output_alignment"
"1352",52,40,1,0.1,10000,"expA1_00001_0040_052_0.1_10kbp","JC",NA,"DNA","expA1_00001_0040_052_0.1_10kbp_random_trees.phy","expA1_00001_0040_052_0.1_10kbp_partitions.nex","expA1_00001_0040_052_0.1_10kbp_output_alignment"
"1353",53,40,1,0.1,10000,"expA1_00001_0040_053_0.1_10kbp","JC",NA,"DNA","expA1_00001_0040_053_0.1_10kbp_random_trees.phy","expA1_00001_0040_053_0.1_10kbp_partitions.nex","expA1_00001_0040_053_0.1_10kbp_output_alignment"
"1354",54,40,1,0.1,10000,"expA1_00001_0040_054_0.1_10kbp","JC",NA,"DNA","expA1_00001_0040_054_0.1_10kbp_random_trees.phy","expA1_00001_0040_054_0.1_10kbp_partitions.nex","expA1_00001_0040_054_0.1_10kbp_output_alignment"
"1355",55,40,1,0.1,10000,"expA1_00001_0040_055_0.1_10kbp","JC",NA,"DNA","expA1_00001_0040_055_0.1_10kbp_random_trees.phy","expA1_00001_0040_055_0.1_10kbp_partitions.nex","expA1_00001_0040_055_0.1_10kbp_output_alignment"
"1356",56,40,1,0.1,10000,"expA1_00001_0040_056_0.1_10kbp","JC",NA,"DNA","expA1_00001_0040_056_0.1_10kbp_random_trees.phy","expA1_00001_0040_056_0.1_10kbp_partitions.nex","expA1_00001_0040_056_0.1_10kbp_output_alignment"
"1357",57,40,1,0.1,10000,"expA1_00001_0040_057_0.1_10kbp","JC",NA,"DNA","expA1_00001_0040_057_0.1_10kbp_random_trees.phy","expA1_00001_0040_057_0.1_10kbp_partitions.nex","expA1_00001_0040_057_0.1_10kbp_output_alignment"
"1358",58,40,1,0.1,10000,"expA1_00001_0040_058_0.1_10kbp","JC",NA,"DNA","expA1_00001_0040_058_0.1_10kbp_random_trees.phy","expA1_00001_0040_058_0.1_10kbp_partitions.nex","expA1_00001_0040_058_0.1_10kbp_output_alignment"
"1359",59,40,1,0.1,10000,"expA1_00001_0040_059_0.1_10kbp","JC",NA,"DNA","expA1_00001_0040_059_0.1_10kbp_random_trees.phy","expA1_00001_0040_059_0.1_10kbp_partitions.nex","expA1_00001_0040_059_0.1_10kbp_output_alignment"
"1360",60,40,1,0.1,10000,"expA1_00001_0040_060_0.1_10kbp","JC",NA,"DNA","expA1_00001_0040_060_0.1_10kbp_random_trees.phy","expA1_00001_0040_060_0.1_10kbp_partitions.nex","expA1_00001_0040_060_0.1_10kbp_output_alignment"
"1361",61,40,1,0.1,10000,"expA1_00001_0040_061_0.1_10kbp","JC",NA,"DNA","expA1_00001_0040_061_0.1_10kbp_random_trees.phy","expA1_00001_0040_061_0.1_10kbp_partitions.nex","expA1_00001_0040_061_0.1_10kbp_output_alignment"
"1362",62,40,1,0.1,10000,"expA1_00001_0040_062_0.1_10kbp","JC",NA,"DNA","expA1_00001_0040_062_0.1_10kbp_random_trees.phy","expA1_00001_0040_062_0.1_10kbp_partitions.nex","expA1_00001_0040_062_0.1_10kbp_output_alignment"
"1363",63,40,1,0.1,10000,"expA1_00001_0040_063_0.1_10kbp","JC",NA,"DNA","expA1_00001_0040_063_0.1_10kbp_random_trees.phy","expA1_00001_0040_063_0.1_10kbp_partitions.nex","expA1_00001_0040_063_0.1_10kbp_output_alignment"
"1364",64,40,1,0.1,10000,"expA1_00001_0040_064_0.1_10kbp","JC",NA,"DNA","expA1_00001_0040_064_0.1_10kbp_random_trees.phy","expA1_00001_0040_064_0.1_10kbp_partitions.nex","expA1_00001_0040_064_0.1_10kbp_output_alignment"
"1365",65,40,1,0.1,10000,"expA1_00001_0040_065_0.1_10kbp","JC",NA,"DNA","expA1_00001_0040_065_0.1_10kbp_random_trees.phy","expA1_00001_0040_065_0.1_10kbp_partitions.nex","expA1_00001_0040_065_0.1_10kbp_output_alignment"
"1366",66,40,1,0.1,10000,"expA1_00001_0040_066_0.1_10kbp","JC",NA,"DNA","expA1_00001_0040_066_0.1_10kbp_random_trees.phy","expA1_00001_0040_066_0.1_10kbp_partitions.nex","expA1_00001_0040_066_0.1_10kbp_output_alignment"
"1367",67,40,1,0.1,10000,"expA1_00001_0040_067_0.1_10kbp","JC",NA,"DNA","expA1_00001_0040_067_0.1_10kbp_random_trees.phy","expA1_00001_0040_067_0.1_10kbp_partitions.nex","expA1_00001_0040_067_0.1_10kbp_output_alignment"
"1368",68,40,1,0.1,10000,"expA1_00001_0040_068_0.1_10kbp","JC",NA,"DNA","expA1_00001_0040_068_0.1_10kbp_random_trees.phy","expA1_00001_0040_068_0.1_10kbp_partitions.nex","expA1_00001_0040_068_0.1_10kbp_output_alignment"
"1369",69,40,1,0.1,10000,"expA1_00001_0040_069_0.1_10kbp","JC",NA,"DNA","expA1_00001_0040_069_0.1_10kbp_random_trees.phy","expA1_00001_0040_069_0.1_10kbp_partitions.nex","expA1_00001_0040_069_0.1_10kbp_output_alignment"
"1370",70,40,1,0.1,10000,"expA1_00001_0040_070_0.1_10kbp","JC",NA,"DNA","expA1_00001_0040_070_0.1_10kbp_random_trees.phy","expA1_00001_0040_070_0.1_10kbp_partitions.nex","expA1_00001_0040_070_0.1_10kbp_output_alignment"
"1371",71,40,1,0.1,10000,"expA1_00001_0040_071_0.1_10kbp","JC",NA,"DNA","expA1_00001_0040_071_0.1_10kbp_random_trees.phy","expA1_00001_0040_071_0.1_10kbp_partitions.nex","expA1_00001_0040_071_0.1_10kbp_output_alignment"
"1372",72,40,1,0.1,10000,"expA1_00001_0040_072_0.1_10kbp","JC",NA,"DNA","expA1_00001_0040_072_0.1_10kbp_random_trees.phy","expA1_00001_0040_072_0.1_10kbp_partitions.nex","expA1_00001_0040_072_0.1_10kbp_output_alignment"
"1373",73,40,1,0.1,10000,"expA1_00001_0040_073_0.1_10kbp","JC",NA,"DNA","expA1_00001_0040_073_0.1_10kbp_random_trees.phy","expA1_00001_0040_073_0.1_10kbp_partitions.nex","expA1_00001_0040_073_0.1_10kbp_output_alignment"
"1374",74,40,1,0.1,10000,"expA1_00001_0040_074_0.1_10kbp","JC",NA,"DNA","expA1_00001_0040_074_0.1_10kbp_random_trees.phy","expA1_00001_0040_074_0.1_10kbp_partitions.nex","expA1_00001_0040_074_0.1_10kbp_output_alignment"
"1375",75,40,1,0.1,10000,"expA1_00001_0040_075_0.1_10kbp","JC",NA,"DNA","expA1_00001_0040_075_0.1_10kbp_random_trees.phy","expA1_00001_0040_075_0.1_10kbp_partitions.nex","expA1_00001_0040_075_0.1_10kbp_output_alignment"
"1376",76,40,1,0.1,10000,"expA1_00001_0040_076_0.1_10kbp","JC",NA,"DNA","expA1_00001_0040_076_0.1_10kbp_random_trees.phy","expA1_00001_0040_076_0.1_10kbp_partitions.nex","expA1_00001_0040_076_0.1_10kbp_output_alignment"
"1377",77,40,1,0.1,10000,"expA1_00001_0040_077_0.1_10kbp","JC",NA,"DNA","expA1_00001_0040_077_0.1_10kbp_random_trees.phy","expA1_00001_0040_077_0.1_10kbp_partitions.nex","expA1_00001_0040_077_0.1_10kbp_output_alignment"
"1378",78,40,1,0.1,10000,"expA1_00001_0040_078_0.1_10kbp","JC",NA,"DNA","expA1_00001_0040_078_0.1_10kbp_random_trees.phy","expA1_00001_0040_078_0.1_10kbp_partitions.nex","expA1_00001_0040_078_0.1_10kbp_output_alignment"
"1379",79,40,1,0.1,10000,"expA1_00001_0040_079_0.1_10kbp","JC",NA,"DNA","expA1_00001_0040_079_0.1_10kbp_random_trees.phy","expA1_00001_0040_079_0.1_10kbp_partitions.nex","expA1_00001_0040_079_0.1_10kbp_output_alignment"
"1380",80,40,1,0.1,10000,"expA1_00001_0040_080_0.1_10kbp","JC",NA,"DNA","expA1_00001_0040_080_0.1_10kbp_random_trees.phy","expA1_00001_0040_080_0.1_10kbp_partitions.nex","expA1_00001_0040_080_0.1_10kbp_output_alignment"
"1381",81,40,1,0.1,10000,"expA1_00001_0040_081_0.1_10kbp","JC",NA,"DNA","expA1_00001_0040_081_0.1_10kbp_random_trees.phy","expA1_00001_0040_081_0.1_10kbp_partitions.nex","expA1_00001_0040_081_0.1_10kbp_output_alignment"
"1382",82,40,1,0.1,10000,"expA1_00001_0040_082_0.1_10kbp","JC",NA,"DNA","expA1_00001_0040_082_0.1_10kbp_random_trees.phy","expA1_00001_0040_082_0.1_10kbp_partitions.nex","expA1_00001_0040_082_0.1_10kbp_output_alignment"
"1383",83,40,1,0.1,10000,"expA1_00001_0040_083_0.1_10kbp","JC",NA,"DNA","expA1_00001_0040_083_0.1_10kbp_random_trees.phy","expA1_00001_0040_083_0.1_10kbp_partitions.nex","expA1_00001_0040_083_0.1_10kbp_output_alignment"
"1384",84,40,1,0.1,10000,"expA1_00001_0040_084_0.1_10kbp","JC",NA,"DNA","expA1_00001_0040_084_0.1_10kbp_random_trees.phy","expA1_00001_0040_084_0.1_10kbp_partitions.nex","expA1_00001_0040_084_0.1_10kbp_output_alignment"
"1385",85,40,1,0.1,10000,"expA1_00001_0040_085_0.1_10kbp","JC",NA,"DNA","expA1_00001_0040_085_0.1_10kbp_random_trees.phy","expA1_00001_0040_085_0.1_10kbp_partitions.nex","expA1_00001_0040_085_0.1_10kbp_output_alignment"
"1386",86,40,1,0.1,10000,"expA1_00001_0040_086_0.1_10kbp","JC",NA,"DNA","expA1_00001_0040_086_0.1_10kbp_random_trees.phy","expA1_00001_0040_086_0.1_10kbp_partitions.nex","expA1_00001_0040_086_0.1_10kbp_output_alignment"
"1387",87,40,1,0.1,10000,"expA1_00001_0040_087_0.1_10kbp","JC",NA,"DNA","expA1_00001_0040_087_0.1_10kbp_random_trees.phy","expA1_00001_0040_087_0.1_10kbp_partitions.nex","expA1_00001_0040_087_0.1_10kbp_output_alignment"
"1388",88,40,1,0.1,10000,"expA1_00001_0040_088_0.1_10kbp","JC",NA,"DNA","expA1_00001_0040_088_0.1_10kbp_random_trees.phy","expA1_00001_0040_088_0.1_10kbp_partitions.nex","expA1_00001_0040_088_0.1_10kbp_output_alignment"
"1389",89,40,1,0.1,10000,"expA1_00001_0040_089_0.1_10kbp","JC",NA,"DNA","expA1_00001_0040_089_0.1_10kbp_random_trees.phy","expA1_00001_0040_089_0.1_10kbp_partitions.nex","expA1_00001_0040_089_0.1_10kbp_output_alignment"
"1390",90,40,1,0.1,10000,"expA1_00001_0040_090_0.1_10kbp","JC",NA,"DNA","expA1_00001_0040_090_0.1_10kbp_random_trees.phy","expA1_00001_0040_090_0.1_10kbp_partitions.nex","expA1_00001_0040_090_0.1_10kbp_output_alignment"
"1391",91,40,1,0.1,10000,"expA1_00001_0040_091_0.1_10kbp","JC",NA,"DNA","expA1_00001_0040_091_0.1_10kbp_random_trees.phy","expA1_00001_0040_091_0.1_10kbp_partitions.nex","expA1_00001_0040_091_0.1_10kbp_output_alignment"
"1392",92,40,1,0.1,10000,"expA1_00001_0040_092_0.1_10kbp","JC",NA,"DNA","expA1_00001_0040_092_0.1_10kbp_random_trees.phy","expA1_00001_0040_092_0.1_10kbp_partitions.nex","expA1_00001_0040_092_0.1_10kbp_output_alignment"
"1393",93,40,1,0.1,10000,"expA1_00001_0040_093_0.1_10kbp","JC",NA,"DNA","expA1_00001_0040_093_0.1_10kbp_random_trees.phy","expA1_00001_0040_093_0.1_10kbp_partitions.nex","expA1_00001_0040_093_0.1_10kbp_output_alignment"
"1394",94,40,1,0.1,10000,"expA1_00001_0040_094_0.1_10kbp","JC",NA,"DNA","expA1_00001_0040_094_0.1_10kbp_random_trees.phy","expA1_00001_0040_094_0.1_10kbp_partitions.nex","expA1_00001_0040_094_0.1_10kbp_output_alignment"
"1395",95,40,1,0.1,10000,"expA1_00001_0040_095_0.1_10kbp","JC",NA,"DNA","expA1_00001_0040_095_0.1_10kbp_random_trees.phy","expA1_00001_0040_095_0.1_10kbp_partitions.nex","expA1_00001_0040_095_0.1_10kbp_output_alignment"
"1396",96,40,1,0.1,10000,"expA1_00001_0040_096_0.1_10kbp","JC",NA,"DNA","expA1_00001_0040_096_0.1_10kbp_random_trees.phy","expA1_00001_0040_096_0.1_10kbp_partitions.nex","expA1_00001_0040_096_0.1_10kbp_output_alignment"
"1397",97,40,1,0.1,10000,"expA1_00001_0040_097_0.1_10kbp","JC",NA,"DNA","expA1_00001_0040_097_0.1_10kbp_random_trees.phy","expA1_00001_0040_097_0.1_10kbp_partitions.nex","expA1_00001_0040_097_0.1_10kbp_output_alignment"
"1398",98,40,1,0.1,10000,"expA1_00001_0040_098_0.1_10kbp","JC",NA,"DNA","expA1_00001_0040_098_0.1_10kbp_random_trees.phy","expA1_00001_0040_098_0.1_10kbp_partitions.nex","expA1_00001_0040_098_0.1_10kbp_output_alignment"
"1399",99,40,1,0.1,10000,"expA1_00001_0040_099_0.1_10kbp","JC",NA,"DNA","expA1_00001_0040_099_0.1_10kbp_random_trees.phy","expA1_00001_0040_099_0.1_10kbp_partitions.nex","expA1_00001_0040_099_0.1_10kbp_output_alignment"
"1400",100,40,1,0.1,10000,"expA1_00001_0040_100_0.1_10kbp","JC",NA,"DNA","expA1_00001_0040_100_0.1_10kbp_random_trees.phy","expA1_00001_0040_100_0.1_10kbp_partitions.nex","expA1_00001_0040_100_0.1_10kbp_output_alignment"
"1401",1,50,1,0.1,10000,"expA1_00001_0050_001_0.1_10kbp","JC",NA,"DNA","expA1_00001_0050_001_0.1_10kbp_random_trees.phy","expA1_00001_0050_001_0.1_10kbp_partitions.nex","expA1_00001_0050_001_0.1_10kbp_output_alignment"
"1402",2,50,1,0.1,10000,"expA1_00001_0050_002_0.1_10kbp","JC",NA,"DNA","expA1_00001_0050_002_0.1_10kbp_random_trees.phy","expA1_00001_0050_002_0.1_10kbp_partitions.nex","expA1_00001_0050_002_0.1_10kbp_output_alignment"
"1403",3,50,1,0.1,10000,"expA1_00001_0050_003_0.1_10kbp","JC",NA,"DNA","expA1_00001_0050_003_0.1_10kbp_random_trees.phy","expA1_00001_0050_003_0.1_10kbp_partitions.nex","expA1_00001_0050_003_0.1_10kbp_output_alignment"
"1404",4,50,1,0.1,10000,"expA1_00001_0050_004_0.1_10kbp","JC",NA,"DNA","expA1_00001_0050_004_0.1_10kbp_random_trees.phy","expA1_00001_0050_004_0.1_10kbp_partitions.nex","expA1_00001_0050_004_0.1_10kbp_output_alignment"
"1405",5,50,1,0.1,10000,"expA1_00001_0050_005_0.1_10kbp","JC",NA,"DNA","expA1_00001_0050_005_0.1_10kbp_random_trees.phy","expA1_00001_0050_005_0.1_10kbp_partitions.nex","expA1_00001_0050_005_0.1_10kbp_output_alignment"
"1406",6,50,1,0.1,10000,"expA1_00001_0050_006_0.1_10kbp","JC",NA,"DNA","expA1_00001_0050_006_0.1_10kbp_random_trees.phy","expA1_00001_0050_006_0.1_10kbp_partitions.nex","expA1_00001_0050_006_0.1_10kbp_output_alignment"
"1407",7,50,1,0.1,10000,"expA1_00001_0050_007_0.1_10kbp","JC",NA,"DNA","expA1_00001_0050_007_0.1_10kbp_random_trees.phy","expA1_00001_0050_007_0.1_10kbp_partitions.nex","expA1_00001_0050_007_0.1_10kbp_output_alignment"
"1408",8,50,1,0.1,10000,"expA1_00001_0050_008_0.1_10kbp","JC",NA,"DNA","expA1_00001_0050_008_0.1_10kbp_random_trees.phy","expA1_00001_0050_008_0.1_10kbp_partitions.nex","expA1_00001_0050_008_0.1_10kbp_output_alignment"
"1409",9,50,1,0.1,10000,"expA1_00001_0050_009_0.1_10kbp","JC",NA,"DNA","expA1_00001_0050_009_0.1_10kbp_random_trees.phy","expA1_00001_0050_009_0.1_10kbp_partitions.nex","expA1_00001_0050_009_0.1_10kbp_output_alignment"
"1410",10,50,1,0.1,10000,"expA1_00001_0050_010_0.1_10kbp","JC",NA,"DNA","expA1_00001_0050_010_0.1_10kbp_random_trees.phy","expA1_00001_0050_010_0.1_10kbp_partitions.nex","expA1_00001_0050_010_0.1_10kbp_output_alignment"
"1411",11,50,1,0.1,10000,"expA1_00001_0050_011_0.1_10kbp","JC",NA,"DNA","expA1_00001_0050_011_0.1_10kbp_random_trees.phy","expA1_00001_0050_011_0.1_10kbp_partitions.nex","expA1_00001_0050_011_0.1_10kbp_output_alignment"
"1412",12,50,1,0.1,10000,"expA1_00001_0050_012_0.1_10kbp","JC",NA,"DNA","expA1_00001_0050_012_0.1_10kbp_random_trees.phy","expA1_00001_0050_012_0.1_10kbp_partitions.nex","expA1_00001_0050_012_0.1_10kbp_output_alignment"
"1413",13,50,1,0.1,10000,"expA1_00001_0050_013_0.1_10kbp","JC",NA,"DNA","expA1_00001_0050_013_0.1_10kbp_random_trees.phy","expA1_00001_0050_013_0.1_10kbp_partitions.nex","expA1_00001_0050_013_0.1_10kbp_output_alignment"
"1414",14,50,1,0.1,10000,"expA1_00001_0050_014_0.1_10kbp","JC",NA,"DNA","expA1_00001_0050_014_0.1_10kbp_random_trees.phy","expA1_00001_0050_014_0.1_10kbp_partitions.nex","expA1_00001_0050_014_0.1_10kbp_output_alignment"
"1415",15,50,1,0.1,10000,"expA1_00001_0050_015_0.1_10kbp","JC",NA,"DNA","expA1_00001_0050_015_0.1_10kbp_random_trees.phy","expA1_00001_0050_015_0.1_10kbp_partitions.nex","expA1_00001_0050_015_0.1_10kbp_output_alignment"
"1416",16,50,1,0.1,10000,"expA1_00001_0050_016_0.1_10kbp","JC",NA,"DNA","expA1_00001_0050_016_0.1_10kbp_random_trees.phy","expA1_00001_0050_016_0.1_10kbp_partitions.nex","expA1_00001_0050_016_0.1_10kbp_output_alignment"
"1417",17,50,1,0.1,10000,"expA1_00001_0050_017_0.1_10kbp","JC",NA,"DNA","expA1_00001_0050_017_0.1_10kbp_random_trees.phy","expA1_00001_0050_017_0.1_10kbp_partitions.nex","expA1_00001_0050_017_0.1_10kbp_output_alignment"
"1418",18,50,1,0.1,10000,"expA1_00001_0050_018_0.1_10kbp","JC",NA,"DNA","expA1_00001_0050_018_0.1_10kbp_random_trees.phy","expA1_00001_0050_018_0.1_10kbp_partitions.nex","expA1_00001_0050_018_0.1_10kbp_output_alignment"
"1419",19,50,1,0.1,10000,"expA1_00001_0050_019_0.1_10kbp","JC",NA,"DNA","expA1_00001_0050_019_0.1_10kbp_random_trees.phy","expA1_00001_0050_019_0.1_10kbp_partitions.nex","expA1_00001_0050_019_0.1_10kbp_output_alignment"
"1420",20,50,1,0.1,10000,"expA1_00001_0050_020_0.1_10kbp","JC",NA,"DNA","expA1_00001_0050_020_0.1_10kbp_random_trees.phy","expA1_00001_0050_020_0.1_10kbp_partitions.nex","expA1_00001_0050_020_0.1_10kbp_output_alignment"
"1421",21,50,1,0.1,10000,"expA1_00001_0050_021_0.1_10kbp","JC",NA,"DNA","expA1_00001_0050_021_0.1_10kbp_random_trees.phy","expA1_00001_0050_021_0.1_10kbp_partitions.nex","expA1_00001_0050_021_0.1_10kbp_output_alignment"
"1422",22,50,1,0.1,10000,"expA1_00001_0050_022_0.1_10kbp","JC",NA,"DNA","expA1_00001_0050_022_0.1_10kbp_random_trees.phy","expA1_00001_0050_022_0.1_10kbp_partitions.nex","expA1_00001_0050_022_0.1_10kbp_output_alignment"
"1423",23,50,1,0.1,10000,"expA1_00001_0050_023_0.1_10kbp","JC",NA,"DNA","expA1_00001_0050_023_0.1_10kbp_random_trees.phy","expA1_00001_0050_023_0.1_10kbp_partitions.nex","expA1_00001_0050_023_0.1_10kbp_output_alignment"
"1424",24,50,1,0.1,10000,"expA1_00001_0050_024_0.1_10kbp","JC",NA,"DNA","expA1_00001_0050_024_0.1_10kbp_random_trees.phy","expA1_00001_0050_024_0.1_10kbp_partitions.nex","expA1_00001_0050_024_0.1_10kbp_output_alignment"
"1425",25,50,1,0.1,10000,"expA1_00001_0050_025_0.1_10kbp","JC",NA,"DNA","expA1_00001_0050_025_0.1_10kbp_random_trees.phy","expA1_00001_0050_025_0.1_10kbp_partitions.nex","expA1_00001_0050_025_0.1_10kbp_output_alignment"
"1426",26,50,1,0.1,10000,"expA1_00001_0050_026_0.1_10kbp","JC",NA,"DNA","expA1_00001_0050_026_0.1_10kbp_random_trees.phy","expA1_00001_0050_026_0.1_10kbp_partitions.nex","expA1_00001_0050_026_0.1_10kbp_output_alignment"
"1427",27,50,1,0.1,10000,"expA1_00001_0050_027_0.1_10kbp","JC",NA,"DNA","expA1_00001_0050_027_0.1_10kbp_random_trees.phy","expA1_00001_0050_027_0.1_10kbp_partitions.nex","expA1_00001_0050_027_0.1_10kbp_output_alignment"
"1428",28,50,1,0.1,10000,"expA1_00001_0050_028_0.1_10kbp","JC",NA,"DNA","expA1_00001_0050_028_0.1_10kbp_random_trees.phy","expA1_00001_0050_028_0.1_10kbp_partitions.nex","expA1_00001_0050_028_0.1_10kbp_output_alignment"
"1429",29,50,1,0.1,10000,"expA1_00001_0050_029_0.1_10kbp","JC",NA,"DNA","expA1_00001_0050_029_0.1_10kbp_random_trees.phy","expA1_00001_0050_029_0.1_10kbp_partitions.nex","expA1_00001_0050_029_0.1_10kbp_output_alignment"
"1430",30,50,1,0.1,10000,"expA1_00001_0050_030_0.1_10kbp","JC",NA,"DNA","expA1_00001_0050_030_0.1_10kbp_random_trees.phy","expA1_00001_0050_030_0.1_10kbp_partitions.nex","expA1_00001_0050_030_0.1_10kbp_output_alignment"
"1431",31,50,1,0.1,10000,"expA1_00001_0050_031_0.1_10kbp","JC",NA,"DNA","expA1_00001_0050_031_0.1_10kbp_random_trees.phy","expA1_00001_0050_031_0.1_10kbp_partitions.nex","expA1_00001_0050_031_0.1_10kbp_output_alignment"
"1432",32,50,1,0.1,10000,"expA1_00001_0050_032_0.1_10kbp","JC",NA,"DNA","expA1_00001_0050_032_0.1_10kbp_random_trees.phy","expA1_00001_0050_032_0.1_10kbp_partitions.nex","expA1_00001_0050_032_0.1_10kbp_output_alignment"
"1433",33,50,1,0.1,10000,"expA1_00001_0050_033_0.1_10kbp","JC",NA,"DNA","expA1_00001_0050_033_0.1_10kbp_random_trees.phy","expA1_00001_0050_033_0.1_10kbp_partitions.nex","expA1_00001_0050_033_0.1_10kbp_output_alignment"
"1434",34,50,1,0.1,10000,"expA1_00001_0050_034_0.1_10kbp","JC",NA,"DNA","expA1_00001_0050_034_0.1_10kbp_random_trees.phy","expA1_00001_0050_034_0.1_10kbp_partitions.nex","expA1_00001_0050_034_0.1_10kbp_output_alignment"
"1435",35,50,1,0.1,10000,"expA1_00001_0050_035_0.1_10kbp","JC",NA,"DNA","expA1_00001_0050_035_0.1_10kbp_random_trees.phy","expA1_00001_0050_035_0.1_10kbp_partitions.nex","expA1_00001_0050_035_0.1_10kbp_output_alignment"
"1436",36,50,1,0.1,10000,"expA1_00001_0050_036_0.1_10kbp","JC",NA,"DNA","expA1_00001_0050_036_0.1_10kbp_random_trees.phy","expA1_00001_0050_036_0.1_10kbp_partitions.nex","expA1_00001_0050_036_0.1_10kbp_output_alignment"
"1437",37,50,1,0.1,10000,"expA1_00001_0050_037_0.1_10kbp","JC",NA,"DNA","expA1_00001_0050_037_0.1_10kbp_random_trees.phy","expA1_00001_0050_037_0.1_10kbp_partitions.nex","expA1_00001_0050_037_0.1_10kbp_output_alignment"
"1438",38,50,1,0.1,10000,"expA1_00001_0050_038_0.1_10kbp","JC",NA,"DNA","expA1_00001_0050_038_0.1_10kbp_random_trees.phy","expA1_00001_0050_038_0.1_10kbp_partitions.nex","expA1_00001_0050_038_0.1_10kbp_output_alignment"
"1439",39,50,1,0.1,10000,"expA1_00001_0050_039_0.1_10kbp","JC",NA,"DNA","expA1_00001_0050_039_0.1_10kbp_random_trees.phy","expA1_00001_0050_039_0.1_10kbp_partitions.nex","expA1_00001_0050_039_0.1_10kbp_output_alignment"
"1440",40,50,1,0.1,10000,"expA1_00001_0050_040_0.1_10kbp","JC",NA,"DNA","expA1_00001_0050_040_0.1_10kbp_random_trees.phy","expA1_00001_0050_040_0.1_10kbp_partitions.nex","expA1_00001_0050_040_0.1_10kbp_output_alignment"
"1441",41,50,1,0.1,10000,"expA1_00001_0050_041_0.1_10kbp","JC",NA,"DNA","expA1_00001_0050_041_0.1_10kbp_random_trees.phy","expA1_00001_0050_041_0.1_10kbp_partitions.nex","expA1_00001_0050_041_0.1_10kbp_output_alignment"
"1442",42,50,1,0.1,10000,"expA1_00001_0050_042_0.1_10kbp","JC",NA,"DNA","expA1_00001_0050_042_0.1_10kbp_random_trees.phy","expA1_00001_0050_042_0.1_10kbp_partitions.nex","expA1_00001_0050_042_0.1_10kbp_output_alignment"
"1443",43,50,1,0.1,10000,"expA1_00001_0050_043_0.1_10kbp","JC",NA,"DNA","expA1_00001_0050_043_0.1_10kbp_random_trees.phy","expA1_00001_0050_043_0.1_10kbp_partitions.nex","expA1_00001_0050_043_0.1_10kbp_output_alignment"
"1444",44,50,1,0.1,10000,"expA1_00001_0050_044_0.1_10kbp","JC",NA,"DNA","expA1_00001_0050_044_0.1_10kbp_random_trees.phy","expA1_00001_0050_044_0.1_10kbp_partitions.nex","expA1_00001_0050_044_0.1_10kbp_output_alignment"
"1445",45,50,1,0.1,10000,"expA1_00001_0050_045_0.1_10kbp","JC",NA,"DNA","expA1_00001_0050_045_0.1_10kbp_random_trees.phy","expA1_00001_0050_045_0.1_10kbp_partitions.nex","expA1_00001_0050_045_0.1_10kbp_output_alignment"
"1446",46,50,1,0.1,10000,"expA1_00001_0050_046_0.1_10kbp","JC",NA,"DNA","expA1_00001_0050_046_0.1_10kbp_random_trees.phy","expA1_00001_0050_046_0.1_10kbp_partitions.nex","expA1_00001_0050_046_0.1_10kbp_output_alignment"
"1447",47,50,1,0.1,10000,"expA1_00001_0050_047_0.1_10kbp","JC",NA,"DNA","expA1_00001_0050_047_0.1_10kbp_random_trees.phy","expA1_00001_0050_047_0.1_10kbp_partitions.nex","expA1_00001_0050_047_0.1_10kbp_output_alignment"
"1448",48,50,1,0.1,10000,"expA1_00001_0050_048_0.1_10kbp","JC",NA,"DNA","expA1_00001_0050_048_0.1_10kbp_random_trees.phy","expA1_00001_0050_048_0.1_10kbp_partitions.nex","expA1_00001_0050_048_0.1_10kbp_output_alignment"
"1449",49,50,1,0.1,10000,"expA1_00001_0050_049_0.1_10kbp","JC",NA,"DNA","expA1_00001_0050_049_0.1_10kbp_random_trees.phy","expA1_00001_0050_049_0.1_10kbp_partitions.nex","expA1_00001_0050_049_0.1_10kbp_output_alignment"
"1450",50,50,1,0.1,10000,"expA1_00001_0050_050_0.1_10kbp","JC",NA,"DNA","expA1_00001_0050_050_0.1_10kbp_random_trees.phy","expA1_00001_0050_050_0.1_10kbp_partitions.nex","expA1_00001_0050_050_0.1_10kbp_output_alignment"
"1451",51,50,1,0.1,10000,"expA1_00001_0050_051_0.1_10kbp","JC",NA,"DNA","expA1_00001_0050_051_0.1_10kbp_random_trees.phy","expA1_00001_0050_051_0.1_10kbp_partitions.nex","expA1_00001_0050_051_0.1_10kbp_output_alignment"
"1452",52,50,1,0.1,10000,"expA1_00001_0050_052_0.1_10kbp","JC",NA,"DNA","expA1_00001_0050_052_0.1_10kbp_random_trees.phy","expA1_00001_0050_052_0.1_10kbp_partitions.nex","expA1_00001_0050_052_0.1_10kbp_output_alignment"
"1453",53,50,1,0.1,10000,"expA1_00001_0050_053_0.1_10kbp","JC",NA,"DNA","expA1_00001_0050_053_0.1_10kbp_random_trees.phy","expA1_00001_0050_053_0.1_10kbp_partitions.nex","expA1_00001_0050_053_0.1_10kbp_output_alignment"
"1454",54,50,1,0.1,10000,"expA1_00001_0050_054_0.1_10kbp","JC",NA,"DNA","expA1_00001_0050_054_0.1_10kbp_random_trees.phy","expA1_00001_0050_054_0.1_10kbp_partitions.nex","expA1_00001_0050_054_0.1_10kbp_output_alignment"
"1455",55,50,1,0.1,10000,"expA1_00001_0050_055_0.1_10kbp","JC",NA,"DNA","expA1_00001_0050_055_0.1_10kbp_random_trees.phy","expA1_00001_0050_055_0.1_10kbp_partitions.nex","expA1_00001_0050_055_0.1_10kbp_output_alignment"
"1456",56,50,1,0.1,10000,"expA1_00001_0050_056_0.1_10kbp","JC",NA,"DNA","expA1_00001_0050_056_0.1_10kbp_random_trees.phy","expA1_00001_0050_056_0.1_10kbp_partitions.nex","expA1_00001_0050_056_0.1_10kbp_output_alignment"
"1457",57,50,1,0.1,10000,"expA1_00001_0050_057_0.1_10kbp","JC",NA,"DNA","expA1_00001_0050_057_0.1_10kbp_random_trees.phy","expA1_00001_0050_057_0.1_10kbp_partitions.nex","expA1_00001_0050_057_0.1_10kbp_output_alignment"
"1458",58,50,1,0.1,10000,"expA1_00001_0050_058_0.1_10kbp","JC",NA,"DNA","expA1_00001_0050_058_0.1_10kbp_random_trees.phy","expA1_00001_0050_058_0.1_10kbp_partitions.nex","expA1_00001_0050_058_0.1_10kbp_output_alignment"
"1459",59,50,1,0.1,10000,"expA1_00001_0050_059_0.1_10kbp","JC",NA,"DNA","expA1_00001_0050_059_0.1_10kbp_random_trees.phy","expA1_00001_0050_059_0.1_10kbp_partitions.nex","expA1_00001_0050_059_0.1_10kbp_output_alignment"
"1460",60,50,1,0.1,10000,"expA1_00001_0050_060_0.1_10kbp","JC",NA,"DNA","expA1_00001_0050_060_0.1_10kbp_random_trees.phy","expA1_00001_0050_060_0.1_10kbp_partitions.nex","expA1_00001_0050_060_0.1_10kbp_output_alignment"
"1461",61,50,1,0.1,10000,"expA1_00001_0050_061_0.1_10kbp","JC",NA,"DNA","expA1_00001_0050_061_0.1_10kbp_random_trees.phy","expA1_00001_0050_061_0.1_10kbp_partitions.nex","expA1_00001_0050_061_0.1_10kbp_output_alignment"
"1462",62,50,1,0.1,10000,"expA1_00001_0050_062_0.1_10kbp","JC",NA,"DNA","expA1_00001_0050_062_0.1_10kbp_random_trees.phy","expA1_00001_0050_062_0.1_10kbp_partitions.nex","expA1_00001_0050_062_0.1_10kbp_output_alignment"
"1463",63,50,1,0.1,10000,"expA1_00001_0050_063_0.1_10kbp","JC",NA,"DNA","expA1_00001_0050_063_0.1_10kbp_random_trees.phy","expA1_00001_0050_063_0.1_10kbp_partitions.nex","expA1_00001_0050_063_0.1_10kbp_output_alignment"
"1464",64,50,1,0.1,10000,"expA1_00001_0050_064_0.1_10kbp","JC",NA,"DNA","expA1_00001_0050_064_0.1_10kbp_random_trees.phy","expA1_00001_0050_064_0.1_10kbp_partitions.nex","expA1_00001_0050_064_0.1_10kbp_output_alignment"
"1465",65,50,1,0.1,10000,"expA1_00001_0050_065_0.1_10kbp","JC",NA,"DNA","expA1_00001_0050_065_0.1_10kbp_random_trees.phy","expA1_00001_0050_065_0.1_10kbp_partitions.nex","expA1_00001_0050_065_0.1_10kbp_output_alignment"
"1466",66,50,1,0.1,10000,"expA1_00001_0050_066_0.1_10kbp","JC",NA,"DNA","expA1_00001_0050_066_0.1_10kbp_random_trees.phy","expA1_00001_0050_066_0.1_10kbp_partitions.nex","expA1_00001_0050_066_0.1_10kbp_output_alignment"
"1467",67,50,1,0.1,10000,"expA1_00001_0050_067_0.1_10kbp","JC",NA,"DNA","expA1_00001_0050_067_0.1_10kbp_random_trees.phy","expA1_00001_0050_067_0.1_10kbp_partitions.nex","expA1_00001_0050_067_0.1_10kbp_output_alignment"
"1468",68,50,1,0.1,10000,"expA1_00001_0050_068_0.1_10kbp","JC",NA,"DNA","expA1_00001_0050_068_0.1_10kbp_random_trees.phy","expA1_00001_0050_068_0.1_10kbp_partitions.nex","expA1_00001_0050_068_0.1_10kbp_output_alignment"
"1469",69,50,1,0.1,10000,"expA1_00001_0050_069_0.1_10kbp","JC",NA,"DNA","expA1_00001_0050_069_0.1_10kbp_random_trees.phy","expA1_00001_0050_069_0.1_10kbp_partitions.nex","expA1_00001_0050_069_0.1_10kbp_output_alignment"
"1470",70,50,1,0.1,10000,"expA1_00001_0050_070_0.1_10kbp","JC",NA,"DNA","expA1_00001_0050_070_0.1_10kbp_random_trees.phy","expA1_00001_0050_070_0.1_10kbp_partitions.nex","expA1_00001_0050_070_0.1_10kbp_output_alignment"
"1471",71,50,1,0.1,10000,"expA1_00001_0050_071_0.1_10kbp","JC",NA,"DNA","expA1_00001_0050_071_0.1_10kbp_random_trees.phy","expA1_00001_0050_071_0.1_10kbp_partitions.nex","expA1_00001_0050_071_0.1_10kbp_output_alignment"
"1472",72,50,1,0.1,10000,"expA1_00001_0050_072_0.1_10kbp","JC",NA,"DNA","expA1_00001_0050_072_0.1_10kbp_random_trees.phy","expA1_00001_0050_072_0.1_10kbp_partitions.nex","expA1_00001_0050_072_0.1_10kbp_output_alignment"
"1473",73,50,1,0.1,10000,"expA1_00001_0050_073_0.1_10kbp","JC",NA,"DNA","expA1_00001_0050_073_0.1_10kbp_random_trees.phy","expA1_00001_0050_073_0.1_10kbp_partitions.nex","expA1_00001_0050_073_0.1_10kbp_output_alignment"
"1474",74,50,1,0.1,10000,"expA1_00001_0050_074_0.1_10kbp","JC",NA,"DNA","expA1_00001_0050_074_0.1_10kbp_random_trees.phy","expA1_00001_0050_074_0.1_10kbp_partitions.nex","expA1_00001_0050_074_0.1_10kbp_output_alignment"
"1475",75,50,1,0.1,10000,"expA1_00001_0050_075_0.1_10kbp","JC",NA,"DNA","expA1_00001_0050_075_0.1_10kbp_random_trees.phy","expA1_00001_0050_075_0.1_10kbp_partitions.nex","expA1_00001_0050_075_0.1_10kbp_output_alignment"
"1476",76,50,1,0.1,10000,"expA1_00001_0050_076_0.1_10kbp","JC",NA,"DNA","expA1_00001_0050_076_0.1_10kbp_random_trees.phy","expA1_00001_0050_076_0.1_10kbp_partitions.nex","expA1_00001_0050_076_0.1_10kbp_output_alignment"
"1477",77,50,1,0.1,10000,"expA1_00001_0050_077_0.1_10kbp","JC",NA,"DNA","expA1_00001_0050_077_0.1_10kbp_random_trees.phy","expA1_00001_0050_077_0.1_10kbp_partitions.nex","expA1_00001_0050_077_0.1_10kbp_output_alignment"
"1478",78,50,1,0.1,10000,"expA1_00001_0050_078_0.1_10kbp","JC",NA,"DNA","expA1_00001_0050_078_0.1_10kbp_random_trees.phy","expA1_00001_0050_078_0.1_10kbp_partitions.nex","expA1_00001_0050_078_0.1_10kbp_output_alignment"
"1479",79,50,1,0.1,10000,"expA1_00001_0050_079_0.1_10kbp","JC",NA,"DNA","expA1_00001_0050_079_0.1_10kbp_random_trees.phy","expA1_00001_0050_079_0.1_10kbp_partitions.nex","expA1_00001_0050_079_0.1_10kbp_output_alignment"
"1480",80,50,1,0.1,10000,"expA1_00001_0050_080_0.1_10kbp","JC",NA,"DNA","expA1_00001_0050_080_0.1_10kbp_random_trees.phy","expA1_00001_0050_080_0.1_10kbp_partitions.nex","expA1_00001_0050_080_0.1_10kbp_output_alignment"
"1481",81,50,1,0.1,10000,"expA1_00001_0050_081_0.1_10kbp","JC",NA,"DNA","expA1_00001_0050_081_0.1_10kbp_random_trees.phy","expA1_00001_0050_081_0.1_10kbp_partitions.nex","expA1_00001_0050_081_0.1_10kbp_output_alignment"
"1482",82,50,1,0.1,10000,"expA1_00001_0050_082_0.1_10kbp","JC",NA,"DNA","expA1_00001_0050_082_0.1_10kbp_random_trees.phy","expA1_00001_0050_082_0.1_10kbp_partitions.nex","expA1_00001_0050_082_0.1_10kbp_output_alignment"
"1483",83,50,1,0.1,10000,"expA1_00001_0050_083_0.1_10kbp","JC",NA,"DNA","expA1_00001_0050_083_0.1_10kbp_random_trees.phy","expA1_00001_0050_083_0.1_10kbp_partitions.nex","expA1_00001_0050_083_0.1_10kbp_output_alignment"
"1484",84,50,1,0.1,10000,"expA1_00001_0050_084_0.1_10kbp","JC",NA,"DNA","expA1_00001_0050_084_0.1_10kbp_random_trees.phy","expA1_00001_0050_084_0.1_10kbp_partitions.nex","expA1_00001_0050_084_0.1_10kbp_output_alignment"
"1485",85,50,1,0.1,10000,"expA1_00001_0050_085_0.1_10kbp","JC",NA,"DNA","expA1_00001_0050_085_0.1_10kbp_random_trees.phy","expA1_00001_0050_085_0.1_10kbp_partitions.nex","expA1_00001_0050_085_0.1_10kbp_output_alignment"
"1486",86,50,1,0.1,10000,"expA1_00001_0050_086_0.1_10kbp","JC",NA,"DNA","expA1_00001_0050_086_0.1_10kbp_random_trees.phy","expA1_00001_0050_086_0.1_10kbp_partitions.nex","expA1_00001_0050_086_0.1_10kbp_output_alignment"
"1487",87,50,1,0.1,10000,"expA1_00001_0050_087_0.1_10kbp","JC",NA,"DNA","expA1_00001_0050_087_0.1_10kbp_random_trees.phy","expA1_00001_0050_087_0.1_10kbp_partitions.nex","expA1_00001_0050_087_0.1_10kbp_output_alignment"
"1488",88,50,1,0.1,10000,"expA1_00001_0050_088_0.1_10kbp","JC",NA,"DNA","expA1_00001_0050_088_0.1_10kbp_random_trees.phy","expA1_00001_0050_088_0.1_10kbp_partitions.nex","expA1_00001_0050_088_0.1_10kbp_output_alignment"
"1489",89,50,1,0.1,10000,"expA1_00001_0050_089_0.1_10kbp","JC",NA,"DNA","expA1_00001_0050_089_0.1_10kbp_random_trees.phy","expA1_00001_0050_089_0.1_10kbp_partitions.nex","expA1_00001_0050_089_0.1_10kbp_output_alignment"
"1490",90,50,1,0.1,10000,"expA1_00001_0050_090_0.1_10kbp","JC",NA,"DNA","expA1_00001_0050_090_0.1_10kbp_random_trees.phy","expA1_00001_0050_090_0.1_10kbp_partitions.nex","expA1_00001_0050_090_0.1_10kbp_output_alignment"
"1491",91,50,1,0.1,10000,"expA1_00001_0050_091_0.1_10kbp","JC",NA,"DNA","expA1_00001_0050_091_0.1_10kbp_random_trees.phy","expA1_00001_0050_091_0.1_10kbp_partitions.nex","expA1_00001_0050_091_0.1_10kbp_output_alignment"
"1492",92,50,1,0.1,10000,"expA1_00001_0050_092_0.1_10kbp","JC",NA,"DNA","expA1_00001_0050_092_0.1_10kbp_random_trees.phy","expA1_00001_0050_092_0.1_10kbp_partitions.nex","expA1_00001_0050_092_0.1_10kbp_output_alignment"
"1493",93,50,1,0.1,10000,"expA1_00001_0050_093_0.1_10kbp","JC",NA,"DNA","expA1_00001_0050_093_0.1_10kbp_random_trees.phy","expA1_00001_0050_093_0.1_10kbp_partitions.nex","expA1_00001_0050_093_0.1_10kbp_output_alignment"
"1494",94,50,1,0.1,10000,"expA1_00001_0050_094_0.1_10kbp","JC",NA,"DNA","expA1_00001_0050_094_0.1_10kbp_random_trees.phy","expA1_00001_0050_094_0.1_10kbp_partitions.nex","expA1_00001_0050_094_0.1_10kbp_output_alignment"
"1495",95,50,1,0.1,10000,"expA1_00001_0050_095_0.1_10kbp","JC",NA,"DNA","expA1_00001_0050_095_0.1_10kbp_random_trees.phy","expA1_00001_0050_095_0.1_10kbp_partitions.nex","expA1_00001_0050_095_0.1_10kbp_output_alignment"
"1496",96,50,1,0.1,10000,"expA1_00001_0050_096_0.1_10kbp","JC",NA,"DNA","expA1_00001_0050_096_0.1_10kbp_random_trees.phy","expA1_00001_0050_096_0.1_10kbp_partitions.nex","expA1_00001_0050_096_0.1_10kbp_output_alignment"
"1497",97,50,1,0.1,10000,"expA1_00001_0050_097_0.1_10kbp","JC",NA,"DNA","expA1_00001_0050_097_0.1_10kbp_random_trees.phy","expA1_00001_0050_097_0.1_10kbp_partitions.nex","expA1_00001_0050_097_0.1_10kbp_output_alignment"
"1498",98,50,1,0.1,10000,"expA1_00001_0050_098_0.1_10kbp","JC",NA,"DNA","expA1_00001_0050_098_0.1_10kbp_random_trees.phy","expA1_00001_0050_098_0.1_10kbp_partitions.nex","expA1_00001_0050_098_0.1_10kbp_output_alignment"
"1499",99,50,1,0.1,10000,"expA1_00001_0050_099_0.1_10kbp","JC",NA,"DNA","expA1_00001_0050_099_0.1_10kbp_random_trees.phy","expA1_00001_0050_099_0.1_10kbp_partitions.nex","expA1_00001_0050_099_0.1_10kbp_output_alignment"
"1500",100,50,1,0.1,10000,"expA1_00001_0050_100_0.1_10kbp","JC",NA,"DNA","expA1_00001_0050_100_0.1_10kbp_random_trees.phy","expA1_00001_0050_100_0.1_10kbp_partitions.nex","expA1_00001_0050_100_0.1_10kbp_output_alignment"
"1501",1,60,1,0.1,10000,"expA1_00001_0060_001_0.1_10kbp","JC",NA,"DNA","expA1_00001_0060_001_0.1_10kbp_random_trees.phy","expA1_00001_0060_001_0.1_10kbp_partitions.nex","expA1_00001_0060_001_0.1_10kbp_output_alignment"
"1502",2,60,1,0.1,10000,"expA1_00001_0060_002_0.1_10kbp","JC",NA,"DNA","expA1_00001_0060_002_0.1_10kbp_random_trees.phy","expA1_00001_0060_002_0.1_10kbp_partitions.nex","expA1_00001_0060_002_0.1_10kbp_output_alignment"
"1503",3,60,1,0.1,10000,"expA1_00001_0060_003_0.1_10kbp","JC",NA,"DNA","expA1_00001_0060_003_0.1_10kbp_random_trees.phy","expA1_00001_0060_003_0.1_10kbp_partitions.nex","expA1_00001_0060_003_0.1_10kbp_output_alignment"
"1504",4,60,1,0.1,10000,"expA1_00001_0060_004_0.1_10kbp","JC",NA,"DNA","expA1_00001_0060_004_0.1_10kbp_random_trees.phy","expA1_00001_0060_004_0.1_10kbp_partitions.nex","expA1_00001_0060_004_0.1_10kbp_output_alignment"
"1505",5,60,1,0.1,10000,"expA1_00001_0060_005_0.1_10kbp","JC",NA,"DNA","expA1_00001_0060_005_0.1_10kbp_random_trees.phy","expA1_00001_0060_005_0.1_10kbp_partitions.nex","expA1_00001_0060_005_0.1_10kbp_output_alignment"
"1506",6,60,1,0.1,10000,"expA1_00001_0060_006_0.1_10kbp","JC",NA,"DNA","expA1_00001_0060_006_0.1_10kbp_random_trees.phy","expA1_00001_0060_006_0.1_10kbp_partitions.nex","expA1_00001_0060_006_0.1_10kbp_output_alignment"
"1507",7,60,1,0.1,10000,"expA1_00001_0060_007_0.1_10kbp","JC",NA,"DNA","expA1_00001_0060_007_0.1_10kbp_random_trees.phy","expA1_00001_0060_007_0.1_10kbp_partitions.nex","expA1_00001_0060_007_0.1_10kbp_output_alignment"
"1508",8,60,1,0.1,10000,"expA1_00001_0060_008_0.1_10kbp","JC",NA,"DNA","expA1_00001_0060_008_0.1_10kbp_random_trees.phy","expA1_00001_0060_008_0.1_10kbp_partitions.nex","expA1_00001_0060_008_0.1_10kbp_output_alignment"
"1509",9,60,1,0.1,10000,"expA1_00001_0060_009_0.1_10kbp","JC",NA,"DNA","expA1_00001_0060_009_0.1_10kbp_random_trees.phy","expA1_00001_0060_009_0.1_10kbp_partitions.nex","expA1_00001_0060_009_0.1_10kbp_output_alignment"
"1510",10,60,1,0.1,10000,"expA1_00001_0060_010_0.1_10kbp","JC",NA,"DNA","expA1_00001_0060_010_0.1_10kbp_random_trees.phy","expA1_00001_0060_010_0.1_10kbp_partitions.nex","expA1_00001_0060_010_0.1_10kbp_output_alignment"
"1511",11,60,1,0.1,10000,"expA1_00001_0060_011_0.1_10kbp","JC",NA,"DNA","expA1_00001_0060_011_0.1_10kbp_random_trees.phy","expA1_00001_0060_011_0.1_10kbp_partitions.nex","expA1_00001_0060_011_0.1_10kbp_output_alignment"
"1512",12,60,1,0.1,10000,"expA1_00001_0060_012_0.1_10kbp","JC",NA,"DNA","expA1_00001_0060_012_0.1_10kbp_random_trees.phy","expA1_00001_0060_012_0.1_10kbp_partitions.nex","expA1_00001_0060_012_0.1_10kbp_output_alignment"
"1513",13,60,1,0.1,10000,"expA1_00001_0060_013_0.1_10kbp","JC",NA,"DNA","expA1_00001_0060_013_0.1_10kbp_random_trees.phy","expA1_00001_0060_013_0.1_10kbp_partitions.nex","expA1_00001_0060_013_0.1_10kbp_output_alignment"
"1514",14,60,1,0.1,10000,"expA1_00001_0060_014_0.1_10kbp","JC",NA,"DNA","expA1_00001_0060_014_0.1_10kbp_random_trees.phy","expA1_00001_0060_014_0.1_10kbp_partitions.nex","expA1_00001_0060_014_0.1_10kbp_output_alignment"
"1515",15,60,1,0.1,10000,"expA1_00001_0060_015_0.1_10kbp","JC",NA,"DNA","expA1_00001_0060_015_0.1_10kbp_random_trees.phy","expA1_00001_0060_015_0.1_10kbp_partitions.nex","expA1_00001_0060_015_0.1_10kbp_output_alignment"
"1516",16,60,1,0.1,10000,"expA1_00001_0060_016_0.1_10kbp","JC",NA,"DNA","expA1_00001_0060_016_0.1_10kbp_random_trees.phy","expA1_00001_0060_016_0.1_10kbp_partitions.nex","expA1_00001_0060_016_0.1_10kbp_output_alignment"
"1517",17,60,1,0.1,10000,"expA1_00001_0060_017_0.1_10kbp","JC",NA,"DNA","expA1_00001_0060_017_0.1_10kbp_random_trees.phy","expA1_00001_0060_017_0.1_10kbp_partitions.nex","expA1_00001_0060_017_0.1_10kbp_output_alignment"
"1518",18,60,1,0.1,10000,"expA1_00001_0060_018_0.1_10kbp","JC",NA,"DNA","expA1_00001_0060_018_0.1_10kbp_random_trees.phy","expA1_00001_0060_018_0.1_10kbp_partitions.nex","expA1_00001_0060_018_0.1_10kbp_output_alignment"
"1519",19,60,1,0.1,10000,"expA1_00001_0060_019_0.1_10kbp","JC",NA,"DNA","expA1_00001_0060_019_0.1_10kbp_random_trees.phy","expA1_00001_0060_019_0.1_10kbp_partitions.nex","expA1_00001_0060_019_0.1_10kbp_output_alignment"
"1520",20,60,1,0.1,10000,"expA1_00001_0060_020_0.1_10kbp","JC",NA,"DNA","expA1_00001_0060_020_0.1_10kbp_random_trees.phy","expA1_00001_0060_020_0.1_10kbp_partitions.nex","expA1_00001_0060_020_0.1_10kbp_output_alignment"
"1521",21,60,1,0.1,10000,"expA1_00001_0060_021_0.1_10kbp","JC",NA,"DNA","expA1_00001_0060_021_0.1_10kbp_random_trees.phy","expA1_00001_0060_021_0.1_10kbp_partitions.nex","expA1_00001_0060_021_0.1_10kbp_output_alignment"
"1522",22,60,1,0.1,10000,"expA1_00001_0060_022_0.1_10kbp","JC",NA,"DNA","expA1_00001_0060_022_0.1_10kbp_random_trees.phy","expA1_00001_0060_022_0.1_10kbp_partitions.nex","expA1_00001_0060_022_0.1_10kbp_output_alignment"
"1523",23,60,1,0.1,10000,"expA1_00001_0060_023_0.1_10kbp","JC",NA,"DNA","expA1_00001_0060_023_0.1_10kbp_random_trees.phy","expA1_00001_0060_023_0.1_10kbp_partitions.nex","expA1_00001_0060_023_0.1_10kbp_output_alignment"
"1524",24,60,1,0.1,10000,"expA1_00001_0060_024_0.1_10kbp","JC",NA,"DNA","expA1_00001_0060_024_0.1_10kbp_random_trees.phy","expA1_00001_0060_024_0.1_10kbp_partitions.nex","expA1_00001_0060_024_0.1_10kbp_output_alignment"
"1525",25,60,1,0.1,10000,"expA1_00001_0060_025_0.1_10kbp","JC",NA,"DNA","expA1_00001_0060_025_0.1_10kbp_random_trees.phy","expA1_00001_0060_025_0.1_10kbp_partitions.nex","expA1_00001_0060_025_0.1_10kbp_output_alignment"
"1526",26,60,1,0.1,10000,"expA1_00001_0060_026_0.1_10kbp","JC",NA,"DNA","expA1_00001_0060_026_0.1_10kbp_random_trees.phy","expA1_00001_0060_026_0.1_10kbp_partitions.nex","expA1_00001_0060_026_0.1_10kbp_output_alignment"
"1527",27,60,1,0.1,10000,"expA1_00001_0060_027_0.1_10kbp","JC",NA,"DNA","expA1_00001_0060_027_0.1_10kbp_random_trees.phy","expA1_00001_0060_027_0.1_10kbp_partitions.nex","expA1_00001_0060_027_0.1_10kbp_output_alignment"
"1528",28,60,1,0.1,10000,"expA1_00001_0060_028_0.1_10kbp","JC",NA,"DNA","expA1_00001_0060_028_0.1_10kbp_random_trees.phy","expA1_00001_0060_028_0.1_10kbp_partitions.nex","expA1_00001_0060_028_0.1_10kbp_output_alignment"
"1529",29,60,1,0.1,10000,"expA1_00001_0060_029_0.1_10kbp","JC",NA,"DNA","expA1_00001_0060_029_0.1_10kbp_random_trees.phy","expA1_00001_0060_029_0.1_10kbp_partitions.nex","expA1_00001_0060_029_0.1_10kbp_output_alignment"
"1530",30,60,1,0.1,10000,"expA1_00001_0060_030_0.1_10kbp","JC",NA,"DNA","expA1_00001_0060_030_0.1_10kbp_random_trees.phy","expA1_00001_0060_030_0.1_10kbp_partitions.nex","expA1_00001_0060_030_0.1_10kbp_output_alignment"
"1531",31,60,1,0.1,10000,"expA1_00001_0060_031_0.1_10kbp","JC",NA,"DNA","expA1_00001_0060_031_0.1_10kbp_random_trees.phy","expA1_00001_0060_031_0.1_10kbp_partitions.nex","expA1_00001_0060_031_0.1_10kbp_output_alignment"
"1532",32,60,1,0.1,10000,"expA1_00001_0060_032_0.1_10kbp","JC",NA,"DNA","expA1_00001_0060_032_0.1_10kbp_random_trees.phy","expA1_00001_0060_032_0.1_10kbp_partitions.nex","expA1_00001_0060_032_0.1_10kbp_output_alignment"
"1533",33,60,1,0.1,10000,"expA1_00001_0060_033_0.1_10kbp","JC",NA,"DNA","expA1_00001_0060_033_0.1_10kbp_random_trees.phy","expA1_00001_0060_033_0.1_10kbp_partitions.nex","expA1_00001_0060_033_0.1_10kbp_output_alignment"
"1534",34,60,1,0.1,10000,"expA1_00001_0060_034_0.1_10kbp","JC",NA,"DNA","expA1_00001_0060_034_0.1_10kbp_random_trees.phy","expA1_00001_0060_034_0.1_10kbp_partitions.nex","expA1_00001_0060_034_0.1_10kbp_output_alignment"
"1535",35,60,1,0.1,10000,"expA1_00001_0060_035_0.1_10kbp","JC",NA,"DNA","expA1_00001_0060_035_0.1_10kbp_random_trees.phy","expA1_00001_0060_035_0.1_10kbp_partitions.nex","expA1_00001_0060_035_0.1_10kbp_output_alignment"
"1536",36,60,1,0.1,10000,"expA1_00001_0060_036_0.1_10kbp","JC",NA,"DNA","expA1_00001_0060_036_0.1_10kbp_random_trees.phy","expA1_00001_0060_036_0.1_10kbp_partitions.nex","expA1_00001_0060_036_0.1_10kbp_output_alignment"
"1537",37,60,1,0.1,10000,"expA1_00001_0060_037_0.1_10kbp","JC",NA,"DNA","expA1_00001_0060_037_0.1_10kbp_random_trees.phy","expA1_00001_0060_037_0.1_10kbp_partitions.nex","expA1_00001_0060_037_0.1_10kbp_output_alignment"
"1538",38,60,1,0.1,10000,"expA1_00001_0060_038_0.1_10kbp","JC",NA,"DNA","expA1_00001_0060_038_0.1_10kbp_random_trees.phy","expA1_00001_0060_038_0.1_10kbp_partitions.nex","expA1_00001_0060_038_0.1_10kbp_output_alignment"
"1539",39,60,1,0.1,10000,"expA1_00001_0060_039_0.1_10kbp","JC",NA,"DNA","expA1_00001_0060_039_0.1_10kbp_random_trees.phy","expA1_00001_0060_039_0.1_10kbp_partitions.nex","expA1_00001_0060_039_0.1_10kbp_output_alignment"
"1540",40,60,1,0.1,10000,"expA1_00001_0060_040_0.1_10kbp","JC",NA,"DNA","expA1_00001_0060_040_0.1_10kbp_random_trees.phy","expA1_00001_0060_040_0.1_10kbp_partitions.nex","expA1_00001_0060_040_0.1_10kbp_output_alignment"
"1541",41,60,1,0.1,10000,"expA1_00001_0060_041_0.1_10kbp","JC",NA,"DNA","expA1_00001_0060_041_0.1_10kbp_random_trees.phy","expA1_00001_0060_041_0.1_10kbp_partitions.nex","expA1_00001_0060_041_0.1_10kbp_output_alignment"
"1542",42,60,1,0.1,10000,"expA1_00001_0060_042_0.1_10kbp","JC",NA,"DNA","expA1_00001_0060_042_0.1_10kbp_random_trees.phy","expA1_00001_0060_042_0.1_10kbp_partitions.nex","expA1_00001_0060_042_0.1_10kbp_output_alignment"
"1543",43,60,1,0.1,10000,"expA1_00001_0060_043_0.1_10kbp","JC",NA,"DNA","expA1_00001_0060_043_0.1_10kbp_random_trees.phy","expA1_00001_0060_043_0.1_10kbp_partitions.nex","expA1_00001_0060_043_0.1_10kbp_output_alignment"
"1544",44,60,1,0.1,10000,"expA1_00001_0060_044_0.1_10kbp","JC",NA,"DNA","expA1_00001_0060_044_0.1_10kbp_random_trees.phy","expA1_00001_0060_044_0.1_10kbp_partitions.nex","expA1_00001_0060_044_0.1_10kbp_output_alignment"
"1545",45,60,1,0.1,10000,"expA1_00001_0060_045_0.1_10kbp","JC",NA,"DNA","expA1_00001_0060_045_0.1_10kbp_random_trees.phy","expA1_00001_0060_045_0.1_10kbp_partitions.nex","expA1_00001_0060_045_0.1_10kbp_output_alignment"
"1546",46,60,1,0.1,10000,"expA1_00001_0060_046_0.1_10kbp","JC",NA,"DNA","expA1_00001_0060_046_0.1_10kbp_random_trees.phy","expA1_00001_0060_046_0.1_10kbp_partitions.nex","expA1_00001_0060_046_0.1_10kbp_output_alignment"
"1547",47,60,1,0.1,10000,"expA1_00001_0060_047_0.1_10kbp","JC",NA,"DNA","expA1_00001_0060_047_0.1_10kbp_random_trees.phy","expA1_00001_0060_047_0.1_10kbp_partitions.nex","expA1_00001_0060_047_0.1_10kbp_output_alignment"
"1548",48,60,1,0.1,10000,"expA1_00001_0060_048_0.1_10kbp","JC",NA,"DNA","expA1_00001_0060_048_0.1_10kbp_random_trees.phy","expA1_00001_0060_048_0.1_10kbp_partitions.nex","expA1_00001_0060_048_0.1_10kbp_output_alignment"
"1549",49,60,1,0.1,10000,"expA1_00001_0060_049_0.1_10kbp","JC",NA,"DNA","expA1_00001_0060_049_0.1_10kbp_random_trees.phy","expA1_00001_0060_049_0.1_10kbp_partitions.nex","expA1_00001_0060_049_0.1_10kbp_output_alignment"
"1550",50,60,1,0.1,10000,"expA1_00001_0060_050_0.1_10kbp","JC",NA,"DNA","expA1_00001_0060_050_0.1_10kbp_random_trees.phy","expA1_00001_0060_050_0.1_10kbp_partitions.nex","expA1_00001_0060_050_0.1_10kbp_output_alignment"
"1551",51,60,1,0.1,10000,"expA1_00001_0060_051_0.1_10kbp","JC",NA,"DNA","expA1_00001_0060_051_0.1_10kbp_random_trees.phy","expA1_00001_0060_051_0.1_10kbp_partitions.nex","expA1_00001_0060_051_0.1_10kbp_output_alignment"
"1552",52,60,1,0.1,10000,"expA1_00001_0060_052_0.1_10kbp","JC",NA,"DNA","expA1_00001_0060_052_0.1_10kbp_random_trees.phy","expA1_00001_0060_052_0.1_10kbp_partitions.nex","expA1_00001_0060_052_0.1_10kbp_output_alignment"
"1553",53,60,1,0.1,10000,"expA1_00001_0060_053_0.1_10kbp","JC",NA,"DNA","expA1_00001_0060_053_0.1_10kbp_random_trees.phy","expA1_00001_0060_053_0.1_10kbp_partitions.nex","expA1_00001_0060_053_0.1_10kbp_output_alignment"
"1554",54,60,1,0.1,10000,"expA1_00001_0060_054_0.1_10kbp","JC",NA,"DNA","expA1_00001_0060_054_0.1_10kbp_random_trees.phy","expA1_00001_0060_054_0.1_10kbp_partitions.nex","expA1_00001_0060_054_0.1_10kbp_output_alignment"
"1555",55,60,1,0.1,10000,"expA1_00001_0060_055_0.1_10kbp","JC",NA,"DNA","expA1_00001_0060_055_0.1_10kbp_random_trees.phy","expA1_00001_0060_055_0.1_10kbp_partitions.nex","expA1_00001_0060_055_0.1_10kbp_output_alignment"
"1556",56,60,1,0.1,10000,"expA1_00001_0060_056_0.1_10kbp","JC",NA,"DNA","expA1_00001_0060_056_0.1_10kbp_random_trees.phy","expA1_00001_0060_056_0.1_10kbp_partitions.nex","expA1_00001_0060_056_0.1_10kbp_output_alignment"
"1557",57,60,1,0.1,10000,"expA1_00001_0060_057_0.1_10kbp","JC",NA,"DNA","expA1_00001_0060_057_0.1_10kbp_random_trees.phy","expA1_00001_0060_057_0.1_10kbp_partitions.nex","expA1_00001_0060_057_0.1_10kbp_output_alignment"
"1558",58,60,1,0.1,10000,"expA1_00001_0060_058_0.1_10kbp","JC",NA,"DNA","expA1_00001_0060_058_0.1_10kbp_random_trees.phy","expA1_00001_0060_058_0.1_10kbp_partitions.nex","expA1_00001_0060_058_0.1_10kbp_output_alignment"
"1559",59,60,1,0.1,10000,"expA1_00001_0060_059_0.1_10kbp","JC",NA,"DNA","expA1_00001_0060_059_0.1_10kbp_random_trees.phy","expA1_00001_0060_059_0.1_10kbp_partitions.nex","expA1_00001_0060_059_0.1_10kbp_output_alignment"
"1560",60,60,1,0.1,10000,"expA1_00001_0060_060_0.1_10kbp","JC",NA,"DNA","expA1_00001_0060_060_0.1_10kbp_random_trees.phy","expA1_00001_0060_060_0.1_10kbp_partitions.nex","expA1_00001_0060_060_0.1_10kbp_output_alignment"
"1561",61,60,1,0.1,10000,"expA1_00001_0060_061_0.1_10kbp","JC",NA,"DNA","expA1_00001_0060_061_0.1_10kbp_random_trees.phy","expA1_00001_0060_061_0.1_10kbp_partitions.nex","expA1_00001_0060_061_0.1_10kbp_output_alignment"
"1562",62,60,1,0.1,10000,"expA1_00001_0060_062_0.1_10kbp","JC",NA,"DNA","expA1_00001_0060_062_0.1_10kbp_random_trees.phy","expA1_00001_0060_062_0.1_10kbp_partitions.nex","expA1_00001_0060_062_0.1_10kbp_output_alignment"
"1563",63,60,1,0.1,10000,"expA1_00001_0060_063_0.1_10kbp","JC",NA,"DNA","expA1_00001_0060_063_0.1_10kbp_random_trees.phy","expA1_00001_0060_063_0.1_10kbp_partitions.nex","expA1_00001_0060_063_0.1_10kbp_output_alignment"
"1564",64,60,1,0.1,10000,"expA1_00001_0060_064_0.1_10kbp","JC",NA,"DNA","expA1_00001_0060_064_0.1_10kbp_random_trees.phy","expA1_00001_0060_064_0.1_10kbp_partitions.nex","expA1_00001_0060_064_0.1_10kbp_output_alignment"
"1565",65,60,1,0.1,10000,"expA1_00001_0060_065_0.1_10kbp","JC",NA,"DNA","expA1_00001_0060_065_0.1_10kbp_random_trees.phy","expA1_00001_0060_065_0.1_10kbp_partitions.nex","expA1_00001_0060_065_0.1_10kbp_output_alignment"
"1566",66,60,1,0.1,10000,"expA1_00001_0060_066_0.1_10kbp","JC",NA,"DNA","expA1_00001_0060_066_0.1_10kbp_random_trees.phy","expA1_00001_0060_066_0.1_10kbp_partitions.nex","expA1_00001_0060_066_0.1_10kbp_output_alignment"
"1567",67,60,1,0.1,10000,"expA1_00001_0060_067_0.1_10kbp","JC",NA,"DNA","expA1_00001_0060_067_0.1_10kbp_random_trees.phy","expA1_00001_0060_067_0.1_10kbp_partitions.nex","expA1_00001_0060_067_0.1_10kbp_output_alignment"
"1568",68,60,1,0.1,10000,"expA1_00001_0060_068_0.1_10kbp","JC",NA,"DNA","expA1_00001_0060_068_0.1_10kbp_random_trees.phy","expA1_00001_0060_068_0.1_10kbp_partitions.nex","expA1_00001_0060_068_0.1_10kbp_output_alignment"
"1569",69,60,1,0.1,10000,"expA1_00001_0060_069_0.1_10kbp","JC",NA,"DNA","expA1_00001_0060_069_0.1_10kbp_random_trees.phy","expA1_00001_0060_069_0.1_10kbp_partitions.nex","expA1_00001_0060_069_0.1_10kbp_output_alignment"
"1570",70,60,1,0.1,10000,"expA1_00001_0060_070_0.1_10kbp","JC",NA,"DNA","expA1_00001_0060_070_0.1_10kbp_random_trees.phy","expA1_00001_0060_070_0.1_10kbp_partitions.nex","expA1_00001_0060_070_0.1_10kbp_output_alignment"
"1571",71,60,1,0.1,10000,"expA1_00001_0060_071_0.1_10kbp","JC",NA,"DNA","expA1_00001_0060_071_0.1_10kbp_random_trees.phy","expA1_00001_0060_071_0.1_10kbp_partitions.nex","expA1_00001_0060_071_0.1_10kbp_output_alignment"
"1572",72,60,1,0.1,10000,"expA1_00001_0060_072_0.1_10kbp","JC",NA,"DNA","expA1_00001_0060_072_0.1_10kbp_random_trees.phy","expA1_00001_0060_072_0.1_10kbp_partitions.nex","expA1_00001_0060_072_0.1_10kbp_output_alignment"
"1573",73,60,1,0.1,10000,"expA1_00001_0060_073_0.1_10kbp","JC",NA,"DNA","expA1_00001_0060_073_0.1_10kbp_random_trees.phy","expA1_00001_0060_073_0.1_10kbp_partitions.nex","expA1_00001_0060_073_0.1_10kbp_output_alignment"
"1574",74,60,1,0.1,10000,"expA1_00001_0060_074_0.1_10kbp","JC",NA,"DNA","expA1_00001_0060_074_0.1_10kbp_random_trees.phy","expA1_00001_0060_074_0.1_10kbp_partitions.nex","expA1_00001_0060_074_0.1_10kbp_output_alignment"
"1575",75,60,1,0.1,10000,"expA1_00001_0060_075_0.1_10kbp","JC",NA,"DNA","expA1_00001_0060_075_0.1_10kbp_random_trees.phy","expA1_00001_0060_075_0.1_10kbp_partitions.nex","expA1_00001_0060_075_0.1_10kbp_output_alignment"
"1576",76,60,1,0.1,10000,"expA1_00001_0060_076_0.1_10kbp","JC",NA,"DNA","expA1_00001_0060_076_0.1_10kbp_random_trees.phy","expA1_00001_0060_076_0.1_10kbp_partitions.nex","expA1_00001_0060_076_0.1_10kbp_output_alignment"
"1577",77,60,1,0.1,10000,"expA1_00001_0060_077_0.1_10kbp","JC",NA,"DNA","expA1_00001_0060_077_0.1_10kbp_random_trees.phy","expA1_00001_0060_077_0.1_10kbp_partitions.nex","expA1_00001_0060_077_0.1_10kbp_output_alignment"
"1578",78,60,1,0.1,10000,"expA1_00001_0060_078_0.1_10kbp","JC",NA,"DNA","expA1_00001_0060_078_0.1_10kbp_random_trees.phy","expA1_00001_0060_078_0.1_10kbp_partitions.nex","expA1_00001_0060_078_0.1_10kbp_output_alignment"
"1579",79,60,1,0.1,10000,"expA1_00001_0060_079_0.1_10kbp","JC",NA,"DNA","expA1_00001_0060_079_0.1_10kbp_random_trees.phy","expA1_00001_0060_079_0.1_10kbp_partitions.nex","expA1_00001_0060_079_0.1_10kbp_output_alignment"
"1580",80,60,1,0.1,10000,"expA1_00001_0060_080_0.1_10kbp","JC",NA,"DNA","expA1_00001_0060_080_0.1_10kbp_random_trees.phy","expA1_00001_0060_080_0.1_10kbp_partitions.nex","expA1_00001_0060_080_0.1_10kbp_output_alignment"
"1581",81,60,1,0.1,10000,"expA1_00001_0060_081_0.1_10kbp","JC",NA,"DNA","expA1_00001_0060_081_0.1_10kbp_random_trees.phy","expA1_00001_0060_081_0.1_10kbp_partitions.nex","expA1_00001_0060_081_0.1_10kbp_output_alignment"
"1582",82,60,1,0.1,10000,"expA1_00001_0060_082_0.1_10kbp","JC",NA,"DNA","expA1_00001_0060_082_0.1_10kbp_random_trees.phy","expA1_00001_0060_082_0.1_10kbp_partitions.nex","expA1_00001_0060_082_0.1_10kbp_output_alignment"
"1583",83,60,1,0.1,10000,"expA1_00001_0060_083_0.1_10kbp","JC",NA,"DNA","expA1_00001_0060_083_0.1_10kbp_random_trees.phy","expA1_00001_0060_083_0.1_10kbp_partitions.nex","expA1_00001_0060_083_0.1_10kbp_output_alignment"
"1584",84,60,1,0.1,10000,"expA1_00001_0060_084_0.1_10kbp","JC",NA,"DNA","expA1_00001_0060_084_0.1_10kbp_random_trees.phy","expA1_00001_0060_084_0.1_10kbp_partitions.nex","expA1_00001_0060_084_0.1_10kbp_output_alignment"
"1585",85,60,1,0.1,10000,"expA1_00001_0060_085_0.1_10kbp","JC",NA,"DNA","expA1_00001_0060_085_0.1_10kbp_random_trees.phy","expA1_00001_0060_085_0.1_10kbp_partitions.nex","expA1_00001_0060_085_0.1_10kbp_output_alignment"
"1586",86,60,1,0.1,10000,"expA1_00001_0060_086_0.1_10kbp","JC",NA,"DNA","expA1_00001_0060_086_0.1_10kbp_random_trees.phy","expA1_00001_0060_086_0.1_10kbp_partitions.nex","expA1_00001_0060_086_0.1_10kbp_output_alignment"
"1587",87,60,1,0.1,10000,"expA1_00001_0060_087_0.1_10kbp","JC",NA,"DNA","expA1_00001_0060_087_0.1_10kbp_random_trees.phy","expA1_00001_0060_087_0.1_10kbp_partitions.nex","expA1_00001_0060_087_0.1_10kbp_output_alignment"
"1588",88,60,1,0.1,10000,"expA1_00001_0060_088_0.1_10kbp","JC",NA,"DNA","expA1_00001_0060_088_0.1_10kbp_random_trees.phy","expA1_00001_0060_088_0.1_10kbp_partitions.nex","expA1_00001_0060_088_0.1_10kbp_output_alignment"
"1589",89,60,1,0.1,10000,"expA1_00001_0060_089_0.1_10kbp","JC",NA,"DNA","expA1_00001_0060_089_0.1_10kbp_random_trees.phy","expA1_00001_0060_089_0.1_10kbp_partitions.nex","expA1_00001_0060_089_0.1_10kbp_output_alignment"
"1590",90,60,1,0.1,10000,"expA1_00001_0060_090_0.1_10kbp","JC",NA,"DNA","expA1_00001_0060_090_0.1_10kbp_random_trees.phy","expA1_00001_0060_090_0.1_10kbp_partitions.nex","expA1_00001_0060_090_0.1_10kbp_output_alignment"
"1591",91,60,1,0.1,10000,"expA1_00001_0060_091_0.1_10kbp","JC",NA,"DNA","expA1_00001_0060_091_0.1_10kbp_random_trees.phy","expA1_00001_0060_091_0.1_10kbp_partitions.nex","expA1_00001_0060_091_0.1_10kbp_output_alignment"
"1592",92,60,1,0.1,10000,"expA1_00001_0060_092_0.1_10kbp","JC",NA,"DNA","expA1_00001_0060_092_0.1_10kbp_random_trees.phy","expA1_00001_0060_092_0.1_10kbp_partitions.nex","expA1_00001_0060_092_0.1_10kbp_output_alignment"
"1593",93,60,1,0.1,10000,"expA1_00001_0060_093_0.1_10kbp","JC",NA,"DNA","expA1_00001_0060_093_0.1_10kbp_random_trees.phy","expA1_00001_0060_093_0.1_10kbp_partitions.nex","expA1_00001_0060_093_0.1_10kbp_output_alignment"
"1594",94,60,1,0.1,10000,"expA1_00001_0060_094_0.1_10kbp","JC",NA,"DNA","expA1_00001_0060_094_0.1_10kbp_random_trees.phy","expA1_00001_0060_094_0.1_10kbp_partitions.nex","expA1_00001_0060_094_0.1_10kbp_output_alignment"
"1595",95,60,1,0.1,10000,"expA1_00001_0060_095_0.1_10kbp","JC",NA,"DNA","expA1_00001_0060_095_0.1_10kbp_random_trees.phy","expA1_00001_0060_095_0.1_10kbp_partitions.nex","expA1_00001_0060_095_0.1_10kbp_output_alignment"
"1596",96,60,1,0.1,10000,"expA1_00001_0060_096_0.1_10kbp","JC",NA,"DNA","expA1_00001_0060_096_0.1_10kbp_random_trees.phy","expA1_00001_0060_096_0.1_10kbp_partitions.nex","expA1_00001_0060_096_0.1_10kbp_output_alignment"
"1597",97,60,1,0.1,10000,"expA1_00001_0060_097_0.1_10kbp","JC",NA,"DNA","expA1_00001_0060_097_0.1_10kbp_random_trees.phy","expA1_00001_0060_097_0.1_10kbp_partitions.nex","expA1_00001_0060_097_0.1_10kbp_output_alignment"
"1598",98,60,1,0.1,10000,"expA1_00001_0060_098_0.1_10kbp","JC",NA,"DNA","expA1_00001_0060_098_0.1_10kbp_random_trees.phy","expA1_00001_0060_098_0.1_10kbp_partitions.nex","expA1_00001_0060_098_0.1_10kbp_output_alignment"
"1599",99,60,1,0.1,10000,"expA1_00001_0060_099_0.1_10kbp","JC",NA,"DNA","expA1_00001_0060_099_0.1_10kbp_random_trees.phy","expA1_00001_0060_099_0.1_10kbp_partitions.nex","expA1_00001_0060_099_0.1_10kbp_output_alignment"
"1600",100,60,1,0.1,10000,"expA1_00001_0060_100_0.1_10kbp","JC",NA,"DNA","expA1_00001_0060_100_0.1_10kbp_random_trees.phy","expA1_00001_0060_100_0.1_10kbp_partitions.nex","expA1_00001_0060_100_0.1_10kbp_output_alignment"
"1601",1,70,1,0.1,10000,"expA1_00001_0070_001_0.1_10kbp","JC",NA,"DNA","expA1_00001_0070_001_0.1_10kbp_random_trees.phy","expA1_00001_0070_001_0.1_10kbp_partitions.nex","expA1_00001_0070_001_0.1_10kbp_output_alignment"
"1602",2,70,1,0.1,10000,"expA1_00001_0070_002_0.1_10kbp","JC",NA,"DNA","expA1_00001_0070_002_0.1_10kbp_random_trees.phy","expA1_00001_0070_002_0.1_10kbp_partitions.nex","expA1_00001_0070_002_0.1_10kbp_output_alignment"
"1603",3,70,1,0.1,10000,"expA1_00001_0070_003_0.1_10kbp","JC",NA,"DNA","expA1_00001_0070_003_0.1_10kbp_random_trees.phy","expA1_00001_0070_003_0.1_10kbp_partitions.nex","expA1_00001_0070_003_0.1_10kbp_output_alignment"
"1604",4,70,1,0.1,10000,"expA1_00001_0070_004_0.1_10kbp","JC",NA,"DNA","expA1_00001_0070_004_0.1_10kbp_random_trees.phy","expA1_00001_0070_004_0.1_10kbp_partitions.nex","expA1_00001_0070_004_0.1_10kbp_output_alignment"
"1605",5,70,1,0.1,10000,"expA1_00001_0070_005_0.1_10kbp","JC",NA,"DNA","expA1_00001_0070_005_0.1_10kbp_random_trees.phy","expA1_00001_0070_005_0.1_10kbp_partitions.nex","expA1_00001_0070_005_0.1_10kbp_output_alignment"
"1606",6,70,1,0.1,10000,"expA1_00001_0070_006_0.1_10kbp","JC",NA,"DNA","expA1_00001_0070_006_0.1_10kbp_random_trees.phy","expA1_00001_0070_006_0.1_10kbp_partitions.nex","expA1_00001_0070_006_0.1_10kbp_output_alignment"
"1607",7,70,1,0.1,10000,"expA1_00001_0070_007_0.1_10kbp","JC",NA,"DNA","expA1_00001_0070_007_0.1_10kbp_random_trees.phy","expA1_00001_0070_007_0.1_10kbp_partitions.nex","expA1_00001_0070_007_0.1_10kbp_output_alignment"
"1608",8,70,1,0.1,10000,"expA1_00001_0070_008_0.1_10kbp","JC",NA,"DNA","expA1_00001_0070_008_0.1_10kbp_random_trees.phy","expA1_00001_0070_008_0.1_10kbp_partitions.nex","expA1_00001_0070_008_0.1_10kbp_output_alignment"
"1609",9,70,1,0.1,10000,"expA1_00001_0070_009_0.1_10kbp","JC",NA,"DNA","expA1_00001_0070_009_0.1_10kbp_random_trees.phy","expA1_00001_0070_009_0.1_10kbp_partitions.nex","expA1_00001_0070_009_0.1_10kbp_output_alignment"
"1610",10,70,1,0.1,10000,"expA1_00001_0070_010_0.1_10kbp","JC",NA,"DNA","expA1_00001_0070_010_0.1_10kbp_random_trees.phy","expA1_00001_0070_010_0.1_10kbp_partitions.nex","expA1_00001_0070_010_0.1_10kbp_output_alignment"
"1611",11,70,1,0.1,10000,"expA1_00001_0070_011_0.1_10kbp","JC",NA,"DNA","expA1_00001_0070_011_0.1_10kbp_random_trees.phy","expA1_00001_0070_011_0.1_10kbp_partitions.nex","expA1_00001_0070_011_0.1_10kbp_output_alignment"
"1612",12,70,1,0.1,10000,"expA1_00001_0070_012_0.1_10kbp","JC",NA,"DNA","expA1_00001_0070_012_0.1_10kbp_random_trees.phy","expA1_00001_0070_012_0.1_10kbp_partitions.nex","expA1_00001_0070_012_0.1_10kbp_output_alignment"
"1613",13,70,1,0.1,10000,"expA1_00001_0070_013_0.1_10kbp","JC",NA,"DNA","expA1_00001_0070_013_0.1_10kbp_random_trees.phy","expA1_00001_0070_013_0.1_10kbp_partitions.nex","expA1_00001_0070_013_0.1_10kbp_output_alignment"
"1614",14,70,1,0.1,10000,"expA1_00001_0070_014_0.1_10kbp","JC",NA,"DNA","expA1_00001_0070_014_0.1_10kbp_random_trees.phy","expA1_00001_0070_014_0.1_10kbp_partitions.nex","expA1_00001_0070_014_0.1_10kbp_output_alignment"
"1615",15,70,1,0.1,10000,"expA1_00001_0070_015_0.1_10kbp","JC",NA,"DNA","expA1_00001_0070_015_0.1_10kbp_random_trees.phy","expA1_00001_0070_015_0.1_10kbp_partitions.nex","expA1_00001_0070_015_0.1_10kbp_output_alignment"
"1616",16,70,1,0.1,10000,"expA1_00001_0070_016_0.1_10kbp","JC",NA,"DNA","expA1_00001_0070_016_0.1_10kbp_random_trees.phy","expA1_00001_0070_016_0.1_10kbp_partitions.nex","expA1_00001_0070_016_0.1_10kbp_output_alignment"
"1617",17,70,1,0.1,10000,"expA1_00001_0070_017_0.1_10kbp","JC",NA,"DNA","expA1_00001_0070_017_0.1_10kbp_random_trees.phy","expA1_00001_0070_017_0.1_10kbp_partitions.nex","expA1_00001_0070_017_0.1_10kbp_output_alignment"
"1618",18,70,1,0.1,10000,"expA1_00001_0070_018_0.1_10kbp","JC",NA,"DNA","expA1_00001_0070_018_0.1_10kbp_random_trees.phy","expA1_00001_0070_018_0.1_10kbp_partitions.nex","expA1_00001_0070_018_0.1_10kbp_output_alignment"
"1619",19,70,1,0.1,10000,"expA1_00001_0070_019_0.1_10kbp","JC",NA,"DNA","expA1_00001_0070_019_0.1_10kbp_random_trees.phy","expA1_00001_0070_019_0.1_10kbp_partitions.nex","expA1_00001_0070_019_0.1_10kbp_output_alignment"
"1620",20,70,1,0.1,10000,"expA1_00001_0070_020_0.1_10kbp","JC",NA,"DNA","expA1_00001_0070_020_0.1_10kbp_random_trees.phy","expA1_00001_0070_020_0.1_10kbp_partitions.nex","expA1_00001_0070_020_0.1_10kbp_output_alignment"
"1621",21,70,1,0.1,10000,"expA1_00001_0070_021_0.1_10kbp","JC",NA,"DNA","expA1_00001_0070_021_0.1_10kbp_random_trees.phy","expA1_00001_0070_021_0.1_10kbp_partitions.nex","expA1_00001_0070_021_0.1_10kbp_output_alignment"
"1622",22,70,1,0.1,10000,"expA1_00001_0070_022_0.1_10kbp","JC",NA,"DNA","expA1_00001_0070_022_0.1_10kbp_random_trees.phy","expA1_00001_0070_022_0.1_10kbp_partitions.nex","expA1_00001_0070_022_0.1_10kbp_output_alignment"
"1623",23,70,1,0.1,10000,"expA1_00001_0070_023_0.1_10kbp","JC",NA,"DNA","expA1_00001_0070_023_0.1_10kbp_random_trees.phy","expA1_00001_0070_023_0.1_10kbp_partitions.nex","expA1_00001_0070_023_0.1_10kbp_output_alignment"
"1624",24,70,1,0.1,10000,"expA1_00001_0070_024_0.1_10kbp","JC",NA,"DNA","expA1_00001_0070_024_0.1_10kbp_random_trees.phy","expA1_00001_0070_024_0.1_10kbp_partitions.nex","expA1_00001_0070_024_0.1_10kbp_output_alignment"
"1625",25,70,1,0.1,10000,"expA1_00001_0070_025_0.1_10kbp","JC",NA,"DNA","expA1_00001_0070_025_0.1_10kbp_random_trees.phy","expA1_00001_0070_025_0.1_10kbp_partitions.nex","expA1_00001_0070_025_0.1_10kbp_output_alignment"
"1626",26,70,1,0.1,10000,"expA1_00001_0070_026_0.1_10kbp","JC",NA,"DNA","expA1_00001_0070_026_0.1_10kbp_random_trees.phy","expA1_00001_0070_026_0.1_10kbp_partitions.nex","expA1_00001_0070_026_0.1_10kbp_output_alignment"
"1627",27,70,1,0.1,10000,"expA1_00001_0070_027_0.1_10kbp","JC",NA,"DNA","expA1_00001_0070_027_0.1_10kbp_random_trees.phy","expA1_00001_0070_027_0.1_10kbp_partitions.nex","expA1_00001_0070_027_0.1_10kbp_output_alignment"
"1628",28,70,1,0.1,10000,"expA1_00001_0070_028_0.1_10kbp","JC",NA,"DNA","expA1_00001_0070_028_0.1_10kbp_random_trees.phy","expA1_00001_0070_028_0.1_10kbp_partitions.nex","expA1_00001_0070_028_0.1_10kbp_output_alignment"
"1629",29,70,1,0.1,10000,"expA1_00001_0070_029_0.1_10kbp","JC",NA,"DNA","expA1_00001_0070_029_0.1_10kbp_random_trees.phy","expA1_00001_0070_029_0.1_10kbp_partitions.nex","expA1_00001_0070_029_0.1_10kbp_output_alignment"
"1630",30,70,1,0.1,10000,"expA1_00001_0070_030_0.1_10kbp","JC",NA,"DNA","expA1_00001_0070_030_0.1_10kbp_random_trees.phy","expA1_00001_0070_030_0.1_10kbp_partitions.nex","expA1_00001_0070_030_0.1_10kbp_output_alignment"
"1631",31,70,1,0.1,10000,"expA1_00001_0070_031_0.1_10kbp","JC",NA,"DNA","expA1_00001_0070_031_0.1_10kbp_random_trees.phy","expA1_00001_0070_031_0.1_10kbp_partitions.nex","expA1_00001_0070_031_0.1_10kbp_output_alignment"
"1632",32,70,1,0.1,10000,"expA1_00001_0070_032_0.1_10kbp","JC",NA,"DNA","expA1_00001_0070_032_0.1_10kbp_random_trees.phy","expA1_00001_0070_032_0.1_10kbp_partitions.nex","expA1_00001_0070_032_0.1_10kbp_output_alignment"
"1633",33,70,1,0.1,10000,"expA1_00001_0070_033_0.1_10kbp","JC",NA,"DNA","expA1_00001_0070_033_0.1_10kbp_random_trees.phy","expA1_00001_0070_033_0.1_10kbp_partitions.nex","expA1_00001_0070_033_0.1_10kbp_output_alignment"
"1634",34,70,1,0.1,10000,"expA1_00001_0070_034_0.1_10kbp","JC",NA,"DNA","expA1_00001_0070_034_0.1_10kbp_random_trees.phy","expA1_00001_0070_034_0.1_10kbp_partitions.nex","expA1_00001_0070_034_0.1_10kbp_output_alignment"
"1635",35,70,1,0.1,10000,"expA1_00001_0070_035_0.1_10kbp","JC",NA,"DNA","expA1_00001_0070_035_0.1_10kbp_random_trees.phy","expA1_00001_0070_035_0.1_10kbp_partitions.nex","expA1_00001_0070_035_0.1_10kbp_output_alignment"
"1636",36,70,1,0.1,10000,"expA1_00001_0070_036_0.1_10kbp","JC",NA,"DNA","expA1_00001_0070_036_0.1_10kbp_random_trees.phy","expA1_00001_0070_036_0.1_10kbp_partitions.nex","expA1_00001_0070_036_0.1_10kbp_output_alignment"
"1637",37,70,1,0.1,10000,"expA1_00001_0070_037_0.1_10kbp","JC",NA,"DNA","expA1_00001_0070_037_0.1_10kbp_random_trees.phy","expA1_00001_0070_037_0.1_10kbp_partitions.nex","expA1_00001_0070_037_0.1_10kbp_output_alignment"
"1638",38,70,1,0.1,10000,"expA1_00001_0070_038_0.1_10kbp","JC",NA,"DNA","expA1_00001_0070_038_0.1_10kbp_random_trees.phy","expA1_00001_0070_038_0.1_10kbp_partitions.nex","expA1_00001_0070_038_0.1_10kbp_output_alignment"
"1639",39,70,1,0.1,10000,"expA1_00001_0070_039_0.1_10kbp","JC",NA,"DNA","expA1_00001_0070_039_0.1_10kbp_random_trees.phy","expA1_00001_0070_039_0.1_10kbp_partitions.nex","expA1_00001_0070_039_0.1_10kbp_output_alignment"
"1640",40,70,1,0.1,10000,"expA1_00001_0070_040_0.1_10kbp","JC",NA,"DNA","expA1_00001_0070_040_0.1_10kbp_random_trees.phy","expA1_00001_0070_040_0.1_10kbp_partitions.nex","expA1_00001_0070_040_0.1_10kbp_output_alignment"
"1641",41,70,1,0.1,10000,"expA1_00001_0070_041_0.1_10kbp","JC",NA,"DNA","expA1_00001_0070_041_0.1_10kbp_random_trees.phy","expA1_00001_0070_041_0.1_10kbp_partitions.nex","expA1_00001_0070_041_0.1_10kbp_output_alignment"
"1642",42,70,1,0.1,10000,"expA1_00001_0070_042_0.1_10kbp","JC",NA,"DNA","expA1_00001_0070_042_0.1_10kbp_random_trees.phy","expA1_00001_0070_042_0.1_10kbp_partitions.nex","expA1_00001_0070_042_0.1_10kbp_output_alignment"
"1643",43,70,1,0.1,10000,"expA1_00001_0070_043_0.1_10kbp","JC",NA,"DNA","expA1_00001_0070_043_0.1_10kbp_random_trees.phy","expA1_00001_0070_043_0.1_10kbp_partitions.nex","expA1_00001_0070_043_0.1_10kbp_output_alignment"
"1644",44,70,1,0.1,10000,"expA1_00001_0070_044_0.1_10kbp","JC",NA,"DNA","expA1_00001_0070_044_0.1_10kbp_random_trees.phy","expA1_00001_0070_044_0.1_10kbp_partitions.nex","expA1_00001_0070_044_0.1_10kbp_output_alignment"
"1645",45,70,1,0.1,10000,"expA1_00001_0070_045_0.1_10kbp","JC",NA,"DNA","expA1_00001_0070_045_0.1_10kbp_random_trees.phy","expA1_00001_0070_045_0.1_10kbp_partitions.nex","expA1_00001_0070_045_0.1_10kbp_output_alignment"
"1646",46,70,1,0.1,10000,"expA1_00001_0070_046_0.1_10kbp","JC",NA,"DNA","expA1_00001_0070_046_0.1_10kbp_random_trees.phy","expA1_00001_0070_046_0.1_10kbp_partitions.nex","expA1_00001_0070_046_0.1_10kbp_output_alignment"
"1647",47,70,1,0.1,10000,"expA1_00001_0070_047_0.1_10kbp","JC",NA,"DNA","expA1_00001_0070_047_0.1_10kbp_random_trees.phy","expA1_00001_0070_047_0.1_10kbp_partitions.nex","expA1_00001_0070_047_0.1_10kbp_output_alignment"
"1648",48,70,1,0.1,10000,"expA1_00001_0070_048_0.1_10kbp","JC",NA,"DNA","expA1_00001_0070_048_0.1_10kbp_random_trees.phy","expA1_00001_0070_048_0.1_10kbp_partitions.nex","expA1_00001_0070_048_0.1_10kbp_output_alignment"
"1649",49,70,1,0.1,10000,"expA1_00001_0070_049_0.1_10kbp","JC",NA,"DNA","expA1_00001_0070_049_0.1_10kbp_random_trees.phy","expA1_00001_0070_049_0.1_10kbp_partitions.nex","expA1_00001_0070_049_0.1_10kbp_output_alignment"
"1650",50,70,1,0.1,10000,"expA1_00001_0070_050_0.1_10kbp","JC",NA,"DNA","expA1_00001_0070_050_0.1_10kbp_random_trees.phy","expA1_00001_0070_050_0.1_10kbp_partitions.nex","expA1_00001_0070_050_0.1_10kbp_output_alignment"
"1651",51,70,1,0.1,10000,"expA1_00001_0070_051_0.1_10kbp","JC",NA,"DNA","expA1_00001_0070_051_0.1_10kbp_random_trees.phy","expA1_00001_0070_051_0.1_10kbp_partitions.nex","expA1_00001_0070_051_0.1_10kbp_output_alignment"
"1652",52,70,1,0.1,10000,"expA1_00001_0070_052_0.1_10kbp","JC",NA,"DNA","expA1_00001_0070_052_0.1_10kbp_random_trees.phy","expA1_00001_0070_052_0.1_10kbp_partitions.nex","expA1_00001_0070_052_0.1_10kbp_output_alignment"
"1653",53,70,1,0.1,10000,"expA1_00001_0070_053_0.1_10kbp","JC",NA,"DNA","expA1_00001_0070_053_0.1_10kbp_random_trees.phy","expA1_00001_0070_053_0.1_10kbp_partitions.nex","expA1_00001_0070_053_0.1_10kbp_output_alignment"
"1654",54,70,1,0.1,10000,"expA1_00001_0070_054_0.1_10kbp","JC",NA,"DNA","expA1_00001_0070_054_0.1_10kbp_random_trees.phy","expA1_00001_0070_054_0.1_10kbp_partitions.nex","expA1_00001_0070_054_0.1_10kbp_output_alignment"
"1655",55,70,1,0.1,10000,"expA1_00001_0070_055_0.1_10kbp","JC",NA,"DNA","expA1_00001_0070_055_0.1_10kbp_random_trees.phy","expA1_00001_0070_055_0.1_10kbp_partitions.nex","expA1_00001_0070_055_0.1_10kbp_output_alignment"
"1656",56,70,1,0.1,10000,"expA1_00001_0070_056_0.1_10kbp","JC",NA,"DNA","expA1_00001_0070_056_0.1_10kbp_random_trees.phy","expA1_00001_0070_056_0.1_10kbp_partitions.nex","expA1_00001_0070_056_0.1_10kbp_output_alignment"
"1657",57,70,1,0.1,10000,"expA1_00001_0070_057_0.1_10kbp","JC",NA,"DNA","expA1_00001_0070_057_0.1_10kbp_random_trees.phy","expA1_00001_0070_057_0.1_10kbp_partitions.nex","expA1_00001_0070_057_0.1_10kbp_output_alignment"
"1658",58,70,1,0.1,10000,"expA1_00001_0070_058_0.1_10kbp","JC",NA,"DNA","expA1_00001_0070_058_0.1_10kbp_random_trees.phy","expA1_00001_0070_058_0.1_10kbp_partitions.nex","expA1_00001_0070_058_0.1_10kbp_output_alignment"
"1659",59,70,1,0.1,10000,"expA1_00001_0070_059_0.1_10kbp","JC",NA,"DNA","expA1_00001_0070_059_0.1_10kbp_random_trees.phy","expA1_00001_0070_059_0.1_10kbp_partitions.nex","expA1_00001_0070_059_0.1_10kbp_output_alignment"
"1660",60,70,1,0.1,10000,"expA1_00001_0070_060_0.1_10kbp","JC",NA,"DNA","expA1_00001_0070_060_0.1_10kbp_random_trees.phy","expA1_00001_0070_060_0.1_10kbp_partitions.nex","expA1_00001_0070_060_0.1_10kbp_output_alignment"
"1661",61,70,1,0.1,10000,"expA1_00001_0070_061_0.1_10kbp","JC",NA,"DNA","expA1_00001_0070_061_0.1_10kbp_random_trees.phy","expA1_00001_0070_061_0.1_10kbp_partitions.nex","expA1_00001_0070_061_0.1_10kbp_output_alignment"
"1662",62,70,1,0.1,10000,"expA1_00001_0070_062_0.1_10kbp","JC",NA,"DNA","expA1_00001_0070_062_0.1_10kbp_random_trees.phy","expA1_00001_0070_062_0.1_10kbp_partitions.nex","expA1_00001_0070_062_0.1_10kbp_output_alignment"
"1663",63,70,1,0.1,10000,"expA1_00001_0070_063_0.1_10kbp","JC",NA,"DNA","expA1_00001_0070_063_0.1_10kbp_random_trees.phy","expA1_00001_0070_063_0.1_10kbp_partitions.nex","expA1_00001_0070_063_0.1_10kbp_output_alignment"
"1664",64,70,1,0.1,10000,"expA1_00001_0070_064_0.1_10kbp","JC",NA,"DNA","expA1_00001_0070_064_0.1_10kbp_random_trees.phy","expA1_00001_0070_064_0.1_10kbp_partitions.nex","expA1_00001_0070_064_0.1_10kbp_output_alignment"
"1665",65,70,1,0.1,10000,"expA1_00001_0070_065_0.1_10kbp","JC",NA,"DNA","expA1_00001_0070_065_0.1_10kbp_random_trees.phy","expA1_00001_0070_065_0.1_10kbp_partitions.nex","expA1_00001_0070_065_0.1_10kbp_output_alignment"
"1666",66,70,1,0.1,10000,"expA1_00001_0070_066_0.1_10kbp","JC",NA,"DNA","expA1_00001_0070_066_0.1_10kbp_random_trees.phy","expA1_00001_0070_066_0.1_10kbp_partitions.nex","expA1_00001_0070_066_0.1_10kbp_output_alignment"
"1667",67,70,1,0.1,10000,"expA1_00001_0070_067_0.1_10kbp","JC",NA,"DNA","expA1_00001_0070_067_0.1_10kbp_random_trees.phy","expA1_00001_0070_067_0.1_10kbp_partitions.nex","expA1_00001_0070_067_0.1_10kbp_output_alignment"
"1668",68,70,1,0.1,10000,"expA1_00001_0070_068_0.1_10kbp","JC",NA,"DNA","expA1_00001_0070_068_0.1_10kbp_random_trees.phy","expA1_00001_0070_068_0.1_10kbp_partitions.nex","expA1_00001_0070_068_0.1_10kbp_output_alignment"
"1669",69,70,1,0.1,10000,"expA1_00001_0070_069_0.1_10kbp","JC",NA,"DNA","expA1_00001_0070_069_0.1_10kbp_random_trees.phy","expA1_00001_0070_069_0.1_10kbp_partitions.nex","expA1_00001_0070_069_0.1_10kbp_output_alignment"
"1670",70,70,1,0.1,10000,"expA1_00001_0070_070_0.1_10kbp","JC",NA,"DNA","expA1_00001_0070_070_0.1_10kbp_random_trees.phy","expA1_00001_0070_070_0.1_10kbp_partitions.nex","expA1_00001_0070_070_0.1_10kbp_output_alignment"
"1671",71,70,1,0.1,10000,"expA1_00001_0070_071_0.1_10kbp","JC",NA,"DNA","expA1_00001_0070_071_0.1_10kbp_random_trees.phy","expA1_00001_0070_071_0.1_10kbp_partitions.nex","expA1_00001_0070_071_0.1_10kbp_output_alignment"
"1672",72,70,1,0.1,10000,"expA1_00001_0070_072_0.1_10kbp","JC",NA,"DNA","expA1_00001_0070_072_0.1_10kbp_random_trees.phy","expA1_00001_0070_072_0.1_10kbp_partitions.nex","expA1_00001_0070_072_0.1_10kbp_output_alignment"
"1673",73,70,1,0.1,10000,"expA1_00001_0070_073_0.1_10kbp","JC",NA,"DNA","expA1_00001_0070_073_0.1_10kbp_random_trees.phy","expA1_00001_0070_073_0.1_10kbp_partitions.nex","expA1_00001_0070_073_0.1_10kbp_output_alignment"
"1674",74,70,1,0.1,10000,"expA1_00001_0070_074_0.1_10kbp","JC",NA,"DNA","expA1_00001_0070_074_0.1_10kbp_random_trees.phy","expA1_00001_0070_074_0.1_10kbp_partitions.nex","expA1_00001_0070_074_0.1_10kbp_output_alignment"
"1675",75,70,1,0.1,10000,"expA1_00001_0070_075_0.1_10kbp","JC",NA,"DNA","expA1_00001_0070_075_0.1_10kbp_random_trees.phy","expA1_00001_0070_075_0.1_10kbp_partitions.nex","expA1_00001_0070_075_0.1_10kbp_output_alignment"
"1676",76,70,1,0.1,10000,"expA1_00001_0070_076_0.1_10kbp","JC",NA,"DNA","expA1_00001_0070_076_0.1_10kbp_random_trees.phy","expA1_00001_0070_076_0.1_10kbp_partitions.nex","expA1_00001_0070_076_0.1_10kbp_output_alignment"
"1677",77,70,1,0.1,10000,"expA1_00001_0070_077_0.1_10kbp","JC",NA,"DNA","expA1_00001_0070_077_0.1_10kbp_random_trees.phy","expA1_00001_0070_077_0.1_10kbp_partitions.nex","expA1_00001_0070_077_0.1_10kbp_output_alignment"
"1678",78,70,1,0.1,10000,"expA1_00001_0070_078_0.1_10kbp","JC",NA,"DNA","expA1_00001_0070_078_0.1_10kbp_random_trees.phy","expA1_00001_0070_078_0.1_10kbp_partitions.nex","expA1_00001_0070_078_0.1_10kbp_output_alignment"
"1679",79,70,1,0.1,10000,"expA1_00001_0070_079_0.1_10kbp","JC",NA,"DNA","expA1_00001_0070_079_0.1_10kbp_random_trees.phy","expA1_00001_0070_079_0.1_10kbp_partitions.nex","expA1_00001_0070_079_0.1_10kbp_output_alignment"
"1680",80,70,1,0.1,10000,"expA1_00001_0070_080_0.1_10kbp","JC",NA,"DNA","expA1_00001_0070_080_0.1_10kbp_random_trees.phy","expA1_00001_0070_080_0.1_10kbp_partitions.nex","expA1_00001_0070_080_0.1_10kbp_output_alignment"
"1681",81,70,1,0.1,10000,"expA1_00001_0070_081_0.1_10kbp","JC",NA,"DNA","expA1_00001_0070_081_0.1_10kbp_random_trees.phy","expA1_00001_0070_081_0.1_10kbp_partitions.nex","expA1_00001_0070_081_0.1_10kbp_output_alignment"
"1682",82,70,1,0.1,10000,"expA1_00001_0070_082_0.1_10kbp","JC",NA,"DNA","expA1_00001_0070_082_0.1_10kbp_random_trees.phy","expA1_00001_0070_082_0.1_10kbp_partitions.nex","expA1_00001_0070_082_0.1_10kbp_output_alignment"
"1683",83,70,1,0.1,10000,"expA1_00001_0070_083_0.1_10kbp","JC",NA,"DNA","expA1_00001_0070_083_0.1_10kbp_random_trees.phy","expA1_00001_0070_083_0.1_10kbp_partitions.nex","expA1_00001_0070_083_0.1_10kbp_output_alignment"
"1684",84,70,1,0.1,10000,"expA1_00001_0070_084_0.1_10kbp","JC",NA,"DNA","expA1_00001_0070_084_0.1_10kbp_random_trees.phy","expA1_00001_0070_084_0.1_10kbp_partitions.nex","expA1_00001_0070_084_0.1_10kbp_output_alignment"
"1685",85,70,1,0.1,10000,"expA1_00001_0070_085_0.1_10kbp","JC",NA,"DNA","expA1_00001_0070_085_0.1_10kbp_random_trees.phy","expA1_00001_0070_085_0.1_10kbp_partitions.nex","expA1_00001_0070_085_0.1_10kbp_output_alignment"
"1686",86,70,1,0.1,10000,"expA1_00001_0070_086_0.1_10kbp","JC",NA,"DNA","expA1_00001_0070_086_0.1_10kbp_random_trees.phy","expA1_00001_0070_086_0.1_10kbp_partitions.nex","expA1_00001_0070_086_0.1_10kbp_output_alignment"
"1687",87,70,1,0.1,10000,"expA1_00001_0070_087_0.1_10kbp","JC",NA,"DNA","expA1_00001_0070_087_0.1_10kbp_random_trees.phy","expA1_00001_0070_087_0.1_10kbp_partitions.nex","expA1_00001_0070_087_0.1_10kbp_output_alignment"
"1688",88,70,1,0.1,10000,"expA1_00001_0070_088_0.1_10kbp","JC",NA,"DNA","expA1_00001_0070_088_0.1_10kbp_random_trees.phy","expA1_00001_0070_088_0.1_10kbp_partitions.nex","expA1_00001_0070_088_0.1_10kbp_output_alignment"
"1689",89,70,1,0.1,10000,"expA1_00001_0070_089_0.1_10kbp","JC",NA,"DNA","expA1_00001_0070_089_0.1_10kbp_random_trees.phy","expA1_00001_0070_089_0.1_10kbp_partitions.nex","expA1_00001_0070_089_0.1_10kbp_output_alignment"
"1690",90,70,1,0.1,10000,"expA1_00001_0070_090_0.1_10kbp","JC",NA,"DNA","expA1_00001_0070_090_0.1_10kbp_random_trees.phy","expA1_00001_0070_090_0.1_10kbp_partitions.nex","expA1_00001_0070_090_0.1_10kbp_output_alignment"
"1691",91,70,1,0.1,10000,"expA1_00001_0070_091_0.1_10kbp","JC",NA,"DNA","expA1_00001_0070_091_0.1_10kbp_random_trees.phy","expA1_00001_0070_091_0.1_10kbp_partitions.nex","expA1_00001_0070_091_0.1_10kbp_output_alignment"
"1692",92,70,1,0.1,10000,"expA1_00001_0070_092_0.1_10kbp","JC",NA,"DNA","expA1_00001_0070_092_0.1_10kbp_random_trees.phy","expA1_00001_0070_092_0.1_10kbp_partitions.nex","expA1_00001_0070_092_0.1_10kbp_output_alignment"
"1693",93,70,1,0.1,10000,"expA1_00001_0070_093_0.1_10kbp","JC",NA,"DNA","expA1_00001_0070_093_0.1_10kbp_random_trees.phy","expA1_00001_0070_093_0.1_10kbp_partitions.nex","expA1_00001_0070_093_0.1_10kbp_output_alignment"
"1694",94,70,1,0.1,10000,"expA1_00001_0070_094_0.1_10kbp","JC",NA,"DNA","expA1_00001_0070_094_0.1_10kbp_random_trees.phy","expA1_00001_0070_094_0.1_10kbp_partitions.nex","expA1_00001_0070_094_0.1_10kbp_output_alignment"
"1695",95,70,1,0.1,10000,"expA1_00001_0070_095_0.1_10kbp","JC",NA,"DNA","expA1_00001_0070_095_0.1_10kbp_random_trees.phy","expA1_00001_0070_095_0.1_10kbp_partitions.nex","expA1_00001_0070_095_0.1_10kbp_output_alignment"
"1696",96,70,1,0.1,10000,"expA1_00001_0070_096_0.1_10kbp","JC",NA,"DNA","expA1_00001_0070_096_0.1_10kbp_random_trees.phy","expA1_00001_0070_096_0.1_10kbp_partitions.nex","expA1_00001_0070_096_0.1_10kbp_output_alignment"
"1697",97,70,1,0.1,10000,"expA1_00001_0070_097_0.1_10kbp","JC",NA,"DNA","expA1_00001_0070_097_0.1_10kbp_random_trees.phy","expA1_00001_0070_097_0.1_10kbp_partitions.nex","expA1_00001_0070_097_0.1_10kbp_output_alignment"
"1698",98,70,1,0.1,10000,"expA1_00001_0070_098_0.1_10kbp","JC",NA,"DNA","expA1_00001_0070_098_0.1_10kbp_random_trees.phy","expA1_00001_0070_098_0.1_10kbp_partitions.nex","expA1_00001_0070_098_0.1_10kbp_output_alignment"
"1699",99,70,1,0.1,10000,"expA1_00001_0070_099_0.1_10kbp","JC",NA,"DNA","expA1_00001_0070_099_0.1_10kbp_random_trees.phy","expA1_00001_0070_099_0.1_10kbp_partitions.nex","expA1_00001_0070_099_0.1_10kbp_output_alignment"
"1700",100,70,1,0.1,10000,"expA1_00001_0070_100_0.1_10kbp","JC",NA,"DNA","expA1_00001_0070_100_0.1_10kbp_random_trees.phy","expA1_00001_0070_100_0.1_10kbp_partitions.nex","expA1_00001_0070_100_0.1_10kbp_output_alignment"
"1701",1,80,1,0.1,10000,"expA1_00001_0080_001_0.1_10kbp","JC",NA,"DNA","expA1_00001_0080_001_0.1_10kbp_random_trees.phy","expA1_00001_0080_001_0.1_10kbp_partitions.nex","expA1_00001_0080_001_0.1_10kbp_output_alignment"
"1702",2,80,1,0.1,10000,"expA1_00001_0080_002_0.1_10kbp","JC",NA,"DNA","expA1_00001_0080_002_0.1_10kbp_random_trees.phy","expA1_00001_0080_002_0.1_10kbp_partitions.nex","expA1_00001_0080_002_0.1_10kbp_output_alignment"
"1703",3,80,1,0.1,10000,"expA1_00001_0080_003_0.1_10kbp","JC",NA,"DNA","expA1_00001_0080_003_0.1_10kbp_random_trees.phy","expA1_00001_0080_003_0.1_10kbp_partitions.nex","expA1_00001_0080_003_0.1_10kbp_output_alignment"
"1704",4,80,1,0.1,10000,"expA1_00001_0080_004_0.1_10kbp","JC",NA,"DNA","expA1_00001_0080_004_0.1_10kbp_random_trees.phy","expA1_00001_0080_004_0.1_10kbp_partitions.nex","expA1_00001_0080_004_0.1_10kbp_output_alignment"
"1705",5,80,1,0.1,10000,"expA1_00001_0080_005_0.1_10kbp","JC",NA,"DNA","expA1_00001_0080_005_0.1_10kbp_random_trees.phy","expA1_00001_0080_005_0.1_10kbp_partitions.nex","expA1_00001_0080_005_0.1_10kbp_output_alignment"
"1706",6,80,1,0.1,10000,"expA1_00001_0080_006_0.1_10kbp","JC",NA,"DNA","expA1_00001_0080_006_0.1_10kbp_random_trees.phy","expA1_00001_0080_006_0.1_10kbp_partitions.nex","expA1_00001_0080_006_0.1_10kbp_output_alignment"
"1707",7,80,1,0.1,10000,"expA1_00001_0080_007_0.1_10kbp","JC",NA,"DNA","expA1_00001_0080_007_0.1_10kbp_random_trees.phy","expA1_00001_0080_007_0.1_10kbp_partitions.nex","expA1_00001_0080_007_0.1_10kbp_output_alignment"
"1708",8,80,1,0.1,10000,"expA1_00001_0080_008_0.1_10kbp","JC",NA,"DNA","expA1_00001_0080_008_0.1_10kbp_random_trees.phy","expA1_00001_0080_008_0.1_10kbp_partitions.nex","expA1_00001_0080_008_0.1_10kbp_output_alignment"
"1709",9,80,1,0.1,10000,"expA1_00001_0080_009_0.1_10kbp","JC",NA,"DNA","expA1_00001_0080_009_0.1_10kbp_random_trees.phy","expA1_00001_0080_009_0.1_10kbp_partitions.nex","expA1_00001_0080_009_0.1_10kbp_output_alignment"
"1710",10,80,1,0.1,10000,"expA1_00001_0080_010_0.1_10kbp","JC",NA,"DNA","expA1_00001_0080_010_0.1_10kbp_random_trees.phy","expA1_00001_0080_010_0.1_10kbp_partitions.nex","expA1_00001_0080_010_0.1_10kbp_output_alignment"
"1711",11,80,1,0.1,10000,"expA1_00001_0080_011_0.1_10kbp","JC",NA,"DNA","expA1_00001_0080_011_0.1_10kbp_random_trees.phy","expA1_00001_0080_011_0.1_10kbp_partitions.nex","expA1_00001_0080_011_0.1_10kbp_output_alignment"
"1712",12,80,1,0.1,10000,"expA1_00001_0080_012_0.1_10kbp","JC",NA,"DNA","expA1_00001_0080_012_0.1_10kbp_random_trees.phy","expA1_00001_0080_012_0.1_10kbp_partitions.nex","expA1_00001_0080_012_0.1_10kbp_output_alignment"
"1713",13,80,1,0.1,10000,"expA1_00001_0080_013_0.1_10kbp","JC",NA,"DNA","expA1_00001_0080_013_0.1_10kbp_random_trees.phy","expA1_00001_0080_013_0.1_10kbp_partitions.nex","expA1_00001_0080_013_0.1_10kbp_output_alignment"
"1714",14,80,1,0.1,10000,"expA1_00001_0080_014_0.1_10kbp","JC",NA,"DNA","expA1_00001_0080_014_0.1_10kbp_random_trees.phy","expA1_00001_0080_014_0.1_10kbp_partitions.nex","expA1_00001_0080_014_0.1_10kbp_output_alignment"
"1715",15,80,1,0.1,10000,"expA1_00001_0080_015_0.1_10kbp","JC",NA,"DNA","expA1_00001_0080_015_0.1_10kbp_random_trees.phy","expA1_00001_0080_015_0.1_10kbp_partitions.nex","expA1_00001_0080_015_0.1_10kbp_output_alignment"
"1716",16,80,1,0.1,10000,"expA1_00001_0080_016_0.1_10kbp","JC",NA,"DNA","expA1_00001_0080_016_0.1_10kbp_random_trees.phy","expA1_00001_0080_016_0.1_10kbp_partitions.nex","expA1_00001_0080_016_0.1_10kbp_output_alignment"
"1717",17,80,1,0.1,10000,"expA1_00001_0080_017_0.1_10kbp","JC",NA,"DNA","expA1_00001_0080_017_0.1_10kbp_random_trees.phy","expA1_00001_0080_017_0.1_10kbp_partitions.nex","expA1_00001_0080_017_0.1_10kbp_output_alignment"
"1718",18,80,1,0.1,10000,"expA1_00001_0080_018_0.1_10kbp","JC",NA,"DNA","expA1_00001_0080_018_0.1_10kbp_random_trees.phy","expA1_00001_0080_018_0.1_10kbp_partitions.nex","expA1_00001_0080_018_0.1_10kbp_output_alignment"
"1719",19,80,1,0.1,10000,"expA1_00001_0080_019_0.1_10kbp","JC",NA,"DNA","expA1_00001_0080_019_0.1_10kbp_random_trees.phy","expA1_00001_0080_019_0.1_10kbp_partitions.nex","expA1_00001_0080_019_0.1_10kbp_output_alignment"
"1720",20,80,1,0.1,10000,"expA1_00001_0080_020_0.1_10kbp","JC",NA,"DNA","expA1_00001_0080_020_0.1_10kbp_random_trees.phy","expA1_00001_0080_020_0.1_10kbp_partitions.nex","expA1_00001_0080_020_0.1_10kbp_output_alignment"
"1721",21,80,1,0.1,10000,"expA1_00001_0080_021_0.1_10kbp","JC",NA,"DNA","expA1_00001_0080_021_0.1_10kbp_random_trees.phy","expA1_00001_0080_021_0.1_10kbp_partitions.nex","expA1_00001_0080_021_0.1_10kbp_output_alignment"
"1722",22,80,1,0.1,10000,"expA1_00001_0080_022_0.1_10kbp","JC",NA,"DNA","expA1_00001_0080_022_0.1_10kbp_random_trees.phy","expA1_00001_0080_022_0.1_10kbp_partitions.nex","expA1_00001_0080_022_0.1_10kbp_output_alignment"
"1723",23,80,1,0.1,10000,"expA1_00001_0080_023_0.1_10kbp","JC",NA,"DNA","expA1_00001_0080_023_0.1_10kbp_random_trees.phy","expA1_00001_0080_023_0.1_10kbp_partitions.nex","expA1_00001_0080_023_0.1_10kbp_output_alignment"
"1724",24,80,1,0.1,10000,"expA1_00001_0080_024_0.1_10kbp","JC",NA,"DNA","expA1_00001_0080_024_0.1_10kbp_random_trees.phy","expA1_00001_0080_024_0.1_10kbp_partitions.nex","expA1_00001_0080_024_0.1_10kbp_output_alignment"
"1725",25,80,1,0.1,10000,"expA1_00001_0080_025_0.1_10kbp","JC",NA,"DNA","expA1_00001_0080_025_0.1_10kbp_random_trees.phy","expA1_00001_0080_025_0.1_10kbp_partitions.nex","expA1_00001_0080_025_0.1_10kbp_output_alignment"
"1726",26,80,1,0.1,10000,"expA1_00001_0080_026_0.1_10kbp","JC",NA,"DNA","expA1_00001_0080_026_0.1_10kbp_random_trees.phy","expA1_00001_0080_026_0.1_10kbp_partitions.nex","expA1_00001_0080_026_0.1_10kbp_output_alignment"
"1727",27,80,1,0.1,10000,"expA1_00001_0080_027_0.1_10kbp","JC",NA,"DNA","expA1_00001_0080_027_0.1_10kbp_random_trees.phy","expA1_00001_0080_027_0.1_10kbp_partitions.nex","expA1_00001_0080_027_0.1_10kbp_output_alignment"
"1728",28,80,1,0.1,10000,"expA1_00001_0080_028_0.1_10kbp","JC",NA,"DNA","expA1_00001_0080_028_0.1_10kbp_random_trees.phy","expA1_00001_0080_028_0.1_10kbp_partitions.nex","expA1_00001_0080_028_0.1_10kbp_output_alignment"
"1729",29,80,1,0.1,10000,"expA1_00001_0080_029_0.1_10kbp","JC",NA,"DNA","expA1_00001_0080_029_0.1_10kbp_random_trees.phy","expA1_00001_0080_029_0.1_10kbp_partitions.nex","expA1_00001_0080_029_0.1_10kbp_output_alignment"
"1730",30,80,1,0.1,10000,"expA1_00001_0080_030_0.1_10kbp","JC",NA,"DNA","expA1_00001_0080_030_0.1_10kbp_random_trees.phy","expA1_00001_0080_030_0.1_10kbp_partitions.nex","expA1_00001_0080_030_0.1_10kbp_output_alignment"
"1731",31,80,1,0.1,10000,"expA1_00001_0080_031_0.1_10kbp","JC",NA,"DNA","expA1_00001_0080_031_0.1_10kbp_random_trees.phy","expA1_00001_0080_031_0.1_10kbp_partitions.nex","expA1_00001_0080_031_0.1_10kbp_output_alignment"
"1732",32,80,1,0.1,10000,"expA1_00001_0080_032_0.1_10kbp","JC",NA,"DNA","expA1_00001_0080_032_0.1_10kbp_random_trees.phy","expA1_00001_0080_032_0.1_10kbp_partitions.nex","expA1_00001_0080_032_0.1_10kbp_output_alignment"
"1733",33,80,1,0.1,10000,"expA1_00001_0080_033_0.1_10kbp","JC",NA,"DNA","expA1_00001_0080_033_0.1_10kbp_random_trees.phy","expA1_00001_0080_033_0.1_10kbp_partitions.nex","expA1_00001_0080_033_0.1_10kbp_output_alignment"
"1734",34,80,1,0.1,10000,"expA1_00001_0080_034_0.1_10kbp","JC",NA,"DNA","expA1_00001_0080_034_0.1_10kbp_random_trees.phy","expA1_00001_0080_034_0.1_10kbp_partitions.nex","expA1_00001_0080_034_0.1_10kbp_output_alignment"
"1735",35,80,1,0.1,10000,"expA1_00001_0080_035_0.1_10kbp","JC",NA,"DNA","expA1_00001_0080_035_0.1_10kbp_random_trees.phy","expA1_00001_0080_035_0.1_10kbp_partitions.nex","expA1_00001_0080_035_0.1_10kbp_output_alignment"
"1736",36,80,1,0.1,10000,"expA1_00001_0080_036_0.1_10kbp","JC",NA,"DNA","expA1_00001_0080_036_0.1_10kbp_random_trees.phy","expA1_00001_0080_036_0.1_10kbp_partitions.nex","expA1_00001_0080_036_0.1_10kbp_output_alignment"
"1737",37,80,1,0.1,10000,"expA1_00001_0080_037_0.1_10kbp","JC",NA,"DNA","expA1_00001_0080_037_0.1_10kbp_random_trees.phy","expA1_00001_0080_037_0.1_10kbp_partitions.nex","expA1_00001_0080_037_0.1_10kbp_output_alignment"
"1738",38,80,1,0.1,10000,"expA1_00001_0080_038_0.1_10kbp","JC",NA,"DNA","expA1_00001_0080_038_0.1_10kbp_random_trees.phy","expA1_00001_0080_038_0.1_10kbp_partitions.nex","expA1_00001_0080_038_0.1_10kbp_output_alignment"
"1739",39,80,1,0.1,10000,"expA1_00001_0080_039_0.1_10kbp","JC",NA,"DNA","expA1_00001_0080_039_0.1_10kbp_random_trees.phy","expA1_00001_0080_039_0.1_10kbp_partitions.nex","expA1_00001_0080_039_0.1_10kbp_output_alignment"
"1740",40,80,1,0.1,10000,"expA1_00001_0080_040_0.1_10kbp","JC",NA,"DNA","expA1_00001_0080_040_0.1_10kbp_random_trees.phy","expA1_00001_0080_040_0.1_10kbp_partitions.nex","expA1_00001_0080_040_0.1_10kbp_output_alignment"
"1741",41,80,1,0.1,10000,"expA1_00001_0080_041_0.1_10kbp","JC",NA,"DNA","expA1_00001_0080_041_0.1_10kbp_random_trees.phy","expA1_00001_0080_041_0.1_10kbp_partitions.nex","expA1_00001_0080_041_0.1_10kbp_output_alignment"
"1742",42,80,1,0.1,10000,"expA1_00001_0080_042_0.1_10kbp","JC",NA,"DNA","expA1_00001_0080_042_0.1_10kbp_random_trees.phy","expA1_00001_0080_042_0.1_10kbp_partitions.nex","expA1_00001_0080_042_0.1_10kbp_output_alignment"
"1743",43,80,1,0.1,10000,"expA1_00001_0080_043_0.1_10kbp","JC",NA,"DNA","expA1_00001_0080_043_0.1_10kbp_random_trees.phy","expA1_00001_0080_043_0.1_10kbp_partitions.nex","expA1_00001_0080_043_0.1_10kbp_output_alignment"
"1744",44,80,1,0.1,10000,"expA1_00001_0080_044_0.1_10kbp","JC",NA,"DNA","expA1_00001_0080_044_0.1_10kbp_random_trees.phy","expA1_00001_0080_044_0.1_10kbp_partitions.nex","expA1_00001_0080_044_0.1_10kbp_output_alignment"
"1745",45,80,1,0.1,10000,"expA1_00001_0080_045_0.1_10kbp","JC",NA,"DNA","expA1_00001_0080_045_0.1_10kbp_random_trees.phy","expA1_00001_0080_045_0.1_10kbp_partitions.nex","expA1_00001_0080_045_0.1_10kbp_output_alignment"
"1746",46,80,1,0.1,10000,"expA1_00001_0080_046_0.1_10kbp","JC",NA,"DNA","expA1_00001_0080_046_0.1_10kbp_random_trees.phy","expA1_00001_0080_046_0.1_10kbp_partitions.nex","expA1_00001_0080_046_0.1_10kbp_output_alignment"
"1747",47,80,1,0.1,10000,"expA1_00001_0080_047_0.1_10kbp","JC",NA,"DNA","expA1_00001_0080_047_0.1_10kbp_random_trees.phy","expA1_00001_0080_047_0.1_10kbp_partitions.nex","expA1_00001_0080_047_0.1_10kbp_output_alignment"
"1748",48,80,1,0.1,10000,"expA1_00001_0080_048_0.1_10kbp","JC",NA,"DNA","expA1_00001_0080_048_0.1_10kbp_random_trees.phy","expA1_00001_0080_048_0.1_10kbp_partitions.nex","expA1_00001_0080_048_0.1_10kbp_output_alignment"
"1749",49,80,1,0.1,10000,"expA1_00001_0080_049_0.1_10kbp","JC",NA,"DNA","expA1_00001_0080_049_0.1_10kbp_random_trees.phy","expA1_00001_0080_049_0.1_10kbp_partitions.nex","expA1_00001_0080_049_0.1_10kbp_output_alignment"
"1750",50,80,1,0.1,10000,"expA1_00001_0080_050_0.1_10kbp","JC",NA,"DNA","expA1_00001_0080_050_0.1_10kbp_random_trees.phy","expA1_00001_0080_050_0.1_10kbp_partitions.nex","expA1_00001_0080_050_0.1_10kbp_output_alignment"
"1751",51,80,1,0.1,10000,"expA1_00001_0080_051_0.1_10kbp","JC",NA,"DNA","expA1_00001_0080_051_0.1_10kbp_random_trees.phy","expA1_00001_0080_051_0.1_10kbp_partitions.nex","expA1_00001_0080_051_0.1_10kbp_output_alignment"
"1752",52,80,1,0.1,10000,"expA1_00001_0080_052_0.1_10kbp","JC",NA,"DNA","expA1_00001_0080_052_0.1_10kbp_random_trees.phy","expA1_00001_0080_052_0.1_10kbp_partitions.nex","expA1_00001_0080_052_0.1_10kbp_output_alignment"
"1753",53,80,1,0.1,10000,"expA1_00001_0080_053_0.1_10kbp","JC",NA,"DNA","expA1_00001_0080_053_0.1_10kbp_random_trees.phy","expA1_00001_0080_053_0.1_10kbp_partitions.nex","expA1_00001_0080_053_0.1_10kbp_output_alignment"
"1754",54,80,1,0.1,10000,"expA1_00001_0080_054_0.1_10kbp","JC",NA,"DNA","expA1_00001_0080_054_0.1_10kbp_random_trees.phy","expA1_00001_0080_054_0.1_10kbp_partitions.nex","expA1_00001_0080_054_0.1_10kbp_output_alignment"
"1755",55,80,1,0.1,10000,"expA1_00001_0080_055_0.1_10kbp","JC",NA,"DNA","expA1_00001_0080_055_0.1_10kbp_random_trees.phy","expA1_00001_0080_055_0.1_10kbp_partitions.nex","expA1_00001_0080_055_0.1_10kbp_output_alignment"
"1756",56,80,1,0.1,10000,"expA1_00001_0080_056_0.1_10kbp","JC",NA,"DNA","expA1_00001_0080_056_0.1_10kbp_random_trees.phy","expA1_00001_0080_056_0.1_10kbp_partitions.nex","expA1_00001_0080_056_0.1_10kbp_output_alignment"
"1757",57,80,1,0.1,10000,"expA1_00001_0080_057_0.1_10kbp","JC",NA,"DNA","expA1_00001_0080_057_0.1_10kbp_random_trees.phy","expA1_00001_0080_057_0.1_10kbp_partitions.nex","expA1_00001_0080_057_0.1_10kbp_output_alignment"
"1758",58,80,1,0.1,10000,"expA1_00001_0080_058_0.1_10kbp","JC",NA,"DNA","expA1_00001_0080_058_0.1_10kbp_random_trees.phy","expA1_00001_0080_058_0.1_10kbp_partitions.nex","expA1_00001_0080_058_0.1_10kbp_output_alignment"
"1759",59,80,1,0.1,10000,"expA1_00001_0080_059_0.1_10kbp","JC",NA,"DNA","expA1_00001_0080_059_0.1_10kbp_random_trees.phy","expA1_00001_0080_059_0.1_10kbp_partitions.nex","expA1_00001_0080_059_0.1_10kbp_output_alignment"
"1760",60,80,1,0.1,10000,"expA1_00001_0080_060_0.1_10kbp","JC",NA,"DNA","expA1_00001_0080_060_0.1_10kbp_random_trees.phy","expA1_00001_0080_060_0.1_10kbp_partitions.nex","expA1_00001_0080_060_0.1_10kbp_output_alignment"
"1761",61,80,1,0.1,10000,"expA1_00001_0080_061_0.1_10kbp","JC",NA,"DNA","expA1_00001_0080_061_0.1_10kbp_random_trees.phy","expA1_00001_0080_061_0.1_10kbp_partitions.nex","expA1_00001_0080_061_0.1_10kbp_output_alignment"
"1762",62,80,1,0.1,10000,"expA1_00001_0080_062_0.1_10kbp","JC",NA,"DNA","expA1_00001_0080_062_0.1_10kbp_random_trees.phy","expA1_00001_0080_062_0.1_10kbp_partitions.nex","expA1_00001_0080_062_0.1_10kbp_output_alignment"
"1763",63,80,1,0.1,10000,"expA1_00001_0080_063_0.1_10kbp","JC",NA,"DNA","expA1_00001_0080_063_0.1_10kbp_random_trees.phy","expA1_00001_0080_063_0.1_10kbp_partitions.nex","expA1_00001_0080_063_0.1_10kbp_output_alignment"
"1764",64,80,1,0.1,10000,"expA1_00001_0080_064_0.1_10kbp","JC",NA,"DNA","expA1_00001_0080_064_0.1_10kbp_random_trees.phy","expA1_00001_0080_064_0.1_10kbp_partitions.nex","expA1_00001_0080_064_0.1_10kbp_output_alignment"
"1765",65,80,1,0.1,10000,"expA1_00001_0080_065_0.1_10kbp","JC",NA,"DNA","expA1_00001_0080_065_0.1_10kbp_random_trees.phy","expA1_00001_0080_065_0.1_10kbp_partitions.nex","expA1_00001_0080_065_0.1_10kbp_output_alignment"
"1766",66,80,1,0.1,10000,"expA1_00001_0080_066_0.1_10kbp","JC",NA,"DNA","expA1_00001_0080_066_0.1_10kbp_random_trees.phy","expA1_00001_0080_066_0.1_10kbp_partitions.nex","expA1_00001_0080_066_0.1_10kbp_output_alignment"
"1767",67,80,1,0.1,10000,"expA1_00001_0080_067_0.1_10kbp","JC",NA,"DNA","expA1_00001_0080_067_0.1_10kbp_random_trees.phy","expA1_00001_0080_067_0.1_10kbp_partitions.nex","expA1_00001_0080_067_0.1_10kbp_output_alignment"
"1768",68,80,1,0.1,10000,"expA1_00001_0080_068_0.1_10kbp","JC",NA,"DNA","expA1_00001_0080_068_0.1_10kbp_random_trees.phy","expA1_00001_0080_068_0.1_10kbp_partitions.nex","expA1_00001_0080_068_0.1_10kbp_output_alignment"
"1769",69,80,1,0.1,10000,"expA1_00001_0080_069_0.1_10kbp","JC",NA,"DNA","expA1_00001_0080_069_0.1_10kbp_random_trees.phy","expA1_00001_0080_069_0.1_10kbp_partitions.nex","expA1_00001_0080_069_0.1_10kbp_output_alignment"
"1770",70,80,1,0.1,10000,"expA1_00001_0080_070_0.1_10kbp","JC",NA,"DNA","expA1_00001_0080_070_0.1_10kbp_random_trees.phy","expA1_00001_0080_070_0.1_10kbp_partitions.nex","expA1_00001_0080_070_0.1_10kbp_output_alignment"
"1771",71,80,1,0.1,10000,"expA1_00001_0080_071_0.1_10kbp","JC",NA,"DNA","expA1_00001_0080_071_0.1_10kbp_random_trees.phy","expA1_00001_0080_071_0.1_10kbp_partitions.nex","expA1_00001_0080_071_0.1_10kbp_output_alignment"
"1772",72,80,1,0.1,10000,"expA1_00001_0080_072_0.1_10kbp","JC",NA,"DNA","expA1_00001_0080_072_0.1_10kbp_random_trees.phy","expA1_00001_0080_072_0.1_10kbp_partitions.nex","expA1_00001_0080_072_0.1_10kbp_output_alignment"
"1773",73,80,1,0.1,10000,"expA1_00001_0080_073_0.1_10kbp","JC",NA,"DNA","expA1_00001_0080_073_0.1_10kbp_random_trees.phy","expA1_00001_0080_073_0.1_10kbp_partitions.nex","expA1_00001_0080_073_0.1_10kbp_output_alignment"
"1774",74,80,1,0.1,10000,"expA1_00001_0080_074_0.1_10kbp","JC",NA,"DNA","expA1_00001_0080_074_0.1_10kbp_random_trees.phy","expA1_00001_0080_074_0.1_10kbp_partitions.nex","expA1_00001_0080_074_0.1_10kbp_output_alignment"
"1775",75,80,1,0.1,10000,"expA1_00001_0080_075_0.1_10kbp","JC",NA,"DNA","expA1_00001_0080_075_0.1_10kbp_random_trees.phy","expA1_00001_0080_075_0.1_10kbp_partitions.nex","expA1_00001_0080_075_0.1_10kbp_output_alignment"
"1776",76,80,1,0.1,10000,"expA1_00001_0080_076_0.1_10kbp","JC",NA,"DNA","expA1_00001_0080_076_0.1_10kbp_random_trees.phy","expA1_00001_0080_076_0.1_10kbp_partitions.nex","expA1_00001_0080_076_0.1_10kbp_output_alignment"
"1777",77,80,1,0.1,10000,"expA1_00001_0080_077_0.1_10kbp","JC",NA,"DNA","expA1_00001_0080_077_0.1_10kbp_random_trees.phy","expA1_00001_0080_077_0.1_10kbp_partitions.nex","expA1_00001_0080_077_0.1_10kbp_output_alignment"
"1778",78,80,1,0.1,10000,"expA1_00001_0080_078_0.1_10kbp","JC",NA,"DNA","expA1_00001_0080_078_0.1_10kbp_random_trees.phy","expA1_00001_0080_078_0.1_10kbp_partitions.nex","expA1_00001_0080_078_0.1_10kbp_output_alignment"
"1779",79,80,1,0.1,10000,"expA1_00001_0080_079_0.1_10kbp","JC",NA,"DNA","expA1_00001_0080_079_0.1_10kbp_random_trees.phy","expA1_00001_0080_079_0.1_10kbp_partitions.nex","expA1_00001_0080_079_0.1_10kbp_output_alignment"
"1780",80,80,1,0.1,10000,"expA1_00001_0080_080_0.1_10kbp","JC",NA,"DNA","expA1_00001_0080_080_0.1_10kbp_random_trees.phy","expA1_00001_0080_080_0.1_10kbp_partitions.nex","expA1_00001_0080_080_0.1_10kbp_output_alignment"
"1781",81,80,1,0.1,10000,"expA1_00001_0080_081_0.1_10kbp","JC",NA,"DNA","expA1_00001_0080_081_0.1_10kbp_random_trees.phy","expA1_00001_0080_081_0.1_10kbp_partitions.nex","expA1_00001_0080_081_0.1_10kbp_output_alignment"
"1782",82,80,1,0.1,10000,"expA1_00001_0080_082_0.1_10kbp","JC",NA,"DNA","expA1_00001_0080_082_0.1_10kbp_random_trees.phy","expA1_00001_0080_082_0.1_10kbp_partitions.nex","expA1_00001_0080_082_0.1_10kbp_output_alignment"
"1783",83,80,1,0.1,10000,"expA1_00001_0080_083_0.1_10kbp","JC",NA,"DNA","expA1_00001_0080_083_0.1_10kbp_random_trees.phy","expA1_00001_0080_083_0.1_10kbp_partitions.nex","expA1_00001_0080_083_0.1_10kbp_output_alignment"
"1784",84,80,1,0.1,10000,"expA1_00001_0080_084_0.1_10kbp","JC",NA,"DNA","expA1_00001_0080_084_0.1_10kbp_random_trees.phy","expA1_00001_0080_084_0.1_10kbp_partitions.nex","expA1_00001_0080_084_0.1_10kbp_output_alignment"
"1785",85,80,1,0.1,10000,"expA1_00001_0080_085_0.1_10kbp","JC",NA,"DNA","expA1_00001_0080_085_0.1_10kbp_random_trees.phy","expA1_00001_0080_085_0.1_10kbp_partitions.nex","expA1_00001_0080_085_0.1_10kbp_output_alignment"
"1786",86,80,1,0.1,10000,"expA1_00001_0080_086_0.1_10kbp","JC",NA,"DNA","expA1_00001_0080_086_0.1_10kbp_random_trees.phy","expA1_00001_0080_086_0.1_10kbp_partitions.nex","expA1_00001_0080_086_0.1_10kbp_output_alignment"
"1787",87,80,1,0.1,10000,"expA1_00001_0080_087_0.1_10kbp","JC",NA,"DNA","expA1_00001_0080_087_0.1_10kbp_random_trees.phy","expA1_00001_0080_087_0.1_10kbp_partitions.nex","expA1_00001_0080_087_0.1_10kbp_output_alignment"
"1788",88,80,1,0.1,10000,"expA1_00001_0080_088_0.1_10kbp","JC",NA,"DNA","expA1_00001_0080_088_0.1_10kbp_random_trees.phy","expA1_00001_0080_088_0.1_10kbp_partitions.nex","expA1_00001_0080_088_0.1_10kbp_output_alignment"
"1789",89,80,1,0.1,10000,"expA1_00001_0080_089_0.1_10kbp","JC",NA,"DNA","expA1_00001_0080_089_0.1_10kbp_random_trees.phy","expA1_00001_0080_089_0.1_10kbp_partitions.nex","expA1_00001_0080_089_0.1_10kbp_output_alignment"
"1790",90,80,1,0.1,10000,"expA1_00001_0080_090_0.1_10kbp","JC",NA,"DNA","expA1_00001_0080_090_0.1_10kbp_random_trees.phy","expA1_00001_0080_090_0.1_10kbp_partitions.nex","expA1_00001_0080_090_0.1_10kbp_output_alignment"
"1791",91,80,1,0.1,10000,"expA1_00001_0080_091_0.1_10kbp","JC",NA,"DNA","expA1_00001_0080_091_0.1_10kbp_random_trees.phy","expA1_00001_0080_091_0.1_10kbp_partitions.nex","expA1_00001_0080_091_0.1_10kbp_output_alignment"
"1792",92,80,1,0.1,10000,"expA1_00001_0080_092_0.1_10kbp","JC",NA,"DNA","expA1_00001_0080_092_0.1_10kbp_random_trees.phy","expA1_00001_0080_092_0.1_10kbp_partitions.nex","expA1_00001_0080_092_0.1_10kbp_output_alignment"
"1793",93,80,1,0.1,10000,"expA1_00001_0080_093_0.1_10kbp","JC",NA,"DNA","expA1_00001_0080_093_0.1_10kbp_random_trees.phy","expA1_00001_0080_093_0.1_10kbp_partitions.nex","expA1_00001_0080_093_0.1_10kbp_output_alignment"
"1794",94,80,1,0.1,10000,"expA1_00001_0080_094_0.1_10kbp","JC",NA,"DNA","expA1_00001_0080_094_0.1_10kbp_random_trees.phy","expA1_00001_0080_094_0.1_10kbp_partitions.nex","expA1_00001_0080_094_0.1_10kbp_output_alignment"
"1795",95,80,1,0.1,10000,"expA1_00001_0080_095_0.1_10kbp","JC",NA,"DNA","expA1_00001_0080_095_0.1_10kbp_random_trees.phy","expA1_00001_0080_095_0.1_10kbp_partitions.nex","expA1_00001_0080_095_0.1_10kbp_output_alignment"
"1796",96,80,1,0.1,10000,"expA1_00001_0080_096_0.1_10kbp","JC",NA,"DNA","expA1_00001_0080_096_0.1_10kbp_random_trees.phy","expA1_00001_0080_096_0.1_10kbp_partitions.nex","expA1_00001_0080_096_0.1_10kbp_output_alignment"
"1797",97,80,1,0.1,10000,"expA1_00001_0080_097_0.1_10kbp","JC",NA,"DNA","expA1_00001_0080_097_0.1_10kbp_random_trees.phy","expA1_00001_0080_097_0.1_10kbp_partitions.nex","expA1_00001_0080_097_0.1_10kbp_output_alignment"
"1798",98,80,1,0.1,10000,"expA1_00001_0080_098_0.1_10kbp","JC",NA,"DNA","expA1_00001_0080_098_0.1_10kbp_random_trees.phy","expA1_00001_0080_098_0.1_10kbp_partitions.nex","expA1_00001_0080_098_0.1_10kbp_output_alignment"
"1799",99,80,1,0.1,10000,"expA1_00001_0080_099_0.1_10kbp","JC",NA,"DNA","expA1_00001_0080_099_0.1_10kbp_random_trees.phy","expA1_00001_0080_099_0.1_10kbp_partitions.nex","expA1_00001_0080_099_0.1_10kbp_output_alignment"
"1800",100,80,1,0.1,10000,"expA1_00001_0080_100_0.1_10kbp","JC",NA,"DNA","expA1_00001_0080_100_0.1_10kbp_random_trees.phy","expA1_00001_0080_100_0.1_10kbp_partitions.nex","expA1_00001_0080_100_0.1_10kbp_output_alignment"
"1801",1,90,1,0.1,10000,"expA1_00001_0090_001_0.1_10kbp","JC",NA,"DNA","expA1_00001_0090_001_0.1_10kbp_random_trees.phy","expA1_00001_0090_001_0.1_10kbp_partitions.nex","expA1_00001_0090_001_0.1_10kbp_output_alignment"
"1802",2,90,1,0.1,10000,"expA1_00001_0090_002_0.1_10kbp","JC",NA,"DNA","expA1_00001_0090_002_0.1_10kbp_random_trees.phy","expA1_00001_0090_002_0.1_10kbp_partitions.nex","expA1_00001_0090_002_0.1_10kbp_output_alignment"
"1803",3,90,1,0.1,10000,"expA1_00001_0090_003_0.1_10kbp","JC",NA,"DNA","expA1_00001_0090_003_0.1_10kbp_random_trees.phy","expA1_00001_0090_003_0.1_10kbp_partitions.nex","expA1_00001_0090_003_0.1_10kbp_output_alignment"
"1804",4,90,1,0.1,10000,"expA1_00001_0090_004_0.1_10kbp","JC",NA,"DNA","expA1_00001_0090_004_0.1_10kbp_random_trees.phy","expA1_00001_0090_004_0.1_10kbp_partitions.nex","expA1_00001_0090_004_0.1_10kbp_output_alignment"
"1805",5,90,1,0.1,10000,"expA1_00001_0090_005_0.1_10kbp","JC",NA,"DNA","expA1_00001_0090_005_0.1_10kbp_random_trees.phy","expA1_00001_0090_005_0.1_10kbp_partitions.nex","expA1_00001_0090_005_0.1_10kbp_output_alignment"
"1806",6,90,1,0.1,10000,"expA1_00001_0090_006_0.1_10kbp","JC",NA,"DNA","expA1_00001_0090_006_0.1_10kbp_random_trees.phy","expA1_00001_0090_006_0.1_10kbp_partitions.nex","expA1_00001_0090_006_0.1_10kbp_output_alignment"
"1807",7,90,1,0.1,10000,"expA1_00001_0090_007_0.1_10kbp","JC",NA,"DNA","expA1_00001_0090_007_0.1_10kbp_random_trees.phy","expA1_00001_0090_007_0.1_10kbp_partitions.nex","expA1_00001_0090_007_0.1_10kbp_output_alignment"
"1808",8,90,1,0.1,10000,"expA1_00001_0090_008_0.1_10kbp","JC",NA,"DNA","expA1_00001_0090_008_0.1_10kbp_random_trees.phy","expA1_00001_0090_008_0.1_10kbp_partitions.nex","expA1_00001_0090_008_0.1_10kbp_output_alignment"
"1809",9,90,1,0.1,10000,"expA1_00001_0090_009_0.1_10kbp","JC",NA,"DNA","expA1_00001_0090_009_0.1_10kbp_random_trees.phy","expA1_00001_0090_009_0.1_10kbp_partitions.nex","expA1_00001_0090_009_0.1_10kbp_output_alignment"
"1810",10,90,1,0.1,10000,"expA1_00001_0090_010_0.1_10kbp","JC",NA,"DNA","expA1_00001_0090_010_0.1_10kbp_random_trees.phy","expA1_00001_0090_010_0.1_10kbp_partitions.nex","expA1_00001_0090_010_0.1_10kbp_output_alignment"
"1811",11,90,1,0.1,10000,"expA1_00001_0090_011_0.1_10kbp","JC",NA,"DNA","expA1_00001_0090_011_0.1_10kbp_random_trees.phy","expA1_00001_0090_011_0.1_10kbp_partitions.nex","expA1_00001_0090_011_0.1_10kbp_output_alignment"
"1812",12,90,1,0.1,10000,"expA1_00001_0090_012_0.1_10kbp","JC",NA,"DNA","expA1_00001_0090_012_0.1_10kbp_random_trees.phy","expA1_00001_0090_012_0.1_10kbp_partitions.nex","expA1_00001_0090_012_0.1_10kbp_output_alignment"
"1813",13,90,1,0.1,10000,"expA1_00001_0090_013_0.1_10kbp","JC",NA,"DNA","expA1_00001_0090_013_0.1_10kbp_random_trees.phy","expA1_00001_0090_013_0.1_10kbp_partitions.nex","expA1_00001_0090_013_0.1_10kbp_output_alignment"
"1814",14,90,1,0.1,10000,"expA1_00001_0090_014_0.1_10kbp","JC",NA,"DNA","expA1_00001_0090_014_0.1_10kbp_random_trees.phy","expA1_00001_0090_014_0.1_10kbp_partitions.nex","expA1_00001_0090_014_0.1_10kbp_output_alignment"
"1815",15,90,1,0.1,10000,"expA1_00001_0090_015_0.1_10kbp","JC",NA,"DNA","expA1_00001_0090_015_0.1_10kbp_random_trees.phy","expA1_00001_0090_015_0.1_10kbp_partitions.nex","expA1_00001_0090_015_0.1_10kbp_output_alignment"
"1816",16,90,1,0.1,10000,"expA1_00001_0090_016_0.1_10kbp","JC",NA,"DNA","expA1_00001_0090_016_0.1_10kbp_random_trees.phy","expA1_00001_0090_016_0.1_10kbp_partitions.nex","expA1_00001_0090_016_0.1_10kbp_output_alignment"
"1817",17,90,1,0.1,10000,"expA1_00001_0090_017_0.1_10kbp","JC",NA,"DNA","expA1_00001_0090_017_0.1_10kbp_random_trees.phy","expA1_00001_0090_017_0.1_10kbp_partitions.nex","expA1_00001_0090_017_0.1_10kbp_output_alignment"
"1818",18,90,1,0.1,10000,"expA1_00001_0090_018_0.1_10kbp","JC",NA,"DNA","expA1_00001_0090_018_0.1_10kbp_random_trees.phy","expA1_00001_0090_018_0.1_10kbp_partitions.nex","expA1_00001_0090_018_0.1_10kbp_output_alignment"
"1819",19,90,1,0.1,10000,"expA1_00001_0090_019_0.1_10kbp","JC",NA,"DNA","expA1_00001_0090_019_0.1_10kbp_random_trees.phy","expA1_00001_0090_019_0.1_10kbp_partitions.nex","expA1_00001_0090_019_0.1_10kbp_output_alignment"
"1820",20,90,1,0.1,10000,"expA1_00001_0090_020_0.1_10kbp","JC",NA,"DNA","expA1_00001_0090_020_0.1_10kbp_random_trees.phy","expA1_00001_0090_020_0.1_10kbp_partitions.nex","expA1_00001_0090_020_0.1_10kbp_output_alignment"
"1821",21,90,1,0.1,10000,"expA1_00001_0090_021_0.1_10kbp","JC",NA,"DNA","expA1_00001_0090_021_0.1_10kbp_random_trees.phy","expA1_00001_0090_021_0.1_10kbp_partitions.nex","expA1_00001_0090_021_0.1_10kbp_output_alignment"
"1822",22,90,1,0.1,10000,"expA1_00001_0090_022_0.1_10kbp","JC",NA,"DNA","expA1_00001_0090_022_0.1_10kbp_random_trees.phy","expA1_00001_0090_022_0.1_10kbp_partitions.nex","expA1_00001_0090_022_0.1_10kbp_output_alignment"
"1823",23,90,1,0.1,10000,"expA1_00001_0090_023_0.1_10kbp","JC",NA,"DNA","expA1_00001_0090_023_0.1_10kbp_random_trees.phy","expA1_00001_0090_023_0.1_10kbp_partitions.nex","expA1_00001_0090_023_0.1_10kbp_output_alignment"
"1824",24,90,1,0.1,10000,"expA1_00001_0090_024_0.1_10kbp","JC",NA,"DNA","expA1_00001_0090_024_0.1_10kbp_random_trees.phy","expA1_00001_0090_024_0.1_10kbp_partitions.nex","expA1_00001_0090_024_0.1_10kbp_output_alignment"
"1825",25,90,1,0.1,10000,"expA1_00001_0090_025_0.1_10kbp","JC",NA,"DNA","expA1_00001_0090_025_0.1_10kbp_random_trees.phy","expA1_00001_0090_025_0.1_10kbp_partitions.nex","expA1_00001_0090_025_0.1_10kbp_output_alignment"
"1826",26,90,1,0.1,10000,"expA1_00001_0090_026_0.1_10kbp","JC",NA,"DNA","expA1_00001_0090_026_0.1_10kbp_random_trees.phy","expA1_00001_0090_026_0.1_10kbp_partitions.nex","expA1_00001_0090_026_0.1_10kbp_output_alignment"
"1827",27,90,1,0.1,10000,"expA1_00001_0090_027_0.1_10kbp","JC",NA,"DNA","expA1_00001_0090_027_0.1_10kbp_random_trees.phy","expA1_00001_0090_027_0.1_10kbp_partitions.nex","expA1_00001_0090_027_0.1_10kbp_output_alignment"
"1828",28,90,1,0.1,10000,"expA1_00001_0090_028_0.1_10kbp","JC",NA,"DNA","expA1_00001_0090_028_0.1_10kbp_random_trees.phy","expA1_00001_0090_028_0.1_10kbp_partitions.nex","expA1_00001_0090_028_0.1_10kbp_output_alignment"
"1829",29,90,1,0.1,10000,"expA1_00001_0090_029_0.1_10kbp","JC",NA,"DNA","expA1_00001_0090_029_0.1_10kbp_random_trees.phy","expA1_00001_0090_029_0.1_10kbp_partitions.nex","expA1_00001_0090_029_0.1_10kbp_output_alignment"
"1830",30,90,1,0.1,10000,"expA1_00001_0090_030_0.1_10kbp","JC",NA,"DNA","expA1_00001_0090_030_0.1_10kbp_random_trees.phy","expA1_00001_0090_030_0.1_10kbp_partitions.nex","expA1_00001_0090_030_0.1_10kbp_output_alignment"
"1831",31,90,1,0.1,10000,"expA1_00001_0090_031_0.1_10kbp","JC",NA,"DNA","expA1_00001_0090_031_0.1_10kbp_random_trees.phy","expA1_00001_0090_031_0.1_10kbp_partitions.nex","expA1_00001_0090_031_0.1_10kbp_output_alignment"
"1832",32,90,1,0.1,10000,"expA1_00001_0090_032_0.1_10kbp","JC",NA,"DNA","expA1_00001_0090_032_0.1_10kbp_random_trees.phy","expA1_00001_0090_032_0.1_10kbp_partitions.nex","expA1_00001_0090_032_0.1_10kbp_output_alignment"
"1833",33,90,1,0.1,10000,"expA1_00001_0090_033_0.1_10kbp","JC",NA,"DNA","expA1_00001_0090_033_0.1_10kbp_random_trees.phy","expA1_00001_0090_033_0.1_10kbp_partitions.nex","expA1_00001_0090_033_0.1_10kbp_output_alignment"
"1834",34,90,1,0.1,10000,"expA1_00001_0090_034_0.1_10kbp","JC",NA,"DNA","expA1_00001_0090_034_0.1_10kbp_random_trees.phy","expA1_00001_0090_034_0.1_10kbp_partitions.nex","expA1_00001_0090_034_0.1_10kbp_output_alignment"
"1835",35,90,1,0.1,10000,"expA1_00001_0090_035_0.1_10kbp","JC",NA,"DNA","expA1_00001_0090_035_0.1_10kbp_random_trees.phy","expA1_00001_0090_035_0.1_10kbp_partitions.nex","expA1_00001_0090_035_0.1_10kbp_output_alignment"
"1836",36,90,1,0.1,10000,"expA1_00001_0090_036_0.1_10kbp","JC",NA,"DNA","expA1_00001_0090_036_0.1_10kbp_random_trees.phy","expA1_00001_0090_036_0.1_10kbp_partitions.nex","expA1_00001_0090_036_0.1_10kbp_output_alignment"
"1837",37,90,1,0.1,10000,"expA1_00001_0090_037_0.1_10kbp","JC",NA,"DNA","expA1_00001_0090_037_0.1_10kbp_random_trees.phy","expA1_00001_0090_037_0.1_10kbp_partitions.nex","expA1_00001_0090_037_0.1_10kbp_output_alignment"
"1838",38,90,1,0.1,10000,"expA1_00001_0090_038_0.1_10kbp","JC",NA,"DNA","expA1_00001_0090_038_0.1_10kbp_random_trees.phy","expA1_00001_0090_038_0.1_10kbp_partitions.nex","expA1_00001_0090_038_0.1_10kbp_output_alignment"
"1839",39,90,1,0.1,10000,"expA1_00001_0090_039_0.1_10kbp","JC",NA,"DNA","expA1_00001_0090_039_0.1_10kbp_random_trees.phy","expA1_00001_0090_039_0.1_10kbp_partitions.nex","expA1_00001_0090_039_0.1_10kbp_output_alignment"
"1840",40,90,1,0.1,10000,"expA1_00001_0090_040_0.1_10kbp","JC",NA,"DNA","expA1_00001_0090_040_0.1_10kbp_random_trees.phy","expA1_00001_0090_040_0.1_10kbp_partitions.nex","expA1_00001_0090_040_0.1_10kbp_output_alignment"
"1841",41,90,1,0.1,10000,"expA1_00001_0090_041_0.1_10kbp","JC",NA,"DNA","expA1_00001_0090_041_0.1_10kbp_random_trees.phy","expA1_00001_0090_041_0.1_10kbp_partitions.nex","expA1_00001_0090_041_0.1_10kbp_output_alignment"
"1842",42,90,1,0.1,10000,"expA1_00001_0090_042_0.1_10kbp","JC",NA,"DNA","expA1_00001_0090_042_0.1_10kbp_random_trees.phy","expA1_00001_0090_042_0.1_10kbp_partitions.nex","expA1_00001_0090_042_0.1_10kbp_output_alignment"
"1843",43,90,1,0.1,10000,"expA1_00001_0090_043_0.1_10kbp","JC",NA,"DNA","expA1_00001_0090_043_0.1_10kbp_random_trees.phy","expA1_00001_0090_043_0.1_10kbp_partitions.nex","expA1_00001_0090_043_0.1_10kbp_output_alignment"
"1844",44,90,1,0.1,10000,"expA1_00001_0090_044_0.1_10kbp","JC",NA,"DNA","expA1_00001_0090_044_0.1_10kbp_random_trees.phy","expA1_00001_0090_044_0.1_10kbp_partitions.nex","expA1_00001_0090_044_0.1_10kbp_output_alignment"
"1845",45,90,1,0.1,10000,"expA1_00001_0090_045_0.1_10kbp","JC",NA,"DNA","expA1_00001_0090_045_0.1_10kbp_random_trees.phy","expA1_00001_0090_045_0.1_10kbp_partitions.nex","expA1_00001_0090_045_0.1_10kbp_output_alignment"
"1846",46,90,1,0.1,10000,"expA1_00001_0090_046_0.1_10kbp","JC",NA,"DNA","expA1_00001_0090_046_0.1_10kbp_random_trees.phy","expA1_00001_0090_046_0.1_10kbp_partitions.nex","expA1_00001_0090_046_0.1_10kbp_output_alignment"
"1847",47,90,1,0.1,10000,"expA1_00001_0090_047_0.1_10kbp","JC",NA,"DNA","expA1_00001_0090_047_0.1_10kbp_random_trees.phy","expA1_00001_0090_047_0.1_10kbp_partitions.nex","expA1_00001_0090_047_0.1_10kbp_output_alignment"
"1848",48,90,1,0.1,10000,"expA1_00001_0090_048_0.1_10kbp","JC",NA,"DNA","expA1_00001_0090_048_0.1_10kbp_random_trees.phy","expA1_00001_0090_048_0.1_10kbp_partitions.nex","expA1_00001_0090_048_0.1_10kbp_output_alignment"
"1849",49,90,1,0.1,10000,"expA1_00001_0090_049_0.1_10kbp","JC",NA,"DNA","expA1_00001_0090_049_0.1_10kbp_random_trees.phy","expA1_00001_0090_049_0.1_10kbp_partitions.nex","expA1_00001_0090_049_0.1_10kbp_output_alignment"
"1850",50,90,1,0.1,10000,"expA1_00001_0090_050_0.1_10kbp","JC",NA,"DNA","expA1_00001_0090_050_0.1_10kbp_random_trees.phy","expA1_00001_0090_050_0.1_10kbp_partitions.nex","expA1_00001_0090_050_0.1_10kbp_output_alignment"
"1851",51,90,1,0.1,10000,"expA1_00001_0090_051_0.1_10kbp","JC",NA,"DNA","expA1_00001_0090_051_0.1_10kbp_random_trees.phy","expA1_00001_0090_051_0.1_10kbp_partitions.nex","expA1_00001_0090_051_0.1_10kbp_output_alignment"
"1852",52,90,1,0.1,10000,"expA1_00001_0090_052_0.1_10kbp","JC",NA,"DNA","expA1_00001_0090_052_0.1_10kbp_random_trees.phy","expA1_00001_0090_052_0.1_10kbp_partitions.nex","expA1_00001_0090_052_0.1_10kbp_output_alignment"
"1853",53,90,1,0.1,10000,"expA1_00001_0090_053_0.1_10kbp","JC",NA,"DNA","expA1_00001_0090_053_0.1_10kbp_random_trees.phy","expA1_00001_0090_053_0.1_10kbp_partitions.nex","expA1_00001_0090_053_0.1_10kbp_output_alignment"
"1854",54,90,1,0.1,10000,"expA1_00001_0090_054_0.1_10kbp","JC",NA,"DNA","expA1_00001_0090_054_0.1_10kbp_random_trees.phy","expA1_00001_0090_054_0.1_10kbp_partitions.nex","expA1_00001_0090_054_0.1_10kbp_output_alignment"
"1855",55,90,1,0.1,10000,"expA1_00001_0090_055_0.1_10kbp","JC",NA,"DNA","expA1_00001_0090_055_0.1_10kbp_random_trees.phy","expA1_00001_0090_055_0.1_10kbp_partitions.nex","expA1_00001_0090_055_0.1_10kbp_output_alignment"
"1856",56,90,1,0.1,10000,"expA1_00001_0090_056_0.1_10kbp","JC",NA,"DNA","expA1_00001_0090_056_0.1_10kbp_random_trees.phy","expA1_00001_0090_056_0.1_10kbp_partitions.nex","expA1_00001_0090_056_0.1_10kbp_output_alignment"
"1857",57,90,1,0.1,10000,"expA1_00001_0090_057_0.1_10kbp","JC",NA,"DNA","expA1_00001_0090_057_0.1_10kbp_random_trees.phy","expA1_00001_0090_057_0.1_10kbp_partitions.nex","expA1_00001_0090_057_0.1_10kbp_output_alignment"
"1858",58,90,1,0.1,10000,"expA1_00001_0090_058_0.1_10kbp","JC",NA,"DNA","expA1_00001_0090_058_0.1_10kbp_random_trees.phy","expA1_00001_0090_058_0.1_10kbp_partitions.nex","expA1_00001_0090_058_0.1_10kbp_output_alignment"
"1859",59,90,1,0.1,10000,"expA1_00001_0090_059_0.1_10kbp","JC",NA,"DNA","expA1_00001_0090_059_0.1_10kbp_random_trees.phy","expA1_00001_0090_059_0.1_10kbp_partitions.nex","expA1_00001_0090_059_0.1_10kbp_output_alignment"
"1860",60,90,1,0.1,10000,"expA1_00001_0090_060_0.1_10kbp","JC",NA,"DNA","expA1_00001_0090_060_0.1_10kbp_random_trees.phy","expA1_00001_0090_060_0.1_10kbp_partitions.nex","expA1_00001_0090_060_0.1_10kbp_output_alignment"
"1861",61,90,1,0.1,10000,"expA1_00001_0090_061_0.1_10kbp","JC",NA,"DNA","expA1_00001_0090_061_0.1_10kbp_random_trees.phy","expA1_00001_0090_061_0.1_10kbp_partitions.nex","expA1_00001_0090_061_0.1_10kbp_output_alignment"
"1862",62,90,1,0.1,10000,"expA1_00001_0090_062_0.1_10kbp","JC",NA,"DNA","expA1_00001_0090_062_0.1_10kbp_random_trees.phy","expA1_00001_0090_062_0.1_10kbp_partitions.nex","expA1_00001_0090_062_0.1_10kbp_output_alignment"
"1863",63,90,1,0.1,10000,"expA1_00001_0090_063_0.1_10kbp","JC",NA,"DNA","expA1_00001_0090_063_0.1_10kbp_random_trees.phy","expA1_00001_0090_063_0.1_10kbp_partitions.nex","expA1_00001_0090_063_0.1_10kbp_output_alignment"
"1864",64,90,1,0.1,10000,"expA1_00001_0090_064_0.1_10kbp","JC",NA,"DNA","expA1_00001_0090_064_0.1_10kbp_random_trees.phy","expA1_00001_0090_064_0.1_10kbp_partitions.nex","expA1_00001_0090_064_0.1_10kbp_output_alignment"
"1865",65,90,1,0.1,10000,"expA1_00001_0090_065_0.1_10kbp","JC",NA,"DNA","expA1_00001_0090_065_0.1_10kbp_random_trees.phy","expA1_00001_0090_065_0.1_10kbp_partitions.nex","expA1_00001_0090_065_0.1_10kbp_output_alignment"
"1866",66,90,1,0.1,10000,"expA1_00001_0090_066_0.1_10kbp","JC",NA,"DNA","expA1_00001_0090_066_0.1_10kbp_random_trees.phy","expA1_00001_0090_066_0.1_10kbp_partitions.nex","expA1_00001_0090_066_0.1_10kbp_output_alignment"
"1867",67,90,1,0.1,10000,"expA1_00001_0090_067_0.1_10kbp","JC",NA,"DNA","expA1_00001_0090_067_0.1_10kbp_random_trees.phy","expA1_00001_0090_067_0.1_10kbp_partitions.nex","expA1_00001_0090_067_0.1_10kbp_output_alignment"
"1868",68,90,1,0.1,10000,"expA1_00001_0090_068_0.1_10kbp","JC",NA,"DNA","expA1_00001_0090_068_0.1_10kbp_random_trees.phy","expA1_00001_0090_068_0.1_10kbp_partitions.nex","expA1_00001_0090_068_0.1_10kbp_output_alignment"
"1869",69,90,1,0.1,10000,"expA1_00001_0090_069_0.1_10kbp","JC",NA,"DNA","expA1_00001_0090_069_0.1_10kbp_random_trees.phy","expA1_00001_0090_069_0.1_10kbp_partitions.nex","expA1_00001_0090_069_0.1_10kbp_output_alignment"
"1870",70,90,1,0.1,10000,"expA1_00001_0090_070_0.1_10kbp","JC",NA,"DNA","expA1_00001_0090_070_0.1_10kbp_random_trees.phy","expA1_00001_0090_070_0.1_10kbp_partitions.nex","expA1_00001_0090_070_0.1_10kbp_output_alignment"
"1871",71,90,1,0.1,10000,"expA1_00001_0090_071_0.1_10kbp","JC",NA,"DNA","expA1_00001_0090_071_0.1_10kbp_random_trees.phy","expA1_00001_0090_071_0.1_10kbp_partitions.nex","expA1_00001_0090_071_0.1_10kbp_output_alignment"
"1872",72,90,1,0.1,10000,"expA1_00001_0090_072_0.1_10kbp","JC",NA,"DNA","expA1_00001_0090_072_0.1_10kbp_random_trees.phy","expA1_00001_0090_072_0.1_10kbp_partitions.nex","expA1_00001_0090_072_0.1_10kbp_output_alignment"
"1873",73,90,1,0.1,10000,"expA1_00001_0090_073_0.1_10kbp","JC",NA,"DNA","expA1_00001_0090_073_0.1_10kbp_random_trees.phy","expA1_00001_0090_073_0.1_10kbp_partitions.nex","expA1_00001_0090_073_0.1_10kbp_output_alignment"
"1874",74,90,1,0.1,10000,"expA1_00001_0090_074_0.1_10kbp","JC",NA,"DNA","expA1_00001_0090_074_0.1_10kbp_random_trees.phy","expA1_00001_0090_074_0.1_10kbp_partitions.nex","expA1_00001_0090_074_0.1_10kbp_output_alignment"
"1875",75,90,1,0.1,10000,"expA1_00001_0090_075_0.1_10kbp","JC",NA,"DNA","expA1_00001_0090_075_0.1_10kbp_random_trees.phy","expA1_00001_0090_075_0.1_10kbp_partitions.nex","expA1_00001_0090_075_0.1_10kbp_output_alignment"
"1876",76,90,1,0.1,10000,"expA1_00001_0090_076_0.1_10kbp","JC",NA,"DNA","expA1_00001_0090_076_0.1_10kbp_random_trees.phy","expA1_00001_0090_076_0.1_10kbp_partitions.nex","expA1_00001_0090_076_0.1_10kbp_output_alignment"
"1877",77,90,1,0.1,10000,"expA1_00001_0090_077_0.1_10kbp","JC",NA,"DNA","expA1_00001_0090_077_0.1_10kbp_random_trees.phy","expA1_00001_0090_077_0.1_10kbp_partitions.nex","expA1_00001_0090_077_0.1_10kbp_output_alignment"
"1878",78,90,1,0.1,10000,"expA1_00001_0090_078_0.1_10kbp","JC",NA,"DNA","expA1_00001_0090_078_0.1_10kbp_random_trees.phy","expA1_00001_0090_078_0.1_10kbp_partitions.nex","expA1_00001_0090_078_0.1_10kbp_output_alignment"
"1879",79,90,1,0.1,10000,"expA1_00001_0090_079_0.1_10kbp","JC",NA,"DNA","expA1_00001_0090_079_0.1_10kbp_random_trees.phy","expA1_00001_0090_079_0.1_10kbp_partitions.nex","expA1_00001_0090_079_0.1_10kbp_output_alignment"
"1880",80,90,1,0.1,10000,"expA1_00001_0090_080_0.1_10kbp","JC",NA,"DNA","expA1_00001_0090_080_0.1_10kbp_random_trees.phy","expA1_00001_0090_080_0.1_10kbp_partitions.nex","expA1_00001_0090_080_0.1_10kbp_output_alignment"
"1881",81,90,1,0.1,10000,"expA1_00001_0090_081_0.1_10kbp","JC",NA,"DNA","expA1_00001_0090_081_0.1_10kbp_random_trees.phy","expA1_00001_0090_081_0.1_10kbp_partitions.nex","expA1_00001_0090_081_0.1_10kbp_output_alignment"
"1882",82,90,1,0.1,10000,"expA1_00001_0090_082_0.1_10kbp","JC",NA,"DNA","expA1_00001_0090_082_0.1_10kbp_random_trees.phy","expA1_00001_0090_082_0.1_10kbp_partitions.nex","expA1_00001_0090_082_0.1_10kbp_output_alignment"
"1883",83,90,1,0.1,10000,"expA1_00001_0090_083_0.1_10kbp","JC",NA,"DNA","expA1_00001_0090_083_0.1_10kbp_random_trees.phy","expA1_00001_0090_083_0.1_10kbp_partitions.nex","expA1_00001_0090_083_0.1_10kbp_output_alignment"
"1884",84,90,1,0.1,10000,"expA1_00001_0090_084_0.1_10kbp","JC",NA,"DNA","expA1_00001_0090_084_0.1_10kbp_random_trees.phy","expA1_00001_0090_084_0.1_10kbp_partitions.nex","expA1_00001_0090_084_0.1_10kbp_output_alignment"
"1885",85,90,1,0.1,10000,"expA1_00001_0090_085_0.1_10kbp","JC",NA,"DNA","expA1_00001_0090_085_0.1_10kbp_random_trees.phy","expA1_00001_0090_085_0.1_10kbp_partitions.nex","expA1_00001_0090_085_0.1_10kbp_output_alignment"
"1886",86,90,1,0.1,10000,"expA1_00001_0090_086_0.1_10kbp","JC",NA,"DNA","expA1_00001_0090_086_0.1_10kbp_random_trees.phy","expA1_00001_0090_086_0.1_10kbp_partitions.nex","expA1_00001_0090_086_0.1_10kbp_output_alignment"
"1887",87,90,1,0.1,10000,"expA1_00001_0090_087_0.1_10kbp","JC",NA,"DNA","expA1_00001_0090_087_0.1_10kbp_random_trees.phy","expA1_00001_0090_087_0.1_10kbp_partitions.nex","expA1_00001_0090_087_0.1_10kbp_output_alignment"
"1888",88,90,1,0.1,10000,"expA1_00001_0090_088_0.1_10kbp","JC",NA,"DNA","expA1_00001_0090_088_0.1_10kbp_random_trees.phy","expA1_00001_0090_088_0.1_10kbp_partitions.nex","expA1_00001_0090_088_0.1_10kbp_output_alignment"
"1889",89,90,1,0.1,10000,"expA1_00001_0090_089_0.1_10kbp","JC",NA,"DNA","expA1_00001_0090_089_0.1_10kbp_random_trees.phy","expA1_00001_0090_089_0.1_10kbp_partitions.nex","expA1_00001_0090_089_0.1_10kbp_output_alignment"
"1890",90,90,1,0.1,10000,"expA1_00001_0090_090_0.1_10kbp","JC",NA,"DNA","expA1_00001_0090_090_0.1_10kbp_random_trees.phy","expA1_00001_0090_090_0.1_10kbp_partitions.nex","expA1_00001_0090_090_0.1_10kbp_output_alignment"
"1891",91,90,1,0.1,10000,"expA1_00001_0090_091_0.1_10kbp","JC",NA,"DNA","expA1_00001_0090_091_0.1_10kbp_random_trees.phy","expA1_00001_0090_091_0.1_10kbp_partitions.nex","expA1_00001_0090_091_0.1_10kbp_output_alignment"
"1892",92,90,1,0.1,10000,"expA1_00001_0090_092_0.1_10kbp","JC",NA,"DNA","expA1_00001_0090_092_0.1_10kbp_random_trees.phy","expA1_00001_0090_092_0.1_10kbp_partitions.nex","expA1_00001_0090_092_0.1_10kbp_output_alignment"
"1893",93,90,1,0.1,10000,"expA1_00001_0090_093_0.1_10kbp","JC",NA,"DNA","expA1_00001_0090_093_0.1_10kbp_random_trees.phy","expA1_00001_0090_093_0.1_10kbp_partitions.nex","expA1_00001_0090_093_0.1_10kbp_output_alignment"
"1894",94,90,1,0.1,10000,"expA1_00001_0090_094_0.1_10kbp","JC",NA,"DNA","expA1_00001_0090_094_0.1_10kbp_random_trees.phy","expA1_00001_0090_094_0.1_10kbp_partitions.nex","expA1_00001_0090_094_0.1_10kbp_output_alignment"
"1895",95,90,1,0.1,10000,"expA1_00001_0090_095_0.1_10kbp","JC",NA,"DNA","expA1_00001_0090_095_0.1_10kbp_random_trees.phy","expA1_00001_0090_095_0.1_10kbp_partitions.nex","expA1_00001_0090_095_0.1_10kbp_output_alignment"
"1896",96,90,1,0.1,10000,"expA1_00001_0090_096_0.1_10kbp","JC",NA,"DNA","expA1_00001_0090_096_0.1_10kbp_random_trees.phy","expA1_00001_0090_096_0.1_10kbp_partitions.nex","expA1_00001_0090_096_0.1_10kbp_output_alignment"
"1897",97,90,1,0.1,10000,"expA1_00001_0090_097_0.1_10kbp","JC",NA,"DNA","expA1_00001_0090_097_0.1_10kbp_random_trees.phy","expA1_00001_0090_097_0.1_10kbp_partitions.nex","expA1_00001_0090_097_0.1_10kbp_output_alignment"
"1898",98,90,1,0.1,10000,"expA1_00001_0090_098_0.1_10kbp","JC",NA,"DNA","expA1_00001_0090_098_0.1_10kbp_random_trees.phy","expA1_00001_0090_098_0.1_10kbp_partitions.nex","expA1_00001_0090_098_0.1_10kbp_output_alignment"
"1899",99,90,1,0.1,10000,"expA1_00001_0090_099_0.1_10kbp","JC",NA,"DNA","expA1_00001_0090_099_0.1_10kbp_random_trees.phy","expA1_00001_0090_099_0.1_10kbp_partitions.nex","expA1_00001_0090_099_0.1_10kbp_output_alignment"
"1900",100,90,1,0.1,10000,"expA1_00001_0090_100_0.1_10kbp","JC",NA,"DNA","expA1_00001_0090_100_0.1_10kbp_random_trees.phy","expA1_00001_0090_100_0.1_10kbp_partitions.nex","expA1_00001_0090_100_0.1_10kbp_output_alignment"
"1901",1,100,1,0.1,10000,"expA1_00001_0100_001_0.1_10kbp","JC",NA,"DNA","expA1_00001_0100_001_0.1_10kbp_random_trees.phy","expA1_00001_0100_001_0.1_10kbp_partitions.nex","expA1_00001_0100_001_0.1_10kbp_output_alignment"
"1902",2,100,1,0.1,10000,"expA1_00001_0100_002_0.1_10kbp","JC",NA,"DNA","expA1_00001_0100_002_0.1_10kbp_random_trees.phy","expA1_00001_0100_002_0.1_10kbp_partitions.nex","expA1_00001_0100_002_0.1_10kbp_output_alignment"
"1903",3,100,1,0.1,10000,"expA1_00001_0100_003_0.1_10kbp","JC",NA,"DNA","expA1_00001_0100_003_0.1_10kbp_random_trees.phy","expA1_00001_0100_003_0.1_10kbp_partitions.nex","expA1_00001_0100_003_0.1_10kbp_output_alignment"
"1904",4,100,1,0.1,10000,"expA1_00001_0100_004_0.1_10kbp","JC",NA,"DNA","expA1_00001_0100_004_0.1_10kbp_random_trees.phy","expA1_00001_0100_004_0.1_10kbp_partitions.nex","expA1_00001_0100_004_0.1_10kbp_output_alignment"
"1905",5,100,1,0.1,10000,"expA1_00001_0100_005_0.1_10kbp","JC",NA,"DNA","expA1_00001_0100_005_0.1_10kbp_random_trees.phy","expA1_00001_0100_005_0.1_10kbp_partitions.nex","expA1_00001_0100_005_0.1_10kbp_output_alignment"
"1906",6,100,1,0.1,10000,"expA1_00001_0100_006_0.1_10kbp","JC",NA,"DNA","expA1_00001_0100_006_0.1_10kbp_random_trees.phy","expA1_00001_0100_006_0.1_10kbp_partitions.nex","expA1_00001_0100_006_0.1_10kbp_output_alignment"
"1907",7,100,1,0.1,10000,"expA1_00001_0100_007_0.1_10kbp","JC",NA,"DNA","expA1_00001_0100_007_0.1_10kbp_random_trees.phy","expA1_00001_0100_007_0.1_10kbp_partitions.nex","expA1_00001_0100_007_0.1_10kbp_output_alignment"
"1908",8,100,1,0.1,10000,"expA1_00001_0100_008_0.1_10kbp","JC",NA,"DNA","expA1_00001_0100_008_0.1_10kbp_random_trees.phy","expA1_00001_0100_008_0.1_10kbp_partitions.nex","expA1_00001_0100_008_0.1_10kbp_output_alignment"
"1909",9,100,1,0.1,10000,"expA1_00001_0100_009_0.1_10kbp","JC",NA,"DNA","expA1_00001_0100_009_0.1_10kbp_random_trees.phy","expA1_00001_0100_009_0.1_10kbp_partitions.nex","expA1_00001_0100_009_0.1_10kbp_output_alignment"
"1910",10,100,1,0.1,10000,"expA1_00001_0100_010_0.1_10kbp","JC",NA,"DNA","expA1_00001_0100_010_0.1_10kbp_random_trees.phy","expA1_00001_0100_010_0.1_10kbp_partitions.nex","expA1_00001_0100_010_0.1_10kbp_output_alignment"
"1911",11,100,1,0.1,10000,"expA1_00001_0100_011_0.1_10kbp","JC",NA,"DNA","expA1_00001_0100_011_0.1_10kbp_random_trees.phy","expA1_00001_0100_011_0.1_10kbp_partitions.nex","expA1_00001_0100_011_0.1_10kbp_output_alignment"
"1912",12,100,1,0.1,10000,"expA1_00001_0100_012_0.1_10kbp","JC",NA,"DNA","expA1_00001_0100_012_0.1_10kbp_random_trees.phy","expA1_00001_0100_012_0.1_10kbp_partitions.nex","expA1_00001_0100_012_0.1_10kbp_output_alignment"
"1913",13,100,1,0.1,10000,"expA1_00001_0100_013_0.1_10kbp","JC",NA,"DNA","expA1_00001_0100_013_0.1_10kbp_random_trees.phy","expA1_00001_0100_013_0.1_10kbp_partitions.nex","expA1_00001_0100_013_0.1_10kbp_output_alignment"
"1914",14,100,1,0.1,10000,"expA1_00001_0100_014_0.1_10kbp","JC",NA,"DNA","expA1_00001_0100_014_0.1_10kbp_random_trees.phy","expA1_00001_0100_014_0.1_10kbp_partitions.nex","expA1_00001_0100_014_0.1_10kbp_output_alignment"
"1915",15,100,1,0.1,10000,"expA1_00001_0100_015_0.1_10kbp","JC",NA,"DNA","expA1_00001_0100_015_0.1_10kbp_random_trees.phy","expA1_00001_0100_015_0.1_10kbp_partitions.nex","expA1_00001_0100_015_0.1_10kbp_output_alignment"
"1916",16,100,1,0.1,10000,"expA1_00001_0100_016_0.1_10kbp","JC",NA,"DNA","expA1_00001_0100_016_0.1_10kbp_random_trees.phy","expA1_00001_0100_016_0.1_10kbp_partitions.nex","expA1_00001_0100_016_0.1_10kbp_output_alignment"
"1917",17,100,1,0.1,10000,"expA1_00001_0100_017_0.1_10kbp","JC",NA,"DNA","expA1_00001_0100_017_0.1_10kbp_random_trees.phy","expA1_00001_0100_017_0.1_10kbp_partitions.nex","expA1_00001_0100_017_0.1_10kbp_output_alignment"
"1918",18,100,1,0.1,10000,"expA1_00001_0100_018_0.1_10kbp","JC",NA,"DNA","expA1_00001_0100_018_0.1_10kbp_random_trees.phy","expA1_00001_0100_018_0.1_10kbp_partitions.nex","expA1_00001_0100_018_0.1_10kbp_output_alignment"
"1919",19,100,1,0.1,10000,"expA1_00001_0100_019_0.1_10kbp","JC",NA,"DNA","expA1_00001_0100_019_0.1_10kbp_random_trees.phy","expA1_00001_0100_019_0.1_10kbp_partitions.nex","expA1_00001_0100_019_0.1_10kbp_output_alignment"
"1920",20,100,1,0.1,10000,"expA1_00001_0100_020_0.1_10kbp","JC",NA,"DNA","expA1_00001_0100_020_0.1_10kbp_random_trees.phy","expA1_00001_0100_020_0.1_10kbp_partitions.nex","expA1_00001_0100_020_0.1_10kbp_output_alignment"
"1921",21,100,1,0.1,10000,"expA1_00001_0100_021_0.1_10kbp","JC",NA,"DNA","expA1_00001_0100_021_0.1_10kbp_random_trees.phy","expA1_00001_0100_021_0.1_10kbp_partitions.nex","expA1_00001_0100_021_0.1_10kbp_output_alignment"
"1922",22,100,1,0.1,10000,"expA1_00001_0100_022_0.1_10kbp","JC",NA,"DNA","expA1_00001_0100_022_0.1_10kbp_random_trees.phy","expA1_00001_0100_022_0.1_10kbp_partitions.nex","expA1_00001_0100_022_0.1_10kbp_output_alignment"
"1923",23,100,1,0.1,10000,"expA1_00001_0100_023_0.1_10kbp","JC",NA,"DNA","expA1_00001_0100_023_0.1_10kbp_random_trees.phy","expA1_00001_0100_023_0.1_10kbp_partitions.nex","expA1_00001_0100_023_0.1_10kbp_output_alignment"
"1924",24,100,1,0.1,10000,"expA1_00001_0100_024_0.1_10kbp","JC",NA,"DNA","expA1_00001_0100_024_0.1_10kbp_random_trees.phy","expA1_00001_0100_024_0.1_10kbp_partitions.nex","expA1_00001_0100_024_0.1_10kbp_output_alignment"
"1925",25,100,1,0.1,10000,"expA1_00001_0100_025_0.1_10kbp","JC",NA,"DNA","expA1_00001_0100_025_0.1_10kbp_random_trees.phy","expA1_00001_0100_025_0.1_10kbp_partitions.nex","expA1_00001_0100_025_0.1_10kbp_output_alignment"
"1926",26,100,1,0.1,10000,"expA1_00001_0100_026_0.1_10kbp","JC",NA,"DNA","expA1_00001_0100_026_0.1_10kbp_random_trees.phy","expA1_00001_0100_026_0.1_10kbp_partitions.nex","expA1_00001_0100_026_0.1_10kbp_output_alignment"
"1927",27,100,1,0.1,10000,"expA1_00001_0100_027_0.1_10kbp","JC",NA,"DNA","expA1_00001_0100_027_0.1_10kbp_random_trees.phy","expA1_00001_0100_027_0.1_10kbp_partitions.nex","expA1_00001_0100_027_0.1_10kbp_output_alignment"
"1928",28,100,1,0.1,10000,"expA1_00001_0100_028_0.1_10kbp","JC",NA,"DNA","expA1_00001_0100_028_0.1_10kbp_random_trees.phy","expA1_00001_0100_028_0.1_10kbp_partitions.nex","expA1_00001_0100_028_0.1_10kbp_output_alignment"
"1929",29,100,1,0.1,10000,"expA1_00001_0100_029_0.1_10kbp","JC",NA,"DNA","expA1_00001_0100_029_0.1_10kbp_random_trees.phy","expA1_00001_0100_029_0.1_10kbp_partitions.nex","expA1_00001_0100_029_0.1_10kbp_output_alignment"
"1930",30,100,1,0.1,10000,"expA1_00001_0100_030_0.1_10kbp","JC",NA,"DNA","expA1_00001_0100_030_0.1_10kbp_random_trees.phy","expA1_00001_0100_030_0.1_10kbp_partitions.nex","expA1_00001_0100_030_0.1_10kbp_output_alignment"
"1931",31,100,1,0.1,10000,"expA1_00001_0100_031_0.1_10kbp","JC",NA,"DNA","expA1_00001_0100_031_0.1_10kbp_random_trees.phy","expA1_00001_0100_031_0.1_10kbp_partitions.nex","expA1_00001_0100_031_0.1_10kbp_output_alignment"
"1932",32,100,1,0.1,10000,"expA1_00001_0100_032_0.1_10kbp","JC",NA,"DNA","expA1_00001_0100_032_0.1_10kbp_random_trees.phy","expA1_00001_0100_032_0.1_10kbp_partitions.nex","expA1_00001_0100_032_0.1_10kbp_output_alignment"
"1933",33,100,1,0.1,10000,"expA1_00001_0100_033_0.1_10kbp","JC",NA,"DNA","expA1_00001_0100_033_0.1_10kbp_random_trees.phy","expA1_00001_0100_033_0.1_10kbp_partitions.nex","expA1_00001_0100_033_0.1_10kbp_output_alignment"
"1934",34,100,1,0.1,10000,"expA1_00001_0100_034_0.1_10kbp","JC",NA,"DNA","expA1_00001_0100_034_0.1_10kbp_random_trees.phy","expA1_00001_0100_034_0.1_10kbp_partitions.nex","expA1_00001_0100_034_0.1_10kbp_output_alignment"
"1935",35,100,1,0.1,10000,"expA1_00001_0100_035_0.1_10kbp","JC",NA,"DNA","expA1_00001_0100_035_0.1_10kbp_random_trees.phy","expA1_00001_0100_035_0.1_10kbp_partitions.nex","expA1_00001_0100_035_0.1_10kbp_output_alignment"
"1936",36,100,1,0.1,10000,"expA1_00001_0100_036_0.1_10kbp","JC",NA,"DNA","expA1_00001_0100_036_0.1_10kbp_random_trees.phy","expA1_00001_0100_036_0.1_10kbp_partitions.nex","expA1_00001_0100_036_0.1_10kbp_output_alignment"
"1937",37,100,1,0.1,10000,"expA1_00001_0100_037_0.1_10kbp","JC",NA,"DNA","expA1_00001_0100_037_0.1_10kbp_random_trees.phy","expA1_00001_0100_037_0.1_10kbp_partitions.nex","expA1_00001_0100_037_0.1_10kbp_output_alignment"
"1938",38,100,1,0.1,10000,"expA1_00001_0100_038_0.1_10kbp","JC",NA,"DNA","expA1_00001_0100_038_0.1_10kbp_random_trees.phy","expA1_00001_0100_038_0.1_10kbp_partitions.nex","expA1_00001_0100_038_0.1_10kbp_output_alignment"
"1939",39,100,1,0.1,10000,"expA1_00001_0100_039_0.1_10kbp","JC",NA,"DNA","expA1_00001_0100_039_0.1_10kbp_random_trees.phy","expA1_00001_0100_039_0.1_10kbp_partitions.nex","expA1_00001_0100_039_0.1_10kbp_output_alignment"
"1940",40,100,1,0.1,10000,"expA1_00001_0100_040_0.1_10kbp","JC",NA,"DNA","expA1_00001_0100_040_0.1_10kbp_random_trees.phy","expA1_00001_0100_040_0.1_10kbp_partitions.nex","expA1_00001_0100_040_0.1_10kbp_output_alignment"
"1941",41,100,1,0.1,10000,"expA1_00001_0100_041_0.1_10kbp","JC",NA,"DNA","expA1_00001_0100_041_0.1_10kbp_random_trees.phy","expA1_00001_0100_041_0.1_10kbp_partitions.nex","expA1_00001_0100_041_0.1_10kbp_output_alignment"
"1942",42,100,1,0.1,10000,"expA1_00001_0100_042_0.1_10kbp","JC",NA,"DNA","expA1_00001_0100_042_0.1_10kbp_random_trees.phy","expA1_00001_0100_042_0.1_10kbp_partitions.nex","expA1_00001_0100_042_0.1_10kbp_output_alignment"
"1943",43,100,1,0.1,10000,"expA1_00001_0100_043_0.1_10kbp","JC",NA,"DNA","expA1_00001_0100_043_0.1_10kbp_random_trees.phy","expA1_00001_0100_043_0.1_10kbp_partitions.nex","expA1_00001_0100_043_0.1_10kbp_output_alignment"
"1944",44,100,1,0.1,10000,"expA1_00001_0100_044_0.1_10kbp","JC",NA,"DNA","expA1_00001_0100_044_0.1_10kbp_random_trees.phy","expA1_00001_0100_044_0.1_10kbp_partitions.nex","expA1_00001_0100_044_0.1_10kbp_output_alignment"
"1945",45,100,1,0.1,10000,"expA1_00001_0100_045_0.1_10kbp","JC",NA,"DNA","expA1_00001_0100_045_0.1_10kbp_random_trees.phy","expA1_00001_0100_045_0.1_10kbp_partitions.nex","expA1_00001_0100_045_0.1_10kbp_output_alignment"
"1946",46,100,1,0.1,10000,"expA1_00001_0100_046_0.1_10kbp","JC",NA,"DNA","expA1_00001_0100_046_0.1_10kbp_random_trees.phy","expA1_00001_0100_046_0.1_10kbp_partitions.nex","expA1_00001_0100_046_0.1_10kbp_output_alignment"
"1947",47,100,1,0.1,10000,"expA1_00001_0100_047_0.1_10kbp","JC",NA,"DNA","expA1_00001_0100_047_0.1_10kbp_random_trees.phy","expA1_00001_0100_047_0.1_10kbp_partitions.nex","expA1_00001_0100_047_0.1_10kbp_output_alignment"
"1948",48,100,1,0.1,10000,"expA1_00001_0100_048_0.1_10kbp","JC",NA,"DNA","expA1_00001_0100_048_0.1_10kbp_random_trees.phy","expA1_00001_0100_048_0.1_10kbp_partitions.nex","expA1_00001_0100_048_0.1_10kbp_output_alignment"
"1949",49,100,1,0.1,10000,"expA1_00001_0100_049_0.1_10kbp","JC",NA,"DNA","expA1_00001_0100_049_0.1_10kbp_random_trees.phy","expA1_00001_0100_049_0.1_10kbp_partitions.nex","expA1_00001_0100_049_0.1_10kbp_output_alignment"
"1950",50,100,1,0.1,10000,"expA1_00001_0100_050_0.1_10kbp","JC",NA,"DNA","expA1_00001_0100_050_0.1_10kbp_random_trees.phy","expA1_00001_0100_050_0.1_10kbp_partitions.nex","expA1_00001_0100_050_0.1_10kbp_output_alignment"
"1951",51,100,1,0.1,10000,"expA1_00001_0100_051_0.1_10kbp","JC",NA,"DNA","expA1_00001_0100_051_0.1_10kbp_random_trees.phy","expA1_00001_0100_051_0.1_10kbp_partitions.nex","expA1_00001_0100_051_0.1_10kbp_output_alignment"
"1952",52,100,1,0.1,10000,"expA1_00001_0100_052_0.1_10kbp","JC",NA,"DNA","expA1_00001_0100_052_0.1_10kbp_random_trees.phy","expA1_00001_0100_052_0.1_10kbp_partitions.nex","expA1_00001_0100_052_0.1_10kbp_output_alignment"
"1953",53,100,1,0.1,10000,"expA1_00001_0100_053_0.1_10kbp","JC",NA,"DNA","expA1_00001_0100_053_0.1_10kbp_random_trees.phy","expA1_00001_0100_053_0.1_10kbp_partitions.nex","expA1_00001_0100_053_0.1_10kbp_output_alignment"
"1954",54,100,1,0.1,10000,"expA1_00001_0100_054_0.1_10kbp","JC",NA,"DNA","expA1_00001_0100_054_0.1_10kbp_random_trees.phy","expA1_00001_0100_054_0.1_10kbp_partitions.nex","expA1_00001_0100_054_0.1_10kbp_output_alignment"
"1955",55,100,1,0.1,10000,"expA1_00001_0100_055_0.1_10kbp","JC",NA,"DNA","expA1_00001_0100_055_0.1_10kbp_random_trees.phy","expA1_00001_0100_055_0.1_10kbp_partitions.nex","expA1_00001_0100_055_0.1_10kbp_output_alignment"
"1956",56,100,1,0.1,10000,"expA1_00001_0100_056_0.1_10kbp","JC",NA,"DNA","expA1_00001_0100_056_0.1_10kbp_random_trees.phy","expA1_00001_0100_056_0.1_10kbp_partitions.nex","expA1_00001_0100_056_0.1_10kbp_output_alignment"
"1957",57,100,1,0.1,10000,"expA1_00001_0100_057_0.1_10kbp","JC",NA,"DNA","expA1_00001_0100_057_0.1_10kbp_random_trees.phy","expA1_00001_0100_057_0.1_10kbp_partitions.nex","expA1_00001_0100_057_0.1_10kbp_output_alignment"
"1958",58,100,1,0.1,10000,"expA1_00001_0100_058_0.1_10kbp","JC",NA,"DNA","expA1_00001_0100_058_0.1_10kbp_random_trees.phy","expA1_00001_0100_058_0.1_10kbp_partitions.nex","expA1_00001_0100_058_0.1_10kbp_output_alignment"
"1959",59,100,1,0.1,10000,"expA1_00001_0100_059_0.1_10kbp","JC",NA,"DNA","expA1_00001_0100_059_0.1_10kbp_random_trees.phy","expA1_00001_0100_059_0.1_10kbp_partitions.nex","expA1_00001_0100_059_0.1_10kbp_output_alignment"
"1960",60,100,1,0.1,10000,"expA1_00001_0100_060_0.1_10kbp","JC",NA,"DNA","expA1_00001_0100_060_0.1_10kbp_random_trees.phy","expA1_00001_0100_060_0.1_10kbp_partitions.nex","expA1_00001_0100_060_0.1_10kbp_output_alignment"
"1961",61,100,1,0.1,10000,"expA1_00001_0100_061_0.1_10kbp","JC",NA,"DNA","expA1_00001_0100_061_0.1_10kbp_random_trees.phy","expA1_00001_0100_061_0.1_10kbp_partitions.nex","expA1_00001_0100_061_0.1_10kbp_output_alignment"
"1962",62,100,1,0.1,10000,"expA1_00001_0100_062_0.1_10kbp","JC",NA,"DNA","expA1_00001_0100_062_0.1_10kbp_random_trees.phy","expA1_00001_0100_062_0.1_10kbp_partitions.nex","expA1_00001_0100_062_0.1_10kbp_output_alignment"
"1963",63,100,1,0.1,10000,"expA1_00001_0100_063_0.1_10kbp","JC",NA,"DNA","expA1_00001_0100_063_0.1_10kbp_random_trees.phy","expA1_00001_0100_063_0.1_10kbp_partitions.nex","expA1_00001_0100_063_0.1_10kbp_output_alignment"
"1964",64,100,1,0.1,10000,"expA1_00001_0100_064_0.1_10kbp","JC",NA,"DNA","expA1_00001_0100_064_0.1_10kbp_random_trees.phy","expA1_00001_0100_064_0.1_10kbp_partitions.nex","expA1_00001_0100_064_0.1_10kbp_output_alignment"
"1965",65,100,1,0.1,10000,"expA1_00001_0100_065_0.1_10kbp","JC",NA,"DNA","expA1_00001_0100_065_0.1_10kbp_random_trees.phy","expA1_00001_0100_065_0.1_10kbp_partitions.nex","expA1_00001_0100_065_0.1_10kbp_output_alignment"
"1966",66,100,1,0.1,10000,"expA1_00001_0100_066_0.1_10kbp","JC",NA,"DNA","expA1_00001_0100_066_0.1_10kbp_random_trees.phy","expA1_00001_0100_066_0.1_10kbp_partitions.nex","expA1_00001_0100_066_0.1_10kbp_output_alignment"
"1967",67,100,1,0.1,10000,"expA1_00001_0100_067_0.1_10kbp","JC",NA,"DNA","expA1_00001_0100_067_0.1_10kbp_random_trees.phy","expA1_00001_0100_067_0.1_10kbp_partitions.nex","expA1_00001_0100_067_0.1_10kbp_output_alignment"
"1968",68,100,1,0.1,10000,"expA1_00001_0100_068_0.1_10kbp","JC",NA,"DNA","expA1_00001_0100_068_0.1_10kbp_random_trees.phy","expA1_00001_0100_068_0.1_10kbp_partitions.nex","expA1_00001_0100_068_0.1_10kbp_output_alignment"
"1969",69,100,1,0.1,10000,"expA1_00001_0100_069_0.1_10kbp","JC",NA,"DNA","expA1_00001_0100_069_0.1_10kbp_random_trees.phy","expA1_00001_0100_069_0.1_10kbp_partitions.nex","expA1_00001_0100_069_0.1_10kbp_output_alignment"
"1970",70,100,1,0.1,10000,"expA1_00001_0100_070_0.1_10kbp","JC",NA,"DNA","expA1_00001_0100_070_0.1_10kbp_random_trees.phy","expA1_00001_0100_070_0.1_10kbp_partitions.nex","expA1_00001_0100_070_0.1_10kbp_output_alignment"
"1971",71,100,1,0.1,10000,"expA1_00001_0100_071_0.1_10kbp","JC",NA,"DNA","expA1_00001_0100_071_0.1_10kbp_random_trees.phy","expA1_00001_0100_071_0.1_10kbp_partitions.nex","expA1_00001_0100_071_0.1_10kbp_output_alignment"
"1972",72,100,1,0.1,10000,"expA1_00001_0100_072_0.1_10kbp","JC",NA,"DNA","expA1_00001_0100_072_0.1_10kbp_random_trees.phy","expA1_00001_0100_072_0.1_10kbp_partitions.nex","expA1_00001_0100_072_0.1_10kbp_output_alignment"
"1973",73,100,1,0.1,10000,"expA1_00001_0100_073_0.1_10kbp","JC",NA,"DNA","expA1_00001_0100_073_0.1_10kbp_random_trees.phy","expA1_00001_0100_073_0.1_10kbp_partitions.nex","expA1_00001_0100_073_0.1_10kbp_output_alignment"
"1974",74,100,1,0.1,10000,"expA1_00001_0100_074_0.1_10kbp","JC",NA,"DNA","expA1_00001_0100_074_0.1_10kbp_random_trees.phy","expA1_00001_0100_074_0.1_10kbp_partitions.nex","expA1_00001_0100_074_0.1_10kbp_output_alignment"
"1975",75,100,1,0.1,10000,"expA1_00001_0100_075_0.1_10kbp","JC",NA,"DNA","expA1_00001_0100_075_0.1_10kbp_random_trees.phy","expA1_00001_0100_075_0.1_10kbp_partitions.nex","expA1_00001_0100_075_0.1_10kbp_output_alignment"
"1976",76,100,1,0.1,10000,"expA1_00001_0100_076_0.1_10kbp","JC",NA,"DNA","expA1_00001_0100_076_0.1_10kbp_random_trees.phy","expA1_00001_0100_076_0.1_10kbp_partitions.nex","expA1_00001_0100_076_0.1_10kbp_output_alignment"
"1977",77,100,1,0.1,10000,"expA1_00001_0100_077_0.1_10kbp","JC",NA,"DNA","expA1_00001_0100_077_0.1_10kbp_random_trees.phy","expA1_00001_0100_077_0.1_10kbp_partitions.nex","expA1_00001_0100_077_0.1_10kbp_output_alignment"
"1978",78,100,1,0.1,10000,"expA1_00001_0100_078_0.1_10kbp","JC",NA,"DNA","expA1_00001_0100_078_0.1_10kbp_random_trees.phy","expA1_00001_0100_078_0.1_10kbp_partitions.nex","expA1_00001_0100_078_0.1_10kbp_output_alignment"
"1979",79,100,1,0.1,10000,"expA1_00001_0100_079_0.1_10kbp","JC",NA,"DNA","expA1_00001_0100_079_0.1_10kbp_random_trees.phy","expA1_00001_0100_079_0.1_10kbp_partitions.nex","expA1_00001_0100_079_0.1_10kbp_output_alignment"
"1980",80,100,1,0.1,10000,"expA1_00001_0100_080_0.1_10kbp","JC",NA,"DNA","expA1_00001_0100_080_0.1_10kbp_random_trees.phy","expA1_00001_0100_080_0.1_10kbp_partitions.nex","expA1_00001_0100_080_0.1_10kbp_output_alignment"
"1981",81,100,1,0.1,10000,"expA1_00001_0100_081_0.1_10kbp","JC",NA,"DNA","expA1_00001_0100_081_0.1_10kbp_random_trees.phy","expA1_00001_0100_081_0.1_10kbp_partitions.nex","expA1_00001_0100_081_0.1_10kbp_output_alignment"
"1982",82,100,1,0.1,10000,"expA1_00001_0100_082_0.1_10kbp","JC",NA,"DNA","expA1_00001_0100_082_0.1_10kbp_random_trees.phy","expA1_00001_0100_082_0.1_10kbp_partitions.nex","expA1_00001_0100_082_0.1_10kbp_output_alignment"
"1983",83,100,1,0.1,10000,"expA1_00001_0100_083_0.1_10kbp","JC",NA,"DNA","expA1_00001_0100_083_0.1_10kbp_random_trees.phy","expA1_00001_0100_083_0.1_10kbp_partitions.nex","expA1_00001_0100_083_0.1_10kbp_output_alignment"
"1984",84,100,1,0.1,10000,"expA1_00001_0100_084_0.1_10kbp","JC",NA,"DNA","expA1_00001_0100_084_0.1_10kbp_random_trees.phy","expA1_00001_0100_084_0.1_10kbp_partitions.nex","expA1_00001_0100_084_0.1_10kbp_output_alignment"
"1985",85,100,1,0.1,10000,"expA1_00001_0100_085_0.1_10kbp","JC",NA,"DNA","expA1_00001_0100_085_0.1_10kbp_random_trees.phy","expA1_00001_0100_085_0.1_10kbp_partitions.nex","expA1_00001_0100_085_0.1_10kbp_output_alignment"
"1986",86,100,1,0.1,10000,"expA1_00001_0100_086_0.1_10kbp","JC",NA,"DNA","expA1_00001_0100_086_0.1_10kbp_random_trees.phy","expA1_00001_0100_086_0.1_10kbp_partitions.nex","expA1_00001_0100_086_0.1_10kbp_output_alignment"
"1987",87,100,1,0.1,10000,"expA1_00001_0100_087_0.1_10kbp","JC",NA,"DNA","expA1_00001_0100_087_0.1_10kbp_random_trees.phy","expA1_00001_0100_087_0.1_10kbp_partitions.nex","expA1_00001_0100_087_0.1_10kbp_output_alignment"
"1988",88,100,1,0.1,10000,"expA1_00001_0100_088_0.1_10kbp","JC",NA,"DNA","expA1_00001_0100_088_0.1_10kbp_random_trees.phy","expA1_00001_0100_088_0.1_10kbp_partitions.nex","expA1_00001_0100_088_0.1_10kbp_output_alignment"
"1989",89,100,1,0.1,10000,"expA1_00001_0100_089_0.1_10kbp","JC",NA,"DNA","expA1_00001_0100_089_0.1_10kbp_random_trees.phy","expA1_00001_0100_089_0.1_10kbp_partitions.nex","expA1_00001_0100_089_0.1_10kbp_output_alignment"
"1990",90,100,1,0.1,10000,"expA1_00001_0100_090_0.1_10kbp","JC",NA,"DNA","expA1_00001_0100_090_0.1_10kbp_random_trees.phy","expA1_00001_0100_090_0.1_10kbp_partitions.nex","expA1_00001_0100_090_0.1_10kbp_output_alignment"
"1991",91,100,1,0.1,10000,"expA1_00001_0100_091_0.1_10kbp","JC",NA,"DNA","expA1_00001_0100_091_0.1_10kbp_random_trees.phy","expA1_00001_0100_091_0.1_10kbp_partitions.nex","expA1_00001_0100_091_0.1_10kbp_output_alignment"
"1992",92,100,1,0.1,10000,"expA1_00001_0100_092_0.1_10kbp","JC",NA,"DNA","expA1_00001_0100_092_0.1_10kbp_random_trees.phy","expA1_00001_0100_092_0.1_10kbp_partitions.nex","expA1_00001_0100_092_0.1_10kbp_output_alignment"
"1993",93,100,1,0.1,10000,"expA1_00001_0100_093_0.1_10kbp","JC",NA,"DNA","expA1_00001_0100_093_0.1_10kbp_random_trees.phy","expA1_00001_0100_093_0.1_10kbp_partitions.nex","expA1_00001_0100_093_0.1_10kbp_output_alignment"
"1994",94,100,1,0.1,10000,"expA1_00001_0100_094_0.1_10kbp","JC",NA,"DNA","expA1_00001_0100_094_0.1_10kbp_random_trees.phy","expA1_00001_0100_094_0.1_10kbp_partitions.nex","expA1_00001_0100_094_0.1_10kbp_output_alignment"
"1995",95,100,1,0.1,10000,"expA1_00001_0100_095_0.1_10kbp","JC",NA,"DNA","expA1_00001_0100_095_0.1_10kbp_random_trees.phy","expA1_00001_0100_095_0.1_10kbp_partitions.nex","expA1_00001_0100_095_0.1_10kbp_output_alignment"
"1996",96,100,1,0.1,10000,"expA1_00001_0100_096_0.1_10kbp","JC",NA,"DNA","expA1_00001_0100_096_0.1_10kbp_random_trees.phy","expA1_00001_0100_096_0.1_10kbp_partitions.nex","expA1_00001_0100_096_0.1_10kbp_output_alignment"
"1997",97,100,1,0.1,10000,"expA1_00001_0100_097_0.1_10kbp","JC",NA,"DNA","expA1_00001_0100_097_0.1_10kbp_random_trees.phy","expA1_00001_0100_097_0.1_10kbp_partitions.nex","expA1_00001_0100_097_0.1_10kbp_output_alignment"
"1998",98,100,1,0.1,10000,"expA1_00001_0100_098_0.1_10kbp","JC",NA,"DNA","expA1_00001_0100_098_0.1_10kbp_random_trees.phy","expA1_00001_0100_098_0.1_10kbp_partitions.nex","expA1_00001_0100_098_0.1_10kbp_output_alignment"
"1999",99,100,1,0.1,10000,"expA1_00001_0100_099_0.1_10kbp","JC",NA,"DNA","expA1_00001_0100_099_0.1_10kbp_random_trees.phy","expA1_00001_0100_099_0.1_10kbp_partitions.nex","expA1_00001_0100_099_0.1_10kbp_output_alignment"
"2000",100,100,1,0.1,10000,"expA1_00001_0100_100_0.1_10kbp","JC",NA,"DNA","expA1_00001_0100_100_0.1_10kbp_random_trees.phy","expA1_00001_0100_100_0.1_10kbp_partitions.nex","expA1_00001_0100_100_0.1_10kbp_output_alignment"
"2001",1,10,1,1,10000,"expA1_00001_0010_001_1_10kbp","JC",NA,"DNA","expA1_00001_0010_001_1_10kbp_random_trees.phy","expA1_00001_0010_001_1_10kbp_partitions.nex","expA1_00001_0010_001_1_10kbp_output_alignment"
"2002",2,10,1,1,10000,"expA1_00001_0010_002_1_10kbp","JC",NA,"DNA","expA1_00001_0010_002_1_10kbp_random_trees.phy","expA1_00001_0010_002_1_10kbp_partitions.nex","expA1_00001_0010_002_1_10kbp_output_alignment"
"2003",3,10,1,1,10000,"expA1_00001_0010_003_1_10kbp","JC",NA,"DNA","expA1_00001_0010_003_1_10kbp_random_trees.phy","expA1_00001_0010_003_1_10kbp_partitions.nex","expA1_00001_0010_003_1_10kbp_output_alignment"
"2004",4,10,1,1,10000,"expA1_00001_0010_004_1_10kbp","JC",NA,"DNA","expA1_00001_0010_004_1_10kbp_random_trees.phy","expA1_00001_0010_004_1_10kbp_partitions.nex","expA1_00001_0010_004_1_10kbp_output_alignment"
"2005",5,10,1,1,10000,"expA1_00001_0010_005_1_10kbp","JC",NA,"DNA","expA1_00001_0010_005_1_10kbp_random_trees.phy","expA1_00001_0010_005_1_10kbp_partitions.nex","expA1_00001_0010_005_1_10kbp_output_alignment"
"2006",6,10,1,1,10000,"expA1_00001_0010_006_1_10kbp","JC",NA,"DNA","expA1_00001_0010_006_1_10kbp_random_trees.phy","expA1_00001_0010_006_1_10kbp_partitions.nex","expA1_00001_0010_006_1_10kbp_output_alignment"
"2007",7,10,1,1,10000,"expA1_00001_0010_007_1_10kbp","JC",NA,"DNA","expA1_00001_0010_007_1_10kbp_random_trees.phy","expA1_00001_0010_007_1_10kbp_partitions.nex","expA1_00001_0010_007_1_10kbp_output_alignment"
"2008",8,10,1,1,10000,"expA1_00001_0010_008_1_10kbp","JC",NA,"DNA","expA1_00001_0010_008_1_10kbp_random_trees.phy","expA1_00001_0010_008_1_10kbp_partitions.nex","expA1_00001_0010_008_1_10kbp_output_alignment"
"2009",9,10,1,1,10000,"expA1_00001_0010_009_1_10kbp","JC",NA,"DNA","expA1_00001_0010_009_1_10kbp_random_trees.phy","expA1_00001_0010_009_1_10kbp_partitions.nex","expA1_00001_0010_009_1_10kbp_output_alignment"
"2010",10,10,1,1,10000,"expA1_00001_0010_010_1_10kbp","JC",NA,"DNA","expA1_00001_0010_010_1_10kbp_random_trees.phy","expA1_00001_0010_010_1_10kbp_partitions.nex","expA1_00001_0010_010_1_10kbp_output_alignment"
"2011",11,10,1,1,10000,"expA1_00001_0010_011_1_10kbp","JC",NA,"DNA","expA1_00001_0010_011_1_10kbp_random_trees.phy","expA1_00001_0010_011_1_10kbp_partitions.nex","expA1_00001_0010_011_1_10kbp_output_alignment"
"2012",12,10,1,1,10000,"expA1_00001_0010_012_1_10kbp","JC",NA,"DNA","expA1_00001_0010_012_1_10kbp_random_trees.phy","expA1_00001_0010_012_1_10kbp_partitions.nex","expA1_00001_0010_012_1_10kbp_output_alignment"
"2013",13,10,1,1,10000,"expA1_00001_0010_013_1_10kbp","JC",NA,"DNA","expA1_00001_0010_013_1_10kbp_random_trees.phy","expA1_00001_0010_013_1_10kbp_partitions.nex","expA1_00001_0010_013_1_10kbp_output_alignment"
"2014",14,10,1,1,10000,"expA1_00001_0010_014_1_10kbp","JC",NA,"DNA","expA1_00001_0010_014_1_10kbp_random_trees.phy","expA1_00001_0010_014_1_10kbp_partitions.nex","expA1_00001_0010_014_1_10kbp_output_alignment"
"2015",15,10,1,1,10000,"expA1_00001_0010_015_1_10kbp","JC",NA,"DNA","expA1_00001_0010_015_1_10kbp_random_trees.phy","expA1_00001_0010_015_1_10kbp_partitions.nex","expA1_00001_0010_015_1_10kbp_output_alignment"
"2016",16,10,1,1,10000,"expA1_00001_0010_016_1_10kbp","JC",NA,"DNA","expA1_00001_0010_016_1_10kbp_random_trees.phy","expA1_00001_0010_016_1_10kbp_partitions.nex","expA1_00001_0010_016_1_10kbp_output_alignment"
"2017",17,10,1,1,10000,"expA1_00001_0010_017_1_10kbp","JC",NA,"DNA","expA1_00001_0010_017_1_10kbp_random_trees.phy","expA1_00001_0010_017_1_10kbp_partitions.nex","expA1_00001_0010_017_1_10kbp_output_alignment"
"2018",18,10,1,1,10000,"expA1_00001_0010_018_1_10kbp","JC",NA,"DNA","expA1_00001_0010_018_1_10kbp_random_trees.phy","expA1_00001_0010_018_1_10kbp_partitions.nex","expA1_00001_0010_018_1_10kbp_output_alignment"
"2019",19,10,1,1,10000,"expA1_00001_0010_019_1_10kbp","JC",NA,"DNA","expA1_00001_0010_019_1_10kbp_random_trees.phy","expA1_00001_0010_019_1_10kbp_partitions.nex","expA1_00001_0010_019_1_10kbp_output_alignment"
"2020",20,10,1,1,10000,"expA1_00001_0010_020_1_10kbp","JC",NA,"DNA","expA1_00001_0010_020_1_10kbp_random_trees.phy","expA1_00001_0010_020_1_10kbp_partitions.nex","expA1_00001_0010_020_1_10kbp_output_alignment"
"2021",21,10,1,1,10000,"expA1_00001_0010_021_1_10kbp","JC",NA,"DNA","expA1_00001_0010_021_1_10kbp_random_trees.phy","expA1_00001_0010_021_1_10kbp_partitions.nex","expA1_00001_0010_021_1_10kbp_output_alignment"
"2022",22,10,1,1,10000,"expA1_00001_0010_022_1_10kbp","JC",NA,"DNA","expA1_00001_0010_022_1_10kbp_random_trees.phy","expA1_00001_0010_022_1_10kbp_partitions.nex","expA1_00001_0010_022_1_10kbp_output_alignment"
"2023",23,10,1,1,10000,"expA1_00001_0010_023_1_10kbp","JC",NA,"DNA","expA1_00001_0010_023_1_10kbp_random_trees.phy","expA1_00001_0010_023_1_10kbp_partitions.nex","expA1_00001_0010_023_1_10kbp_output_alignment"
"2024",24,10,1,1,10000,"expA1_00001_0010_024_1_10kbp","JC",NA,"DNA","expA1_00001_0010_024_1_10kbp_random_trees.phy","expA1_00001_0010_024_1_10kbp_partitions.nex","expA1_00001_0010_024_1_10kbp_output_alignment"
"2025",25,10,1,1,10000,"expA1_00001_0010_025_1_10kbp","JC",NA,"DNA","expA1_00001_0010_025_1_10kbp_random_trees.phy","expA1_00001_0010_025_1_10kbp_partitions.nex","expA1_00001_0010_025_1_10kbp_output_alignment"
"2026",26,10,1,1,10000,"expA1_00001_0010_026_1_10kbp","JC",NA,"DNA","expA1_00001_0010_026_1_10kbp_random_trees.phy","expA1_00001_0010_026_1_10kbp_partitions.nex","expA1_00001_0010_026_1_10kbp_output_alignment"
"2027",27,10,1,1,10000,"expA1_00001_0010_027_1_10kbp","JC",NA,"DNA","expA1_00001_0010_027_1_10kbp_random_trees.phy","expA1_00001_0010_027_1_10kbp_partitions.nex","expA1_00001_0010_027_1_10kbp_output_alignment"
"2028",28,10,1,1,10000,"expA1_00001_0010_028_1_10kbp","JC",NA,"DNA","expA1_00001_0010_028_1_10kbp_random_trees.phy","expA1_00001_0010_028_1_10kbp_partitions.nex","expA1_00001_0010_028_1_10kbp_output_alignment"
"2029",29,10,1,1,10000,"expA1_00001_0010_029_1_10kbp","JC",NA,"DNA","expA1_00001_0010_029_1_10kbp_random_trees.phy","expA1_00001_0010_029_1_10kbp_partitions.nex","expA1_00001_0010_029_1_10kbp_output_alignment"
"2030",30,10,1,1,10000,"expA1_00001_0010_030_1_10kbp","JC",NA,"DNA","expA1_00001_0010_030_1_10kbp_random_trees.phy","expA1_00001_0010_030_1_10kbp_partitions.nex","expA1_00001_0010_030_1_10kbp_output_alignment"
"2031",31,10,1,1,10000,"expA1_00001_0010_031_1_10kbp","JC",NA,"DNA","expA1_00001_0010_031_1_10kbp_random_trees.phy","expA1_00001_0010_031_1_10kbp_partitions.nex","expA1_00001_0010_031_1_10kbp_output_alignment"
"2032",32,10,1,1,10000,"expA1_00001_0010_032_1_10kbp","JC",NA,"DNA","expA1_00001_0010_032_1_10kbp_random_trees.phy","expA1_00001_0010_032_1_10kbp_partitions.nex","expA1_00001_0010_032_1_10kbp_output_alignment"
"2033",33,10,1,1,10000,"expA1_00001_0010_033_1_10kbp","JC",NA,"DNA","expA1_00001_0010_033_1_10kbp_random_trees.phy","expA1_00001_0010_033_1_10kbp_partitions.nex","expA1_00001_0010_033_1_10kbp_output_alignment"
"2034",34,10,1,1,10000,"expA1_00001_0010_034_1_10kbp","JC",NA,"DNA","expA1_00001_0010_034_1_10kbp_random_trees.phy","expA1_00001_0010_034_1_10kbp_partitions.nex","expA1_00001_0010_034_1_10kbp_output_alignment"
"2035",35,10,1,1,10000,"expA1_00001_0010_035_1_10kbp","JC",NA,"DNA","expA1_00001_0010_035_1_10kbp_random_trees.phy","expA1_00001_0010_035_1_10kbp_partitions.nex","expA1_00001_0010_035_1_10kbp_output_alignment"
"2036",36,10,1,1,10000,"expA1_00001_0010_036_1_10kbp","JC",NA,"DNA","expA1_00001_0010_036_1_10kbp_random_trees.phy","expA1_00001_0010_036_1_10kbp_partitions.nex","expA1_00001_0010_036_1_10kbp_output_alignment"
"2037",37,10,1,1,10000,"expA1_00001_0010_037_1_10kbp","JC",NA,"DNA","expA1_00001_0010_037_1_10kbp_random_trees.phy","expA1_00001_0010_037_1_10kbp_partitions.nex","expA1_00001_0010_037_1_10kbp_output_alignment"
"2038",38,10,1,1,10000,"expA1_00001_0010_038_1_10kbp","JC",NA,"DNA","expA1_00001_0010_038_1_10kbp_random_trees.phy","expA1_00001_0010_038_1_10kbp_partitions.nex","expA1_00001_0010_038_1_10kbp_output_alignment"
"2039",39,10,1,1,10000,"expA1_00001_0010_039_1_10kbp","JC",NA,"DNA","expA1_00001_0010_039_1_10kbp_random_trees.phy","expA1_00001_0010_039_1_10kbp_partitions.nex","expA1_00001_0010_039_1_10kbp_output_alignment"
"2040",40,10,1,1,10000,"expA1_00001_0010_040_1_10kbp","JC",NA,"DNA","expA1_00001_0010_040_1_10kbp_random_trees.phy","expA1_00001_0010_040_1_10kbp_partitions.nex","expA1_00001_0010_040_1_10kbp_output_alignment"
"2041",41,10,1,1,10000,"expA1_00001_0010_041_1_10kbp","JC",NA,"DNA","expA1_00001_0010_041_1_10kbp_random_trees.phy","expA1_00001_0010_041_1_10kbp_partitions.nex","expA1_00001_0010_041_1_10kbp_output_alignment"
"2042",42,10,1,1,10000,"expA1_00001_0010_042_1_10kbp","JC",NA,"DNA","expA1_00001_0010_042_1_10kbp_random_trees.phy","expA1_00001_0010_042_1_10kbp_partitions.nex","expA1_00001_0010_042_1_10kbp_output_alignment"
"2043",43,10,1,1,10000,"expA1_00001_0010_043_1_10kbp","JC",NA,"DNA","expA1_00001_0010_043_1_10kbp_random_trees.phy","expA1_00001_0010_043_1_10kbp_partitions.nex","expA1_00001_0010_043_1_10kbp_output_alignment"
"2044",44,10,1,1,10000,"expA1_00001_0010_044_1_10kbp","JC",NA,"DNA","expA1_00001_0010_044_1_10kbp_random_trees.phy","expA1_00001_0010_044_1_10kbp_partitions.nex","expA1_00001_0010_044_1_10kbp_output_alignment"
"2045",45,10,1,1,10000,"expA1_00001_0010_045_1_10kbp","JC",NA,"DNA","expA1_00001_0010_045_1_10kbp_random_trees.phy","expA1_00001_0010_045_1_10kbp_partitions.nex","expA1_00001_0010_045_1_10kbp_output_alignment"
"2046",46,10,1,1,10000,"expA1_00001_0010_046_1_10kbp","JC",NA,"DNA","expA1_00001_0010_046_1_10kbp_random_trees.phy","expA1_00001_0010_046_1_10kbp_partitions.nex","expA1_00001_0010_046_1_10kbp_output_alignment"
"2047",47,10,1,1,10000,"expA1_00001_0010_047_1_10kbp","JC",NA,"DNA","expA1_00001_0010_047_1_10kbp_random_trees.phy","expA1_00001_0010_047_1_10kbp_partitions.nex","expA1_00001_0010_047_1_10kbp_output_alignment"
"2048",48,10,1,1,10000,"expA1_00001_0010_048_1_10kbp","JC",NA,"DNA","expA1_00001_0010_048_1_10kbp_random_trees.phy","expA1_00001_0010_048_1_10kbp_partitions.nex","expA1_00001_0010_048_1_10kbp_output_alignment"
"2049",49,10,1,1,10000,"expA1_00001_0010_049_1_10kbp","JC",NA,"DNA","expA1_00001_0010_049_1_10kbp_random_trees.phy","expA1_00001_0010_049_1_10kbp_partitions.nex","expA1_00001_0010_049_1_10kbp_output_alignment"
"2050",50,10,1,1,10000,"expA1_00001_0010_050_1_10kbp","JC",NA,"DNA","expA1_00001_0010_050_1_10kbp_random_trees.phy","expA1_00001_0010_050_1_10kbp_partitions.nex","expA1_00001_0010_050_1_10kbp_output_alignment"
"2051",51,10,1,1,10000,"expA1_00001_0010_051_1_10kbp","JC",NA,"DNA","expA1_00001_0010_051_1_10kbp_random_trees.phy","expA1_00001_0010_051_1_10kbp_partitions.nex","expA1_00001_0010_051_1_10kbp_output_alignment"
"2052",52,10,1,1,10000,"expA1_00001_0010_052_1_10kbp","JC",NA,"DNA","expA1_00001_0010_052_1_10kbp_random_trees.phy","expA1_00001_0010_052_1_10kbp_partitions.nex","expA1_00001_0010_052_1_10kbp_output_alignment"
"2053",53,10,1,1,10000,"expA1_00001_0010_053_1_10kbp","JC",NA,"DNA","expA1_00001_0010_053_1_10kbp_random_trees.phy","expA1_00001_0010_053_1_10kbp_partitions.nex","expA1_00001_0010_053_1_10kbp_output_alignment"
"2054",54,10,1,1,10000,"expA1_00001_0010_054_1_10kbp","JC",NA,"DNA","expA1_00001_0010_054_1_10kbp_random_trees.phy","expA1_00001_0010_054_1_10kbp_partitions.nex","expA1_00001_0010_054_1_10kbp_output_alignment"
"2055",55,10,1,1,10000,"expA1_00001_0010_055_1_10kbp","JC",NA,"DNA","expA1_00001_0010_055_1_10kbp_random_trees.phy","expA1_00001_0010_055_1_10kbp_partitions.nex","expA1_00001_0010_055_1_10kbp_output_alignment"
"2056",56,10,1,1,10000,"expA1_00001_0010_056_1_10kbp","JC",NA,"DNA","expA1_00001_0010_056_1_10kbp_random_trees.phy","expA1_00001_0010_056_1_10kbp_partitions.nex","expA1_00001_0010_056_1_10kbp_output_alignment"
"2057",57,10,1,1,10000,"expA1_00001_0010_057_1_10kbp","JC",NA,"DNA","expA1_00001_0010_057_1_10kbp_random_trees.phy","expA1_00001_0010_057_1_10kbp_partitions.nex","expA1_00001_0010_057_1_10kbp_output_alignment"
"2058",58,10,1,1,10000,"expA1_00001_0010_058_1_10kbp","JC",NA,"DNA","expA1_00001_0010_058_1_10kbp_random_trees.phy","expA1_00001_0010_058_1_10kbp_partitions.nex","expA1_00001_0010_058_1_10kbp_output_alignment"
"2059",59,10,1,1,10000,"expA1_00001_0010_059_1_10kbp","JC",NA,"DNA","expA1_00001_0010_059_1_10kbp_random_trees.phy","expA1_00001_0010_059_1_10kbp_partitions.nex","expA1_00001_0010_059_1_10kbp_output_alignment"
"2060",60,10,1,1,10000,"expA1_00001_0010_060_1_10kbp","JC",NA,"DNA","expA1_00001_0010_060_1_10kbp_random_trees.phy","expA1_00001_0010_060_1_10kbp_partitions.nex","expA1_00001_0010_060_1_10kbp_output_alignment"
"2061",61,10,1,1,10000,"expA1_00001_0010_061_1_10kbp","JC",NA,"DNA","expA1_00001_0010_061_1_10kbp_random_trees.phy","expA1_00001_0010_061_1_10kbp_partitions.nex","expA1_00001_0010_061_1_10kbp_output_alignment"
"2062",62,10,1,1,10000,"expA1_00001_0010_062_1_10kbp","JC",NA,"DNA","expA1_00001_0010_062_1_10kbp_random_trees.phy","expA1_00001_0010_062_1_10kbp_partitions.nex","expA1_00001_0010_062_1_10kbp_output_alignment"
"2063",63,10,1,1,10000,"expA1_00001_0010_063_1_10kbp","JC",NA,"DNA","expA1_00001_0010_063_1_10kbp_random_trees.phy","expA1_00001_0010_063_1_10kbp_partitions.nex","expA1_00001_0010_063_1_10kbp_output_alignment"
"2064",64,10,1,1,10000,"expA1_00001_0010_064_1_10kbp","JC",NA,"DNA","expA1_00001_0010_064_1_10kbp_random_trees.phy","expA1_00001_0010_064_1_10kbp_partitions.nex","expA1_00001_0010_064_1_10kbp_output_alignment"
"2065",65,10,1,1,10000,"expA1_00001_0010_065_1_10kbp","JC",NA,"DNA","expA1_00001_0010_065_1_10kbp_random_trees.phy","expA1_00001_0010_065_1_10kbp_partitions.nex","expA1_00001_0010_065_1_10kbp_output_alignment"
"2066",66,10,1,1,10000,"expA1_00001_0010_066_1_10kbp","JC",NA,"DNA","expA1_00001_0010_066_1_10kbp_random_trees.phy","expA1_00001_0010_066_1_10kbp_partitions.nex","expA1_00001_0010_066_1_10kbp_output_alignment"
"2067",67,10,1,1,10000,"expA1_00001_0010_067_1_10kbp","JC",NA,"DNA","expA1_00001_0010_067_1_10kbp_random_trees.phy","expA1_00001_0010_067_1_10kbp_partitions.nex","expA1_00001_0010_067_1_10kbp_output_alignment"
"2068",68,10,1,1,10000,"expA1_00001_0010_068_1_10kbp","JC",NA,"DNA","expA1_00001_0010_068_1_10kbp_random_trees.phy","expA1_00001_0010_068_1_10kbp_partitions.nex","expA1_00001_0010_068_1_10kbp_output_alignment"
"2069",69,10,1,1,10000,"expA1_00001_0010_069_1_10kbp","JC",NA,"DNA","expA1_00001_0010_069_1_10kbp_random_trees.phy","expA1_00001_0010_069_1_10kbp_partitions.nex","expA1_00001_0010_069_1_10kbp_output_alignment"
"2070",70,10,1,1,10000,"expA1_00001_0010_070_1_10kbp","JC",NA,"DNA","expA1_00001_0010_070_1_10kbp_random_trees.phy","expA1_00001_0010_070_1_10kbp_partitions.nex","expA1_00001_0010_070_1_10kbp_output_alignment"
"2071",71,10,1,1,10000,"expA1_00001_0010_071_1_10kbp","JC",NA,"DNA","expA1_00001_0010_071_1_10kbp_random_trees.phy","expA1_00001_0010_071_1_10kbp_partitions.nex","expA1_00001_0010_071_1_10kbp_output_alignment"
"2072",72,10,1,1,10000,"expA1_00001_0010_072_1_10kbp","JC",NA,"DNA","expA1_00001_0010_072_1_10kbp_random_trees.phy","expA1_00001_0010_072_1_10kbp_partitions.nex","expA1_00001_0010_072_1_10kbp_output_alignment"
"2073",73,10,1,1,10000,"expA1_00001_0010_073_1_10kbp","JC",NA,"DNA","expA1_00001_0010_073_1_10kbp_random_trees.phy","expA1_00001_0010_073_1_10kbp_partitions.nex","expA1_00001_0010_073_1_10kbp_output_alignment"
"2074",74,10,1,1,10000,"expA1_00001_0010_074_1_10kbp","JC",NA,"DNA","expA1_00001_0010_074_1_10kbp_random_trees.phy","expA1_00001_0010_074_1_10kbp_partitions.nex","expA1_00001_0010_074_1_10kbp_output_alignment"
"2075",75,10,1,1,10000,"expA1_00001_0010_075_1_10kbp","JC",NA,"DNA","expA1_00001_0010_075_1_10kbp_random_trees.phy","expA1_00001_0010_075_1_10kbp_partitions.nex","expA1_00001_0010_075_1_10kbp_output_alignment"
"2076",76,10,1,1,10000,"expA1_00001_0010_076_1_10kbp","JC",NA,"DNA","expA1_00001_0010_076_1_10kbp_random_trees.phy","expA1_00001_0010_076_1_10kbp_partitions.nex","expA1_00001_0010_076_1_10kbp_output_alignment"
"2077",77,10,1,1,10000,"expA1_00001_0010_077_1_10kbp","JC",NA,"DNA","expA1_00001_0010_077_1_10kbp_random_trees.phy","expA1_00001_0010_077_1_10kbp_partitions.nex","expA1_00001_0010_077_1_10kbp_output_alignment"
"2078",78,10,1,1,10000,"expA1_00001_0010_078_1_10kbp","JC",NA,"DNA","expA1_00001_0010_078_1_10kbp_random_trees.phy","expA1_00001_0010_078_1_10kbp_partitions.nex","expA1_00001_0010_078_1_10kbp_output_alignment"
"2079",79,10,1,1,10000,"expA1_00001_0010_079_1_10kbp","JC",NA,"DNA","expA1_00001_0010_079_1_10kbp_random_trees.phy","expA1_00001_0010_079_1_10kbp_partitions.nex","expA1_00001_0010_079_1_10kbp_output_alignment"
"2080",80,10,1,1,10000,"expA1_00001_0010_080_1_10kbp","JC",NA,"DNA","expA1_00001_0010_080_1_10kbp_random_trees.phy","expA1_00001_0010_080_1_10kbp_partitions.nex","expA1_00001_0010_080_1_10kbp_output_alignment"
"2081",81,10,1,1,10000,"expA1_00001_0010_081_1_10kbp","JC",NA,"DNA","expA1_00001_0010_081_1_10kbp_random_trees.phy","expA1_00001_0010_081_1_10kbp_partitions.nex","expA1_00001_0010_081_1_10kbp_output_alignment"
"2082",82,10,1,1,10000,"expA1_00001_0010_082_1_10kbp","JC",NA,"DNA","expA1_00001_0010_082_1_10kbp_random_trees.phy","expA1_00001_0010_082_1_10kbp_partitions.nex","expA1_00001_0010_082_1_10kbp_output_alignment"
"2083",83,10,1,1,10000,"expA1_00001_0010_083_1_10kbp","JC",NA,"DNA","expA1_00001_0010_083_1_10kbp_random_trees.phy","expA1_00001_0010_083_1_10kbp_partitions.nex","expA1_00001_0010_083_1_10kbp_output_alignment"
"2084",84,10,1,1,10000,"expA1_00001_0010_084_1_10kbp","JC",NA,"DNA","expA1_00001_0010_084_1_10kbp_random_trees.phy","expA1_00001_0010_084_1_10kbp_partitions.nex","expA1_00001_0010_084_1_10kbp_output_alignment"
"2085",85,10,1,1,10000,"expA1_00001_0010_085_1_10kbp","JC",NA,"DNA","expA1_00001_0010_085_1_10kbp_random_trees.phy","expA1_00001_0010_085_1_10kbp_partitions.nex","expA1_00001_0010_085_1_10kbp_output_alignment"
"2086",86,10,1,1,10000,"expA1_00001_0010_086_1_10kbp","JC",NA,"DNA","expA1_00001_0010_086_1_10kbp_random_trees.phy","expA1_00001_0010_086_1_10kbp_partitions.nex","expA1_00001_0010_086_1_10kbp_output_alignment"
"2087",87,10,1,1,10000,"expA1_00001_0010_087_1_10kbp","JC",NA,"DNA","expA1_00001_0010_087_1_10kbp_random_trees.phy","expA1_00001_0010_087_1_10kbp_partitions.nex","expA1_00001_0010_087_1_10kbp_output_alignment"
"2088",88,10,1,1,10000,"expA1_00001_0010_088_1_10kbp","JC",NA,"DNA","expA1_00001_0010_088_1_10kbp_random_trees.phy","expA1_00001_0010_088_1_10kbp_partitions.nex","expA1_00001_0010_088_1_10kbp_output_alignment"
"2089",89,10,1,1,10000,"expA1_00001_0010_089_1_10kbp","JC",NA,"DNA","expA1_00001_0010_089_1_10kbp_random_trees.phy","expA1_00001_0010_089_1_10kbp_partitions.nex","expA1_00001_0010_089_1_10kbp_output_alignment"
"2090",90,10,1,1,10000,"expA1_00001_0010_090_1_10kbp","JC",NA,"DNA","expA1_00001_0010_090_1_10kbp_random_trees.phy","expA1_00001_0010_090_1_10kbp_partitions.nex","expA1_00001_0010_090_1_10kbp_output_alignment"
"2091",91,10,1,1,10000,"expA1_00001_0010_091_1_10kbp","JC",NA,"DNA","expA1_00001_0010_091_1_10kbp_random_trees.phy","expA1_00001_0010_091_1_10kbp_partitions.nex","expA1_00001_0010_091_1_10kbp_output_alignment"
"2092",92,10,1,1,10000,"expA1_00001_0010_092_1_10kbp","JC",NA,"DNA","expA1_00001_0010_092_1_10kbp_random_trees.phy","expA1_00001_0010_092_1_10kbp_partitions.nex","expA1_00001_0010_092_1_10kbp_output_alignment"
"2093",93,10,1,1,10000,"expA1_00001_0010_093_1_10kbp","JC",NA,"DNA","expA1_00001_0010_093_1_10kbp_random_trees.phy","expA1_00001_0010_093_1_10kbp_partitions.nex","expA1_00001_0010_093_1_10kbp_output_alignment"
"2094",94,10,1,1,10000,"expA1_00001_0010_094_1_10kbp","JC",NA,"DNA","expA1_00001_0010_094_1_10kbp_random_trees.phy","expA1_00001_0010_094_1_10kbp_partitions.nex","expA1_00001_0010_094_1_10kbp_output_alignment"
"2095",95,10,1,1,10000,"expA1_00001_0010_095_1_10kbp","JC",NA,"DNA","expA1_00001_0010_095_1_10kbp_random_trees.phy","expA1_00001_0010_095_1_10kbp_partitions.nex","expA1_00001_0010_095_1_10kbp_output_alignment"
"2096",96,10,1,1,10000,"expA1_00001_0010_096_1_10kbp","JC",NA,"DNA","expA1_00001_0010_096_1_10kbp_random_trees.phy","expA1_00001_0010_096_1_10kbp_partitions.nex","expA1_00001_0010_096_1_10kbp_output_alignment"
"2097",97,10,1,1,10000,"expA1_00001_0010_097_1_10kbp","JC",NA,"DNA","expA1_00001_0010_097_1_10kbp_random_trees.phy","expA1_00001_0010_097_1_10kbp_partitions.nex","expA1_00001_0010_097_1_10kbp_output_alignment"
"2098",98,10,1,1,10000,"expA1_00001_0010_098_1_10kbp","JC",NA,"DNA","expA1_00001_0010_098_1_10kbp_random_trees.phy","expA1_00001_0010_098_1_10kbp_partitions.nex","expA1_00001_0010_098_1_10kbp_output_alignment"
"2099",99,10,1,1,10000,"expA1_00001_0010_099_1_10kbp","JC",NA,"DNA","expA1_00001_0010_099_1_10kbp_random_trees.phy","expA1_00001_0010_099_1_10kbp_partitions.nex","expA1_00001_0010_099_1_10kbp_output_alignment"
"2100",100,10,1,1,10000,"expA1_00001_0010_100_1_10kbp","JC",NA,"DNA","expA1_00001_0010_100_1_10kbp_random_trees.phy","expA1_00001_0010_100_1_10kbp_partitions.nex","expA1_00001_0010_100_1_10kbp_output_alignment"
"2101",1,20,1,1,10000,"expA1_00001_0020_001_1_10kbp","JC",NA,"DNA","expA1_00001_0020_001_1_10kbp_random_trees.phy","expA1_00001_0020_001_1_10kbp_partitions.nex","expA1_00001_0020_001_1_10kbp_output_alignment"
"2102",2,20,1,1,10000,"expA1_00001_0020_002_1_10kbp","JC",NA,"DNA","expA1_00001_0020_002_1_10kbp_random_trees.phy","expA1_00001_0020_002_1_10kbp_partitions.nex","expA1_00001_0020_002_1_10kbp_output_alignment"
"2103",3,20,1,1,10000,"expA1_00001_0020_003_1_10kbp","JC",NA,"DNA","expA1_00001_0020_003_1_10kbp_random_trees.phy","expA1_00001_0020_003_1_10kbp_partitions.nex","expA1_00001_0020_003_1_10kbp_output_alignment"
"2104",4,20,1,1,10000,"expA1_00001_0020_004_1_10kbp","JC",NA,"DNA","expA1_00001_0020_004_1_10kbp_random_trees.phy","expA1_00001_0020_004_1_10kbp_partitions.nex","expA1_00001_0020_004_1_10kbp_output_alignment"
"2105",5,20,1,1,10000,"expA1_00001_0020_005_1_10kbp","JC",NA,"DNA","expA1_00001_0020_005_1_10kbp_random_trees.phy","expA1_00001_0020_005_1_10kbp_partitions.nex","expA1_00001_0020_005_1_10kbp_output_alignment"
"2106",6,20,1,1,10000,"expA1_00001_0020_006_1_10kbp","JC",NA,"DNA","expA1_00001_0020_006_1_10kbp_random_trees.phy","expA1_00001_0020_006_1_10kbp_partitions.nex","expA1_00001_0020_006_1_10kbp_output_alignment"
"2107",7,20,1,1,10000,"expA1_00001_0020_007_1_10kbp","JC",NA,"DNA","expA1_00001_0020_007_1_10kbp_random_trees.phy","expA1_00001_0020_007_1_10kbp_partitions.nex","expA1_00001_0020_007_1_10kbp_output_alignment"
"2108",8,20,1,1,10000,"expA1_00001_0020_008_1_10kbp","JC",NA,"DNA","expA1_00001_0020_008_1_10kbp_random_trees.phy","expA1_00001_0020_008_1_10kbp_partitions.nex","expA1_00001_0020_008_1_10kbp_output_alignment"
"2109",9,20,1,1,10000,"expA1_00001_0020_009_1_10kbp","JC",NA,"DNA","expA1_00001_0020_009_1_10kbp_random_trees.phy","expA1_00001_0020_009_1_10kbp_partitions.nex","expA1_00001_0020_009_1_10kbp_output_alignment"
"2110",10,20,1,1,10000,"expA1_00001_0020_010_1_10kbp","JC",NA,"DNA","expA1_00001_0020_010_1_10kbp_random_trees.phy","expA1_00001_0020_010_1_10kbp_partitions.nex","expA1_00001_0020_010_1_10kbp_output_alignment"
"2111",11,20,1,1,10000,"expA1_00001_0020_011_1_10kbp","JC",NA,"DNA","expA1_00001_0020_011_1_10kbp_random_trees.phy","expA1_00001_0020_011_1_10kbp_partitions.nex","expA1_00001_0020_011_1_10kbp_output_alignment"
"2112",12,20,1,1,10000,"expA1_00001_0020_012_1_10kbp","JC",NA,"DNA","expA1_00001_0020_012_1_10kbp_random_trees.phy","expA1_00001_0020_012_1_10kbp_partitions.nex","expA1_00001_0020_012_1_10kbp_output_alignment"
"2113",13,20,1,1,10000,"expA1_00001_0020_013_1_10kbp","JC",NA,"DNA","expA1_00001_0020_013_1_10kbp_random_trees.phy","expA1_00001_0020_013_1_10kbp_partitions.nex","expA1_00001_0020_013_1_10kbp_output_alignment"
"2114",14,20,1,1,10000,"expA1_00001_0020_014_1_10kbp","JC",NA,"DNA","expA1_00001_0020_014_1_10kbp_random_trees.phy","expA1_00001_0020_014_1_10kbp_partitions.nex","expA1_00001_0020_014_1_10kbp_output_alignment"
"2115",15,20,1,1,10000,"expA1_00001_0020_015_1_10kbp","JC",NA,"DNA","expA1_00001_0020_015_1_10kbp_random_trees.phy","expA1_00001_0020_015_1_10kbp_partitions.nex","expA1_00001_0020_015_1_10kbp_output_alignment"
"2116",16,20,1,1,10000,"expA1_00001_0020_016_1_10kbp","JC",NA,"DNA","expA1_00001_0020_016_1_10kbp_random_trees.phy","expA1_00001_0020_016_1_10kbp_partitions.nex","expA1_00001_0020_016_1_10kbp_output_alignment"
"2117",17,20,1,1,10000,"expA1_00001_0020_017_1_10kbp","JC",NA,"DNA","expA1_00001_0020_017_1_10kbp_random_trees.phy","expA1_00001_0020_017_1_10kbp_partitions.nex","expA1_00001_0020_017_1_10kbp_output_alignment"
"2118",18,20,1,1,10000,"expA1_00001_0020_018_1_10kbp","JC",NA,"DNA","expA1_00001_0020_018_1_10kbp_random_trees.phy","expA1_00001_0020_018_1_10kbp_partitions.nex","expA1_00001_0020_018_1_10kbp_output_alignment"
"2119",19,20,1,1,10000,"expA1_00001_0020_019_1_10kbp","JC",NA,"DNA","expA1_00001_0020_019_1_10kbp_random_trees.phy","expA1_00001_0020_019_1_10kbp_partitions.nex","expA1_00001_0020_019_1_10kbp_output_alignment"
"2120",20,20,1,1,10000,"expA1_00001_0020_020_1_10kbp","JC",NA,"DNA","expA1_00001_0020_020_1_10kbp_random_trees.phy","expA1_00001_0020_020_1_10kbp_partitions.nex","expA1_00001_0020_020_1_10kbp_output_alignment"
"2121",21,20,1,1,10000,"expA1_00001_0020_021_1_10kbp","JC",NA,"DNA","expA1_00001_0020_021_1_10kbp_random_trees.phy","expA1_00001_0020_021_1_10kbp_partitions.nex","expA1_00001_0020_021_1_10kbp_output_alignment"
"2122",22,20,1,1,10000,"expA1_00001_0020_022_1_10kbp","JC",NA,"DNA","expA1_00001_0020_022_1_10kbp_random_trees.phy","expA1_00001_0020_022_1_10kbp_partitions.nex","expA1_00001_0020_022_1_10kbp_output_alignment"
"2123",23,20,1,1,10000,"expA1_00001_0020_023_1_10kbp","JC",NA,"DNA","expA1_00001_0020_023_1_10kbp_random_trees.phy","expA1_00001_0020_023_1_10kbp_partitions.nex","expA1_00001_0020_023_1_10kbp_output_alignment"
"2124",24,20,1,1,10000,"expA1_00001_0020_024_1_10kbp","JC",NA,"DNA","expA1_00001_0020_024_1_10kbp_random_trees.phy","expA1_00001_0020_024_1_10kbp_partitions.nex","expA1_00001_0020_024_1_10kbp_output_alignment"
"2125",25,20,1,1,10000,"expA1_00001_0020_025_1_10kbp","JC",NA,"DNA","expA1_00001_0020_025_1_10kbp_random_trees.phy","expA1_00001_0020_025_1_10kbp_partitions.nex","expA1_00001_0020_025_1_10kbp_output_alignment"
"2126",26,20,1,1,10000,"expA1_00001_0020_026_1_10kbp","JC",NA,"DNA","expA1_00001_0020_026_1_10kbp_random_trees.phy","expA1_00001_0020_026_1_10kbp_partitions.nex","expA1_00001_0020_026_1_10kbp_output_alignment"
"2127",27,20,1,1,10000,"expA1_00001_0020_027_1_10kbp","JC",NA,"DNA","expA1_00001_0020_027_1_10kbp_random_trees.phy","expA1_00001_0020_027_1_10kbp_partitions.nex","expA1_00001_0020_027_1_10kbp_output_alignment"
"2128",28,20,1,1,10000,"expA1_00001_0020_028_1_10kbp","JC",NA,"DNA","expA1_00001_0020_028_1_10kbp_random_trees.phy","expA1_00001_0020_028_1_10kbp_partitions.nex","expA1_00001_0020_028_1_10kbp_output_alignment"
"2129",29,20,1,1,10000,"expA1_00001_0020_029_1_10kbp","JC",NA,"DNA","expA1_00001_0020_029_1_10kbp_random_trees.phy","expA1_00001_0020_029_1_10kbp_partitions.nex","expA1_00001_0020_029_1_10kbp_output_alignment"
"2130",30,20,1,1,10000,"expA1_00001_0020_030_1_10kbp","JC",NA,"DNA","expA1_00001_0020_030_1_10kbp_random_trees.phy","expA1_00001_0020_030_1_10kbp_partitions.nex","expA1_00001_0020_030_1_10kbp_output_alignment"
"2131",31,20,1,1,10000,"expA1_00001_0020_031_1_10kbp","JC",NA,"DNA","expA1_00001_0020_031_1_10kbp_random_trees.phy","expA1_00001_0020_031_1_10kbp_partitions.nex","expA1_00001_0020_031_1_10kbp_output_alignment"
"2132",32,20,1,1,10000,"expA1_00001_0020_032_1_10kbp","JC",NA,"DNA","expA1_00001_0020_032_1_10kbp_random_trees.phy","expA1_00001_0020_032_1_10kbp_partitions.nex","expA1_00001_0020_032_1_10kbp_output_alignment"
"2133",33,20,1,1,10000,"expA1_00001_0020_033_1_10kbp","JC",NA,"DNA","expA1_00001_0020_033_1_10kbp_random_trees.phy","expA1_00001_0020_033_1_10kbp_partitions.nex","expA1_00001_0020_033_1_10kbp_output_alignment"
"2134",34,20,1,1,10000,"expA1_00001_0020_034_1_10kbp","JC",NA,"DNA","expA1_00001_0020_034_1_10kbp_random_trees.phy","expA1_00001_0020_034_1_10kbp_partitions.nex","expA1_00001_0020_034_1_10kbp_output_alignment"
"2135",35,20,1,1,10000,"expA1_00001_0020_035_1_10kbp","JC",NA,"DNA","expA1_00001_0020_035_1_10kbp_random_trees.phy","expA1_00001_0020_035_1_10kbp_partitions.nex","expA1_00001_0020_035_1_10kbp_output_alignment"
"2136",36,20,1,1,10000,"expA1_00001_0020_036_1_10kbp","JC",NA,"DNA","expA1_00001_0020_036_1_10kbp_random_trees.phy","expA1_00001_0020_036_1_10kbp_partitions.nex","expA1_00001_0020_036_1_10kbp_output_alignment"
"2137",37,20,1,1,10000,"expA1_00001_0020_037_1_10kbp","JC",NA,"DNA","expA1_00001_0020_037_1_10kbp_random_trees.phy","expA1_00001_0020_037_1_10kbp_partitions.nex","expA1_00001_0020_037_1_10kbp_output_alignment"
"2138",38,20,1,1,10000,"expA1_00001_0020_038_1_10kbp","JC",NA,"DNA","expA1_00001_0020_038_1_10kbp_random_trees.phy","expA1_00001_0020_038_1_10kbp_partitions.nex","expA1_00001_0020_038_1_10kbp_output_alignment"
"2139",39,20,1,1,10000,"expA1_00001_0020_039_1_10kbp","JC",NA,"DNA","expA1_00001_0020_039_1_10kbp_random_trees.phy","expA1_00001_0020_039_1_10kbp_partitions.nex","expA1_00001_0020_039_1_10kbp_output_alignment"
"2140",40,20,1,1,10000,"expA1_00001_0020_040_1_10kbp","JC",NA,"DNA","expA1_00001_0020_040_1_10kbp_random_trees.phy","expA1_00001_0020_040_1_10kbp_partitions.nex","expA1_00001_0020_040_1_10kbp_output_alignment"
"2141",41,20,1,1,10000,"expA1_00001_0020_041_1_10kbp","JC",NA,"DNA","expA1_00001_0020_041_1_10kbp_random_trees.phy","expA1_00001_0020_041_1_10kbp_partitions.nex","expA1_00001_0020_041_1_10kbp_output_alignment"
"2142",42,20,1,1,10000,"expA1_00001_0020_042_1_10kbp","JC",NA,"DNA","expA1_00001_0020_042_1_10kbp_random_trees.phy","expA1_00001_0020_042_1_10kbp_partitions.nex","expA1_00001_0020_042_1_10kbp_output_alignment"
"2143",43,20,1,1,10000,"expA1_00001_0020_043_1_10kbp","JC",NA,"DNA","expA1_00001_0020_043_1_10kbp_random_trees.phy","expA1_00001_0020_043_1_10kbp_partitions.nex","expA1_00001_0020_043_1_10kbp_output_alignment"
"2144",44,20,1,1,10000,"expA1_00001_0020_044_1_10kbp","JC",NA,"DNA","expA1_00001_0020_044_1_10kbp_random_trees.phy","expA1_00001_0020_044_1_10kbp_partitions.nex","expA1_00001_0020_044_1_10kbp_output_alignment"
"2145",45,20,1,1,10000,"expA1_00001_0020_045_1_10kbp","JC",NA,"DNA","expA1_00001_0020_045_1_10kbp_random_trees.phy","expA1_00001_0020_045_1_10kbp_partitions.nex","expA1_00001_0020_045_1_10kbp_output_alignment"
"2146",46,20,1,1,10000,"expA1_00001_0020_046_1_10kbp","JC",NA,"DNA","expA1_00001_0020_046_1_10kbp_random_trees.phy","expA1_00001_0020_046_1_10kbp_partitions.nex","expA1_00001_0020_046_1_10kbp_output_alignment"
"2147",47,20,1,1,10000,"expA1_00001_0020_047_1_10kbp","JC",NA,"DNA","expA1_00001_0020_047_1_10kbp_random_trees.phy","expA1_00001_0020_047_1_10kbp_partitions.nex","expA1_00001_0020_047_1_10kbp_output_alignment"
"2148",48,20,1,1,10000,"expA1_00001_0020_048_1_10kbp","JC",NA,"DNA","expA1_00001_0020_048_1_10kbp_random_trees.phy","expA1_00001_0020_048_1_10kbp_partitions.nex","expA1_00001_0020_048_1_10kbp_output_alignment"
"2149",49,20,1,1,10000,"expA1_00001_0020_049_1_10kbp","JC",NA,"DNA","expA1_00001_0020_049_1_10kbp_random_trees.phy","expA1_00001_0020_049_1_10kbp_partitions.nex","expA1_00001_0020_049_1_10kbp_output_alignment"
"2150",50,20,1,1,10000,"expA1_00001_0020_050_1_10kbp","JC",NA,"DNA","expA1_00001_0020_050_1_10kbp_random_trees.phy","expA1_00001_0020_050_1_10kbp_partitions.nex","expA1_00001_0020_050_1_10kbp_output_alignment"
"2151",51,20,1,1,10000,"expA1_00001_0020_051_1_10kbp","JC",NA,"DNA","expA1_00001_0020_051_1_10kbp_random_trees.phy","expA1_00001_0020_051_1_10kbp_partitions.nex","expA1_00001_0020_051_1_10kbp_output_alignment"
"2152",52,20,1,1,10000,"expA1_00001_0020_052_1_10kbp","JC",NA,"DNA","expA1_00001_0020_052_1_10kbp_random_trees.phy","expA1_00001_0020_052_1_10kbp_partitions.nex","expA1_00001_0020_052_1_10kbp_output_alignment"
"2153",53,20,1,1,10000,"expA1_00001_0020_053_1_10kbp","JC",NA,"DNA","expA1_00001_0020_053_1_10kbp_random_trees.phy","expA1_00001_0020_053_1_10kbp_partitions.nex","expA1_00001_0020_053_1_10kbp_output_alignment"
"2154",54,20,1,1,10000,"expA1_00001_0020_054_1_10kbp","JC",NA,"DNA","expA1_00001_0020_054_1_10kbp_random_trees.phy","expA1_00001_0020_054_1_10kbp_partitions.nex","expA1_00001_0020_054_1_10kbp_output_alignment"
"2155",55,20,1,1,10000,"expA1_00001_0020_055_1_10kbp","JC",NA,"DNA","expA1_00001_0020_055_1_10kbp_random_trees.phy","expA1_00001_0020_055_1_10kbp_partitions.nex","expA1_00001_0020_055_1_10kbp_output_alignment"
"2156",56,20,1,1,10000,"expA1_00001_0020_056_1_10kbp","JC",NA,"DNA","expA1_00001_0020_056_1_10kbp_random_trees.phy","expA1_00001_0020_056_1_10kbp_partitions.nex","expA1_00001_0020_056_1_10kbp_output_alignment"
"2157",57,20,1,1,10000,"expA1_00001_0020_057_1_10kbp","JC",NA,"DNA","expA1_00001_0020_057_1_10kbp_random_trees.phy","expA1_00001_0020_057_1_10kbp_partitions.nex","expA1_00001_0020_057_1_10kbp_output_alignment"
"2158",58,20,1,1,10000,"expA1_00001_0020_058_1_10kbp","JC",NA,"DNA","expA1_00001_0020_058_1_10kbp_random_trees.phy","expA1_00001_0020_058_1_10kbp_partitions.nex","expA1_00001_0020_058_1_10kbp_output_alignment"
"2159",59,20,1,1,10000,"expA1_00001_0020_059_1_10kbp","JC",NA,"DNA","expA1_00001_0020_059_1_10kbp_random_trees.phy","expA1_00001_0020_059_1_10kbp_partitions.nex","expA1_00001_0020_059_1_10kbp_output_alignment"
"2160",60,20,1,1,10000,"expA1_00001_0020_060_1_10kbp","JC",NA,"DNA","expA1_00001_0020_060_1_10kbp_random_trees.phy","expA1_00001_0020_060_1_10kbp_partitions.nex","expA1_00001_0020_060_1_10kbp_output_alignment"
"2161",61,20,1,1,10000,"expA1_00001_0020_061_1_10kbp","JC",NA,"DNA","expA1_00001_0020_061_1_10kbp_random_trees.phy","expA1_00001_0020_061_1_10kbp_partitions.nex","expA1_00001_0020_061_1_10kbp_output_alignment"
"2162",62,20,1,1,10000,"expA1_00001_0020_062_1_10kbp","JC",NA,"DNA","expA1_00001_0020_062_1_10kbp_random_trees.phy","expA1_00001_0020_062_1_10kbp_partitions.nex","expA1_00001_0020_062_1_10kbp_output_alignment"
"2163",63,20,1,1,10000,"expA1_00001_0020_063_1_10kbp","JC",NA,"DNA","expA1_00001_0020_063_1_10kbp_random_trees.phy","expA1_00001_0020_063_1_10kbp_partitions.nex","expA1_00001_0020_063_1_10kbp_output_alignment"
"2164",64,20,1,1,10000,"expA1_00001_0020_064_1_10kbp","JC",NA,"DNA","expA1_00001_0020_064_1_10kbp_random_trees.phy","expA1_00001_0020_064_1_10kbp_partitions.nex","expA1_00001_0020_064_1_10kbp_output_alignment"
"2165",65,20,1,1,10000,"expA1_00001_0020_065_1_10kbp","JC",NA,"DNA","expA1_00001_0020_065_1_10kbp_random_trees.phy","expA1_00001_0020_065_1_10kbp_partitions.nex","expA1_00001_0020_065_1_10kbp_output_alignment"
"2166",66,20,1,1,10000,"expA1_00001_0020_066_1_10kbp","JC",NA,"DNA","expA1_00001_0020_066_1_10kbp_random_trees.phy","expA1_00001_0020_066_1_10kbp_partitions.nex","expA1_00001_0020_066_1_10kbp_output_alignment"
"2167",67,20,1,1,10000,"expA1_00001_0020_067_1_10kbp","JC",NA,"DNA","expA1_00001_0020_067_1_10kbp_random_trees.phy","expA1_00001_0020_067_1_10kbp_partitions.nex","expA1_00001_0020_067_1_10kbp_output_alignment"
"2168",68,20,1,1,10000,"expA1_00001_0020_068_1_10kbp","JC",NA,"DNA","expA1_00001_0020_068_1_10kbp_random_trees.phy","expA1_00001_0020_068_1_10kbp_partitions.nex","expA1_00001_0020_068_1_10kbp_output_alignment"
"2169",69,20,1,1,10000,"expA1_00001_0020_069_1_10kbp","JC",NA,"DNA","expA1_00001_0020_069_1_10kbp_random_trees.phy","expA1_00001_0020_069_1_10kbp_partitions.nex","expA1_00001_0020_069_1_10kbp_output_alignment"
"2170",70,20,1,1,10000,"expA1_00001_0020_070_1_10kbp","JC",NA,"DNA","expA1_00001_0020_070_1_10kbp_random_trees.phy","expA1_00001_0020_070_1_10kbp_partitions.nex","expA1_00001_0020_070_1_10kbp_output_alignment"
"2171",71,20,1,1,10000,"expA1_00001_0020_071_1_10kbp","JC",NA,"DNA","expA1_00001_0020_071_1_10kbp_random_trees.phy","expA1_00001_0020_071_1_10kbp_partitions.nex","expA1_00001_0020_071_1_10kbp_output_alignment"
"2172",72,20,1,1,10000,"expA1_00001_0020_072_1_10kbp","JC",NA,"DNA","expA1_00001_0020_072_1_10kbp_random_trees.phy","expA1_00001_0020_072_1_10kbp_partitions.nex","expA1_00001_0020_072_1_10kbp_output_alignment"
"2173",73,20,1,1,10000,"expA1_00001_0020_073_1_10kbp","JC",NA,"DNA","expA1_00001_0020_073_1_10kbp_random_trees.phy","expA1_00001_0020_073_1_10kbp_partitions.nex","expA1_00001_0020_073_1_10kbp_output_alignment"
"2174",74,20,1,1,10000,"expA1_00001_0020_074_1_10kbp","JC",NA,"DNA","expA1_00001_0020_074_1_10kbp_random_trees.phy","expA1_00001_0020_074_1_10kbp_partitions.nex","expA1_00001_0020_074_1_10kbp_output_alignment"
"2175",75,20,1,1,10000,"expA1_00001_0020_075_1_10kbp","JC",NA,"DNA","expA1_00001_0020_075_1_10kbp_random_trees.phy","expA1_00001_0020_075_1_10kbp_partitions.nex","expA1_00001_0020_075_1_10kbp_output_alignment"
"2176",76,20,1,1,10000,"expA1_00001_0020_076_1_10kbp","JC",NA,"DNA","expA1_00001_0020_076_1_10kbp_random_trees.phy","expA1_00001_0020_076_1_10kbp_partitions.nex","expA1_00001_0020_076_1_10kbp_output_alignment"
"2177",77,20,1,1,10000,"expA1_00001_0020_077_1_10kbp","JC",NA,"DNA","expA1_00001_0020_077_1_10kbp_random_trees.phy","expA1_00001_0020_077_1_10kbp_partitions.nex","expA1_00001_0020_077_1_10kbp_output_alignment"
"2178",78,20,1,1,10000,"expA1_00001_0020_078_1_10kbp","JC",NA,"DNA","expA1_00001_0020_078_1_10kbp_random_trees.phy","expA1_00001_0020_078_1_10kbp_partitions.nex","expA1_00001_0020_078_1_10kbp_output_alignment"
"2179",79,20,1,1,10000,"expA1_00001_0020_079_1_10kbp","JC",NA,"DNA","expA1_00001_0020_079_1_10kbp_random_trees.phy","expA1_00001_0020_079_1_10kbp_partitions.nex","expA1_00001_0020_079_1_10kbp_output_alignment"
"2180",80,20,1,1,10000,"expA1_00001_0020_080_1_10kbp","JC",NA,"DNA","expA1_00001_0020_080_1_10kbp_random_trees.phy","expA1_00001_0020_080_1_10kbp_partitions.nex","expA1_00001_0020_080_1_10kbp_output_alignment"
"2181",81,20,1,1,10000,"expA1_00001_0020_081_1_10kbp","JC",NA,"DNA","expA1_00001_0020_081_1_10kbp_random_trees.phy","expA1_00001_0020_081_1_10kbp_partitions.nex","expA1_00001_0020_081_1_10kbp_output_alignment"
"2182",82,20,1,1,10000,"expA1_00001_0020_082_1_10kbp","JC",NA,"DNA","expA1_00001_0020_082_1_10kbp_random_trees.phy","expA1_00001_0020_082_1_10kbp_partitions.nex","expA1_00001_0020_082_1_10kbp_output_alignment"
"2183",83,20,1,1,10000,"expA1_00001_0020_083_1_10kbp","JC",NA,"DNA","expA1_00001_0020_083_1_10kbp_random_trees.phy","expA1_00001_0020_083_1_10kbp_partitions.nex","expA1_00001_0020_083_1_10kbp_output_alignment"
"2184",84,20,1,1,10000,"expA1_00001_0020_084_1_10kbp","JC",NA,"DNA","expA1_00001_0020_084_1_10kbp_random_trees.phy","expA1_00001_0020_084_1_10kbp_partitions.nex","expA1_00001_0020_084_1_10kbp_output_alignment"
"2185",85,20,1,1,10000,"expA1_00001_0020_085_1_10kbp","JC",NA,"DNA","expA1_00001_0020_085_1_10kbp_random_trees.phy","expA1_00001_0020_085_1_10kbp_partitions.nex","expA1_00001_0020_085_1_10kbp_output_alignment"
"2186",86,20,1,1,10000,"expA1_00001_0020_086_1_10kbp","JC",NA,"DNA","expA1_00001_0020_086_1_10kbp_random_trees.phy","expA1_00001_0020_086_1_10kbp_partitions.nex","expA1_00001_0020_086_1_10kbp_output_alignment"
"2187",87,20,1,1,10000,"expA1_00001_0020_087_1_10kbp","JC",NA,"DNA","expA1_00001_0020_087_1_10kbp_random_trees.phy","expA1_00001_0020_087_1_10kbp_partitions.nex","expA1_00001_0020_087_1_10kbp_output_alignment"
"2188",88,20,1,1,10000,"expA1_00001_0020_088_1_10kbp","JC",NA,"DNA","expA1_00001_0020_088_1_10kbp_random_trees.phy","expA1_00001_0020_088_1_10kbp_partitions.nex","expA1_00001_0020_088_1_10kbp_output_alignment"
"2189",89,20,1,1,10000,"expA1_00001_0020_089_1_10kbp","JC",NA,"DNA","expA1_00001_0020_089_1_10kbp_random_trees.phy","expA1_00001_0020_089_1_10kbp_partitions.nex","expA1_00001_0020_089_1_10kbp_output_alignment"
"2190",90,20,1,1,10000,"expA1_00001_0020_090_1_10kbp","JC",NA,"DNA","expA1_00001_0020_090_1_10kbp_random_trees.phy","expA1_00001_0020_090_1_10kbp_partitions.nex","expA1_00001_0020_090_1_10kbp_output_alignment"
"2191",91,20,1,1,10000,"expA1_00001_0020_091_1_10kbp","JC",NA,"DNA","expA1_00001_0020_091_1_10kbp_random_trees.phy","expA1_00001_0020_091_1_10kbp_partitions.nex","expA1_00001_0020_091_1_10kbp_output_alignment"
"2192",92,20,1,1,10000,"expA1_00001_0020_092_1_10kbp","JC",NA,"DNA","expA1_00001_0020_092_1_10kbp_random_trees.phy","expA1_00001_0020_092_1_10kbp_partitions.nex","expA1_00001_0020_092_1_10kbp_output_alignment"
"2193",93,20,1,1,10000,"expA1_00001_0020_093_1_10kbp","JC",NA,"DNA","expA1_00001_0020_093_1_10kbp_random_trees.phy","expA1_00001_0020_093_1_10kbp_partitions.nex","expA1_00001_0020_093_1_10kbp_output_alignment"
"2194",94,20,1,1,10000,"expA1_00001_0020_094_1_10kbp","JC",NA,"DNA","expA1_00001_0020_094_1_10kbp_random_trees.phy","expA1_00001_0020_094_1_10kbp_partitions.nex","expA1_00001_0020_094_1_10kbp_output_alignment"
"2195",95,20,1,1,10000,"expA1_00001_0020_095_1_10kbp","JC",NA,"DNA","expA1_00001_0020_095_1_10kbp_random_trees.phy","expA1_00001_0020_095_1_10kbp_partitions.nex","expA1_00001_0020_095_1_10kbp_output_alignment"
"2196",96,20,1,1,10000,"expA1_00001_0020_096_1_10kbp","JC",NA,"DNA","expA1_00001_0020_096_1_10kbp_random_trees.phy","expA1_00001_0020_096_1_10kbp_partitions.nex","expA1_00001_0020_096_1_10kbp_output_alignment"
"2197",97,20,1,1,10000,"expA1_00001_0020_097_1_10kbp","JC",NA,"DNA","expA1_00001_0020_097_1_10kbp_random_trees.phy","expA1_00001_0020_097_1_10kbp_partitions.nex","expA1_00001_0020_097_1_10kbp_output_alignment"
"2198",98,20,1,1,10000,"expA1_00001_0020_098_1_10kbp","JC",NA,"DNA","expA1_00001_0020_098_1_10kbp_random_trees.phy","expA1_00001_0020_098_1_10kbp_partitions.nex","expA1_00001_0020_098_1_10kbp_output_alignment"
"2199",99,20,1,1,10000,"expA1_00001_0020_099_1_10kbp","JC",NA,"DNA","expA1_00001_0020_099_1_10kbp_random_trees.phy","expA1_00001_0020_099_1_10kbp_partitions.nex","expA1_00001_0020_099_1_10kbp_output_alignment"
"2200",100,20,1,1,10000,"expA1_00001_0020_100_1_10kbp","JC",NA,"DNA","expA1_00001_0020_100_1_10kbp_random_trees.phy","expA1_00001_0020_100_1_10kbp_partitions.nex","expA1_00001_0020_100_1_10kbp_output_alignment"
"2201",1,30,1,1,10000,"expA1_00001_0030_001_1_10kbp","JC",NA,"DNA","expA1_00001_0030_001_1_10kbp_random_trees.phy","expA1_00001_0030_001_1_10kbp_partitions.nex","expA1_00001_0030_001_1_10kbp_output_alignment"
"2202",2,30,1,1,10000,"expA1_00001_0030_002_1_10kbp","JC",NA,"DNA","expA1_00001_0030_002_1_10kbp_random_trees.phy","expA1_00001_0030_002_1_10kbp_partitions.nex","expA1_00001_0030_002_1_10kbp_output_alignment"
"2203",3,30,1,1,10000,"expA1_00001_0030_003_1_10kbp","JC",NA,"DNA","expA1_00001_0030_003_1_10kbp_random_trees.phy","expA1_00001_0030_003_1_10kbp_partitions.nex","expA1_00001_0030_003_1_10kbp_output_alignment"
"2204",4,30,1,1,10000,"expA1_00001_0030_004_1_10kbp","JC",NA,"DNA","expA1_00001_0030_004_1_10kbp_random_trees.phy","expA1_00001_0030_004_1_10kbp_partitions.nex","expA1_00001_0030_004_1_10kbp_output_alignment"
"2205",5,30,1,1,10000,"expA1_00001_0030_005_1_10kbp","JC",NA,"DNA","expA1_00001_0030_005_1_10kbp_random_trees.phy","expA1_00001_0030_005_1_10kbp_partitions.nex","expA1_00001_0030_005_1_10kbp_output_alignment"
"2206",6,30,1,1,10000,"expA1_00001_0030_006_1_10kbp","JC",NA,"DNA","expA1_00001_0030_006_1_10kbp_random_trees.phy","expA1_00001_0030_006_1_10kbp_partitions.nex","expA1_00001_0030_006_1_10kbp_output_alignment"
"2207",7,30,1,1,10000,"expA1_00001_0030_007_1_10kbp","JC",NA,"DNA","expA1_00001_0030_007_1_10kbp_random_trees.phy","expA1_00001_0030_007_1_10kbp_partitions.nex","expA1_00001_0030_007_1_10kbp_output_alignment"
"2208",8,30,1,1,10000,"expA1_00001_0030_008_1_10kbp","JC",NA,"DNA","expA1_00001_0030_008_1_10kbp_random_trees.phy","expA1_00001_0030_008_1_10kbp_partitions.nex","expA1_00001_0030_008_1_10kbp_output_alignment"
"2209",9,30,1,1,10000,"expA1_00001_0030_009_1_10kbp","JC",NA,"DNA","expA1_00001_0030_009_1_10kbp_random_trees.phy","expA1_00001_0030_009_1_10kbp_partitions.nex","expA1_00001_0030_009_1_10kbp_output_alignment"
"2210",10,30,1,1,10000,"expA1_00001_0030_010_1_10kbp","JC",NA,"DNA","expA1_00001_0030_010_1_10kbp_random_trees.phy","expA1_00001_0030_010_1_10kbp_partitions.nex","expA1_00001_0030_010_1_10kbp_output_alignment"
"2211",11,30,1,1,10000,"expA1_00001_0030_011_1_10kbp","JC",NA,"DNA","expA1_00001_0030_011_1_10kbp_random_trees.phy","expA1_00001_0030_011_1_10kbp_partitions.nex","expA1_00001_0030_011_1_10kbp_output_alignment"
"2212",12,30,1,1,10000,"expA1_00001_0030_012_1_10kbp","JC",NA,"DNA","expA1_00001_0030_012_1_10kbp_random_trees.phy","expA1_00001_0030_012_1_10kbp_partitions.nex","expA1_00001_0030_012_1_10kbp_output_alignment"
"2213",13,30,1,1,10000,"expA1_00001_0030_013_1_10kbp","JC",NA,"DNA","expA1_00001_0030_013_1_10kbp_random_trees.phy","expA1_00001_0030_013_1_10kbp_partitions.nex","expA1_00001_0030_013_1_10kbp_output_alignment"
"2214",14,30,1,1,10000,"expA1_00001_0030_014_1_10kbp","JC",NA,"DNA","expA1_00001_0030_014_1_10kbp_random_trees.phy","expA1_00001_0030_014_1_10kbp_partitions.nex","expA1_00001_0030_014_1_10kbp_output_alignment"
"2215",15,30,1,1,10000,"expA1_00001_0030_015_1_10kbp","JC",NA,"DNA","expA1_00001_0030_015_1_10kbp_random_trees.phy","expA1_00001_0030_015_1_10kbp_partitions.nex","expA1_00001_0030_015_1_10kbp_output_alignment"
"2216",16,30,1,1,10000,"expA1_00001_0030_016_1_10kbp","JC",NA,"DNA","expA1_00001_0030_016_1_10kbp_random_trees.phy","expA1_00001_0030_016_1_10kbp_partitions.nex","expA1_00001_0030_016_1_10kbp_output_alignment"
"2217",17,30,1,1,10000,"expA1_00001_0030_017_1_10kbp","JC",NA,"DNA","expA1_00001_0030_017_1_10kbp_random_trees.phy","expA1_00001_0030_017_1_10kbp_partitions.nex","expA1_00001_0030_017_1_10kbp_output_alignment"
"2218",18,30,1,1,10000,"expA1_00001_0030_018_1_10kbp","JC",NA,"DNA","expA1_00001_0030_018_1_10kbp_random_trees.phy","expA1_00001_0030_018_1_10kbp_partitions.nex","expA1_00001_0030_018_1_10kbp_output_alignment"
"2219",19,30,1,1,10000,"expA1_00001_0030_019_1_10kbp","JC",NA,"DNA","expA1_00001_0030_019_1_10kbp_random_trees.phy","expA1_00001_0030_019_1_10kbp_partitions.nex","expA1_00001_0030_019_1_10kbp_output_alignment"
"2220",20,30,1,1,10000,"expA1_00001_0030_020_1_10kbp","JC",NA,"DNA","expA1_00001_0030_020_1_10kbp_random_trees.phy","expA1_00001_0030_020_1_10kbp_partitions.nex","expA1_00001_0030_020_1_10kbp_output_alignment"
"2221",21,30,1,1,10000,"expA1_00001_0030_021_1_10kbp","JC",NA,"DNA","expA1_00001_0030_021_1_10kbp_random_trees.phy","expA1_00001_0030_021_1_10kbp_partitions.nex","expA1_00001_0030_021_1_10kbp_output_alignment"
"2222",22,30,1,1,10000,"expA1_00001_0030_022_1_10kbp","JC",NA,"DNA","expA1_00001_0030_022_1_10kbp_random_trees.phy","expA1_00001_0030_022_1_10kbp_partitions.nex","expA1_00001_0030_022_1_10kbp_output_alignment"
"2223",23,30,1,1,10000,"expA1_00001_0030_023_1_10kbp","JC",NA,"DNA","expA1_00001_0030_023_1_10kbp_random_trees.phy","expA1_00001_0030_023_1_10kbp_partitions.nex","expA1_00001_0030_023_1_10kbp_output_alignment"
"2224",24,30,1,1,10000,"expA1_00001_0030_024_1_10kbp","JC",NA,"DNA","expA1_00001_0030_024_1_10kbp_random_trees.phy","expA1_00001_0030_024_1_10kbp_partitions.nex","expA1_00001_0030_024_1_10kbp_output_alignment"
"2225",25,30,1,1,10000,"expA1_00001_0030_025_1_10kbp","JC",NA,"DNA","expA1_00001_0030_025_1_10kbp_random_trees.phy","expA1_00001_0030_025_1_10kbp_partitions.nex","expA1_00001_0030_025_1_10kbp_output_alignment"
"2226",26,30,1,1,10000,"expA1_00001_0030_026_1_10kbp","JC",NA,"DNA","expA1_00001_0030_026_1_10kbp_random_trees.phy","expA1_00001_0030_026_1_10kbp_partitions.nex","expA1_00001_0030_026_1_10kbp_output_alignment"
"2227",27,30,1,1,10000,"expA1_00001_0030_027_1_10kbp","JC",NA,"DNA","expA1_00001_0030_027_1_10kbp_random_trees.phy","expA1_00001_0030_027_1_10kbp_partitions.nex","expA1_00001_0030_027_1_10kbp_output_alignment"
"2228",28,30,1,1,10000,"expA1_00001_0030_028_1_10kbp","JC",NA,"DNA","expA1_00001_0030_028_1_10kbp_random_trees.phy","expA1_00001_0030_028_1_10kbp_partitions.nex","expA1_00001_0030_028_1_10kbp_output_alignment"
"2229",29,30,1,1,10000,"expA1_00001_0030_029_1_10kbp","JC",NA,"DNA","expA1_00001_0030_029_1_10kbp_random_trees.phy","expA1_00001_0030_029_1_10kbp_partitions.nex","expA1_00001_0030_029_1_10kbp_output_alignment"
"2230",30,30,1,1,10000,"expA1_00001_0030_030_1_10kbp","JC",NA,"DNA","expA1_00001_0030_030_1_10kbp_random_trees.phy","expA1_00001_0030_030_1_10kbp_partitions.nex","expA1_00001_0030_030_1_10kbp_output_alignment"
"2231",31,30,1,1,10000,"expA1_00001_0030_031_1_10kbp","JC",NA,"DNA","expA1_00001_0030_031_1_10kbp_random_trees.phy","expA1_00001_0030_031_1_10kbp_partitions.nex","expA1_00001_0030_031_1_10kbp_output_alignment"
"2232",32,30,1,1,10000,"expA1_00001_0030_032_1_10kbp","JC",NA,"DNA","expA1_00001_0030_032_1_10kbp_random_trees.phy","expA1_00001_0030_032_1_10kbp_partitions.nex","expA1_00001_0030_032_1_10kbp_output_alignment"
"2233",33,30,1,1,10000,"expA1_00001_0030_033_1_10kbp","JC",NA,"DNA","expA1_00001_0030_033_1_10kbp_random_trees.phy","expA1_00001_0030_033_1_10kbp_partitions.nex","expA1_00001_0030_033_1_10kbp_output_alignment"
"2234",34,30,1,1,10000,"expA1_00001_0030_034_1_10kbp","JC",NA,"DNA","expA1_00001_0030_034_1_10kbp_random_trees.phy","expA1_00001_0030_034_1_10kbp_partitions.nex","expA1_00001_0030_034_1_10kbp_output_alignment"
"2235",35,30,1,1,10000,"expA1_00001_0030_035_1_10kbp","JC",NA,"DNA","expA1_00001_0030_035_1_10kbp_random_trees.phy","expA1_00001_0030_035_1_10kbp_partitions.nex","expA1_00001_0030_035_1_10kbp_output_alignment"
"2236",36,30,1,1,10000,"expA1_00001_0030_036_1_10kbp","JC",NA,"DNA","expA1_00001_0030_036_1_10kbp_random_trees.phy","expA1_00001_0030_036_1_10kbp_partitions.nex","expA1_00001_0030_036_1_10kbp_output_alignment"
"2237",37,30,1,1,10000,"expA1_00001_0030_037_1_10kbp","JC",NA,"DNA","expA1_00001_0030_037_1_10kbp_random_trees.phy","expA1_00001_0030_037_1_10kbp_partitions.nex","expA1_00001_0030_037_1_10kbp_output_alignment"
"2238",38,30,1,1,10000,"expA1_00001_0030_038_1_10kbp","JC",NA,"DNA","expA1_00001_0030_038_1_10kbp_random_trees.phy","expA1_00001_0030_038_1_10kbp_partitions.nex","expA1_00001_0030_038_1_10kbp_output_alignment"
"2239",39,30,1,1,10000,"expA1_00001_0030_039_1_10kbp","JC",NA,"DNA","expA1_00001_0030_039_1_10kbp_random_trees.phy","expA1_00001_0030_039_1_10kbp_partitions.nex","expA1_00001_0030_039_1_10kbp_output_alignment"
"2240",40,30,1,1,10000,"expA1_00001_0030_040_1_10kbp","JC",NA,"DNA","expA1_00001_0030_040_1_10kbp_random_trees.phy","expA1_00001_0030_040_1_10kbp_partitions.nex","expA1_00001_0030_040_1_10kbp_output_alignment"
"2241",41,30,1,1,10000,"expA1_00001_0030_041_1_10kbp","JC",NA,"DNA","expA1_00001_0030_041_1_10kbp_random_trees.phy","expA1_00001_0030_041_1_10kbp_partitions.nex","expA1_00001_0030_041_1_10kbp_output_alignment"
"2242",42,30,1,1,10000,"expA1_00001_0030_042_1_10kbp","JC",NA,"DNA","expA1_00001_0030_042_1_10kbp_random_trees.phy","expA1_00001_0030_042_1_10kbp_partitions.nex","expA1_00001_0030_042_1_10kbp_output_alignment"
"2243",43,30,1,1,10000,"expA1_00001_0030_043_1_10kbp","JC",NA,"DNA","expA1_00001_0030_043_1_10kbp_random_trees.phy","expA1_00001_0030_043_1_10kbp_partitions.nex","expA1_00001_0030_043_1_10kbp_output_alignment"
"2244",44,30,1,1,10000,"expA1_00001_0030_044_1_10kbp","JC",NA,"DNA","expA1_00001_0030_044_1_10kbp_random_trees.phy","expA1_00001_0030_044_1_10kbp_partitions.nex","expA1_00001_0030_044_1_10kbp_output_alignment"
"2245",45,30,1,1,10000,"expA1_00001_0030_045_1_10kbp","JC",NA,"DNA","expA1_00001_0030_045_1_10kbp_random_trees.phy","expA1_00001_0030_045_1_10kbp_partitions.nex","expA1_00001_0030_045_1_10kbp_output_alignment"
"2246",46,30,1,1,10000,"expA1_00001_0030_046_1_10kbp","JC",NA,"DNA","expA1_00001_0030_046_1_10kbp_random_trees.phy","expA1_00001_0030_046_1_10kbp_partitions.nex","expA1_00001_0030_046_1_10kbp_output_alignment"
"2247",47,30,1,1,10000,"expA1_00001_0030_047_1_10kbp","JC",NA,"DNA","expA1_00001_0030_047_1_10kbp_random_trees.phy","expA1_00001_0030_047_1_10kbp_partitions.nex","expA1_00001_0030_047_1_10kbp_output_alignment"
"2248",48,30,1,1,10000,"expA1_00001_0030_048_1_10kbp","JC",NA,"DNA","expA1_00001_0030_048_1_10kbp_random_trees.phy","expA1_00001_0030_048_1_10kbp_partitions.nex","expA1_00001_0030_048_1_10kbp_output_alignment"
"2249",49,30,1,1,10000,"expA1_00001_0030_049_1_10kbp","JC",NA,"DNA","expA1_00001_0030_049_1_10kbp_random_trees.phy","expA1_00001_0030_049_1_10kbp_partitions.nex","expA1_00001_0030_049_1_10kbp_output_alignment"
"2250",50,30,1,1,10000,"expA1_00001_0030_050_1_10kbp","JC",NA,"DNA","expA1_00001_0030_050_1_10kbp_random_trees.phy","expA1_00001_0030_050_1_10kbp_partitions.nex","expA1_00001_0030_050_1_10kbp_output_alignment"
"2251",51,30,1,1,10000,"expA1_00001_0030_051_1_10kbp","JC",NA,"DNA","expA1_00001_0030_051_1_10kbp_random_trees.phy","expA1_00001_0030_051_1_10kbp_partitions.nex","expA1_00001_0030_051_1_10kbp_output_alignment"
"2252",52,30,1,1,10000,"expA1_00001_0030_052_1_10kbp","JC",NA,"DNA","expA1_00001_0030_052_1_10kbp_random_trees.phy","expA1_00001_0030_052_1_10kbp_partitions.nex","expA1_00001_0030_052_1_10kbp_output_alignment"
"2253",53,30,1,1,10000,"expA1_00001_0030_053_1_10kbp","JC",NA,"DNA","expA1_00001_0030_053_1_10kbp_random_trees.phy","expA1_00001_0030_053_1_10kbp_partitions.nex","expA1_00001_0030_053_1_10kbp_output_alignment"
"2254",54,30,1,1,10000,"expA1_00001_0030_054_1_10kbp","JC",NA,"DNA","expA1_00001_0030_054_1_10kbp_random_trees.phy","expA1_00001_0030_054_1_10kbp_partitions.nex","expA1_00001_0030_054_1_10kbp_output_alignment"
"2255",55,30,1,1,10000,"expA1_00001_0030_055_1_10kbp","JC",NA,"DNA","expA1_00001_0030_055_1_10kbp_random_trees.phy","expA1_00001_0030_055_1_10kbp_partitions.nex","expA1_00001_0030_055_1_10kbp_output_alignment"
"2256",56,30,1,1,10000,"expA1_00001_0030_056_1_10kbp","JC",NA,"DNA","expA1_00001_0030_056_1_10kbp_random_trees.phy","expA1_00001_0030_056_1_10kbp_partitions.nex","expA1_00001_0030_056_1_10kbp_output_alignment"
"2257",57,30,1,1,10000,"expA1_00001_0030_057_1_10kbp","JC",NA,"DNA","expA1_00001_0030_057_1_10kbp_random_trees.phy","expA1_00001_0030_057_1_10kbp_partitions.nex","expA1_00001_0030_057_1_10kbp_output_alignment"
"2258",58,30,1,1,10000,"expA1_00001_0030_058_1_10kbp","JC",NA,"DNA","expA1_00001_0030_058_1_10kbp_random_trees.phy","expA1_00001_0030_058_1_10kbp_partitions.nex","expA1_00001_0030_058_1_10kbp_output_alignment"
"2259",59,30,1,1,10000,"expA1_00001_0030_059_1_10kbp","JC",NA,"DNA","expA1_00001_0030_059_1_10kbp_random_trees.phy","expA1_00001_0030_059_1_10kbp_partitions.nex","expA1_00001_0030_059_1_10kbp_output_alignment"
"2260",60,30,1,1,10000,"expA1_00001_0030_060_1_10kbp","JC",NA,"DNA","expA1_00001_0030_060_1_10kbp_random_trees.phy","expA1_00001_0030_060_1_10kbp_partitions.nex","expA1_00001_0030_060_1_10kbp_output_alignment"
"2261",61,30,1,1,10000,"expA1_00001_0030_061_1_10kbp","JC",NA,"DNA","expA1_00001_0030_061_1_10kbp_random_trees.phy","expA1_00001_0030_061_1_10kbp_partitions.nex","expA1_00001_0030_061_1_10kbp_output_alignment"
"2262",62,30,1,1,10000,"expA1_00001_0030_062_1_10kbp","JC",NA,"DNA","expA1_00001_0030_062_1_10kbp_random_trees.phy","expA1_00001_0030_062_1_10kbp_partitions.nex","expA1_00001_0030_062_1_10kbp_output_alignment"
"2263",63,30,1,1,10000,"expA1_00001_0030_063_1_10kbp","JC",NA,"DNA","expA1_00001_0030_063_1_10kbp_random_trees.phy","expA1_00001_0030_063_1_10kbp_partitions.nex","expA1_00001_0030_063_1_10kbp_output_alignment"
"2264",64,30,1,1,10000,"expA1_00001_0030_064_1_10kbp","JC",NA,"DNA","expA1_00001_0030_064_1_10kbp_random_trees.phy","expA1_00001_0030_064_1_10kbp_partitions.nex","expA1_00001_0030_064_1_10kbp_output_alignment"
"2265",65,30,1,1,10000,"expA1_00001_0030_065_1_10kbp","JC",NA,"DNA","expA1_00001_0030_065_1_10kbp_random_trees.phy","expA1_00001_0030_065_1_10kbp_partitions.nex","expA1_00001_0030_065_1_10kbp_output_alignment"
"2266",66,30,1,1,10000,"expA1_00001_0030_066_1_10kbp","JC",NA,"DNA","expA1_00001_0030_066_1_10kbp_random_trees.phy","expA1_00001_0030_066_1_10kbp_partitions.nex","expA1_00001_0030_066_1_10kbp_output_alignment"
"2267",67,30,1,1,10000,"expA1_00001_0030_067_1_10kbp","JC",NA,"DNA","expA1_00001_0030_067_1_10kbp_random_trees.phy","expA1_00001_0030_067_1_10kbp_partitions.nex","expA1_00001_0030_067_1_10kbp_output_alignment"
"2268",68,30,1,1,10000,"expA1_00001_0030_068_1_10kbp","JC",NA,"DNA","expA1_00001_0030_068_1_10kbp_random_trees.phy","expA1_00001_0030_068_1_10kbp_partitions.nex","expA1_00001_0030_068_1_10kbp_output_alignment"
"2269",69,30,1,1,10000,"expA1_00001_0030_069_1_10kbp","JC",NA,"DNA","expA1_00001_0030_069_1_10kbp_random_trees.phy","expA1_00001_0030_069_1_10kbp_partitions.nex","expA1_00001_0030_069_1_10kbp_output_alignment"
"2270",70,30,1,1,10000,"expA1_00001_0030_070_1_10kbp","JC",NA,"DNA","expA1_00001_0030_070_1_10kbp_random_trees.phy","expA1_00001_0030_070_1_10kbp_partitions.nex","expA1_00001_0030_070_1_10kbp_output_alignment"
"2271",71,30,1,1,10000,"expA1_00001_0030_071_1_10kbp","JC",NA,"DNA","expA1_00001_0030_071_1_10kbp_random_trees.phy","expA1_00001_0030_071_1_10kbp_partitions.nex","expA1_00001_0030_071_1_10kbp_output_alignment"
"2272",72,30,1,1,10000,"expA1_00001_0030_072_1_10kbp","JC",NA,"DNA","expA1_00001_0030_072_1_10kbp_random_trees.phy","expA1_00001_0030_072_1_10kbp_partitions.nex","expA1_00001_0030_072_1_10kbp_output_alignment"
"2273",73,30,1,1,10000,"expA1_00001_0030_073_1_10kbp","JC",NA,"DNA","expA1_00001_0030_073_1_10kbp_random_trees.phy","expA1_00001_0030_073_1_10kbp_partitions.nex","expA1_00001_0030_073_1_10kbp_output_alignment"
"2274",74,30,1,1,10000,"expA1_00001_0030_074_1_10kbp","JC",NA,"DNA","expA1_00001_0030_074_1_10kbp_random_trees.phy","expA1_00001_0030_074_1_10kbp_partitions.nex","expA1_00001_0030_074_1_10kbp_output_alignment"
"2275",75,30,1,1,10000,"expA1_00001_0030_075_1_10kbp","JC",NA,"DNA","expA1_00001_0030_075_1_10kbp_random_trees.phy","expA1_00001_0030_075_1_10kbp_partitions.nex","expA1_00001_0030_075_1_10kbp_output_alignment"
"2276",76,30,1,1,10000,"expA1_00001_0030_076_1_10kbp","JC",NA,"DNA","expA1_00001_0030_076_1_10kbp_random_trees.phy","expA1_00001_0030_076_1_10kbp_partitions.nex","expA1_00001_0030_076_1_10kbp_output_alignment"
"2277",77,30,1,1,10000,"expA1_00001_0030_077_1_10kbp","JC",NA,"DNA","expA1_00001_0030_077_1_10kbp_random_trees.phy","expA1_00001_0030_077_1_10kbp_partitions.nex","expA1_00001_0030_077_1_10kbp_output_alignment"
"2278",78,30,1,1,10000,"expA1_00001_0030_078_1_10kbp","JC",NA,"DNA","expA1_00001_0030_078_1_10kbp_random_trees.phy","expA1_00001_0030_078_1_10kbp_partitions.nex","expA1_00001_0030_078_1_10kbp_output_alignment"
"2279",79,30,1,1,10000,"expA1_00001_0030_079_1_10kbp","JC",NA,"DNA","expA1_00001_0030_079_1_10kbp_random_trees.phy","expA1_00001_0030_079_1_10kbp_partitions.nex","expA1_00001_0030_079_1_10kbp_output_alignment"
"2280",80,30,1,1,10000,"expA1_00001_0030_080_1_10kbp","JC",NA,"DNA","expA1_00001_0030_080_1_10kbp_random_trees.phy","expA1_00001_0030_080_1_10kbp_partitions.nex","expA1_00001_0030_080_1_10kbp_output_alignment"
"2281",81,30,1,1,10000,"expA1_00001_0030_081_1_10kbp","JC",NA,"DNA","expA1_00001_0030_081_1_10kbp_random_trees.phy","expA1_00001_0030_081_1_10kbp_partitions.nex","expA1_00001_0030_081_1_10kbp_output_alignment"
"2282",82,30,1,1,10000,"expA1_00001_0030_082_1_10kbp","JC",NA,"DNA","expA1_00001_0030_082_1_10kbp_random_trees.phy","expA1_00001_0030_082_1_10kbp_partitions.nex","expA1_00001_0030_082_1_10kbp_output_alignment"
"2283",83,30,1,1,10000,"expA1_00001_0030_083_1_10kbp","JC",NA,"DNA","expA1_00001_0030_083_1_10kbp_random_trees.phy","expA1_00001_0030_083_1_10kbp_partitions.nex","expA1_00001_0030_083_1_10kbp_output_alignment"
"2284",84,30,1,1,10000,"expA1_00001_0030_084_1_10kbp","JC",NA,"DNA","expA1_00001_0030_084_1_10kbp_random_trees.phy","expA1_00001_0030_084_1_10kbp_partitions.nex","expA1_00001_0030_084_1_10kbp_output_alignment"
"2285",85,30,1,1,10000,"expA1_00001_0030_085_1_10kbp","JC",NA,"DNA","expA1_00001_0030_085_1_10kbp_random_trees.phy","expA1_00001_0030_085_1_10kbp_partitions.nex","expA1_00001_0030_085_1_10kbp_output_alignment"
"2286",86,30,1,1,10000,"expA1_00001_0030_086_1_10kbp","JC",NA,"DNA","expA1_00001_0030_086_1_10kbp_random_trees.phy","expA1_00001_0030_086_1_10kbp_partitions.nex","expA1_00001_0030_086_1_10kbp_output_alignment"
"2287",87,30,1,1,10000,"expA1_00001_0030_087_1_10kbp","JC",NA,"DNA","expA1_00001_0030_087_1_10kbp_random_trees.phy","expA1_00001_0030_087_1_10kbp_partitions.nex","expA1_00001_0030_087_1_10kbp_output_alignment"
"2288",88,30,1,1,10000,"expA1_00001_0030_088_1_10kbp","JC",NA,"DNA","expA1_00001_0030_088_1_10kbp_random_trees.phy","expA1_00001_0030_088_1_10kbp_partitions.nex","expA1_00001_0030_088_1_10kbp_output_alignment"
"2289",89,30,1,1,10000,"expA1_00001_0030_089_1_10kbp","JC",NA,"DNA","expA1_00001_0030_089_1_10kbp_random_trees.phy","expA1_00001_0030_089_1_10kbp_partitions.nex","expA1_00001_0030_089_1_10kbp_output_alignment"
"2290",90,30,1,1,10000,"expA1_00001_0030_090_1_10kbp","JC",NA,"DNA","expA1_00001_0030_090_1_10kbp_random_trees.phy","expA1_00001_0030_090_1_10kbp_partitions.nex","expA1_00001_0030_090_1_10kbp_output_alignment"
"2291",91,30,1,1,10000,"expA1_00001_0030_091_1_10kbp","JC",NA,"DNA","expA1_00001_0030_091_1_10kbp_random_trees.phy","expA1_00001_0030_091_1_10kbp_partitions.nex","expA1_00001_0030_091_1_10kbp_output_alignment"
"2292",92,30,1,1,10000,"expA1_00001_0030_092_1_10kbp","JC",NA,"DNA","expA1_00001_0030_092_1_10kbp_random_trees.phy","expA1_00001_0030_092_1_10kbp_partitions.nex","expA1_00001_0030_092_1_10kbp_output_alignment"
"2293",93,30,1,1,10000,"expA1_00001_0030_093_1_10kbp","JC",NA,"DNA","expA1_00001_0030_093_1_10kbp_random_trees.phy","expA1_00001_0030_093_1_10kbp_partitions.nex","expA1_00001_0030_093_1_10kbp_output_alignment"
"2294",94,30,1,1,10000,"expA1_00001_0030_094_1_10kbp","JC",NA,"DNA","expA1_00001_0030_094_1_10kbp_random_trees.phy","expA1_00001_0030_094_1_10kbp_partitions.nex","expA1_00001_0030_094_1_10kbp_output_alignment"
"2295",95,30,1,1,10000,"expA1_00001_0030_095_1_10kbp","JC",NA,"DNA","expA1_00001_0030_095_1_10kbp_random_trees.phy","expA1_00001_0030_095_1_10kbp_partitions.nex","expA1_00001_0030_095_1_10kbp_output_alignment"
"2296",96,30,1,1,10000,"expA1_00001_0030_096_1_10kbp","JC",NA,"DNA","expA1_00001_0030_096_1_10kbp_random_trees.phy","expA1_00001_0030_096_1_10kbp_partitions.nex","expA1_00001_0030_096_1_10kbp_output_alignment"
"2297",97,30,1,1,10000,"expA1_00001_0030_097_1_10kbp","JC",NA,"DNA","expA1_00001_0030_097_1_10kbp_random_trees.phy","expA1_00001_0030_097_1_10kbp_partitions.nex","expA1_00001_0030_097_1_10kbp_output_alignment"
"2298",98,30,1,1,10000,"expA1_00001_0030_098_1_10kbp","JC",NA,"DNA","expA1_00001_0030_098_1_10kbp_random_trees.phy","expA1_00001_0030_098_1_10kbp_partitions.nex","expA1_00001_0030_098_1_10kbp_output_alignment"
"2299",99,30,1,1,10000,"expA1_00001_0030_099_1_10kbp","JC",NA,"DNA","expA1_00001_0030_099_1_10kbp_random_trees.phy","expA1_00001_0030_099_1_10kbp_partitions.nex","expA1_00001_0030_099_1_10kbp_output_alignment"
"2300",100,30,1,1,10000,"expA1_00001_0030_100_1_10kbp","JC",NA,"DNA","expA1_00001_0030_100_1_10kbp_random_trees.phy","expA1_00001_0030_100_1_10kbp_partitions.nex","expA1_00001_0030_100_1_10kbp_output_alignment"
"2301",1,40,1,1,10000,"expA1_00001_0040_001_1_10kbp","JC",NA,"DNA","expA1_00001_0040_001_1_10kbp_random_trees.phy","expA1_00001_0040_001_1_10kbp_partitions.nex","expA1_00001_0040_001_1_10kbp_output_alignment"
"2302",2,40,1,1,10000,"expA1_00001_0040_002_1_10kbp","JC",NA,"DNA","expA1_00001_0040_002_1_10kbp_random_trees.phy","expA1_00001_0040_002_1_10kbp_partitions.nex","expA1_00001_0040_002_1_10kbp_output_alignment"
"2303",3,40,1,1,10000,"expA1_00001_0040_003_1_10kbp","JC",NA,"DNA","expA1_00001_0040_003_1_10kbp_random_trees.phy","expA1_00001_0040_003_1_10kbp_partitions.nex","expA1_00001_0040_003_1_10kbp_output_alignment"
"2304",4,40,1,1,10000,"expA1_00001_0040_004_1_10kbp","JC",NA,"DNA","expA1_00001_0040_004_1_10kbp_random_trees.phy","expA1_00001_0040_004_1_10kbp_partitions.nex","expA1_00001_0040_004_1_10kbp_output_alignment"
"2305",5,40,1,1,10000,"expA1_00001_0040_005_1_10kbp","JC",NA,"DNA","expA1_00001_0040_005_1_10kbp_random_trees.phy","expA1_00001_0040_005_1_10kbp_partitions.nex","expA1_00001_0040_005_1_10kbp_output_alignment"
"2306",6,40,1,1,10000,"expA1_00001_0040_006_1_10kbp","JC",NA,"DNA","expA1_00001_0040_006_1_10kbp_random_trees.phy","expA1_00001_0040_006_1_10kbp_partitions.nex","expA1_00001_0040_006_1_10kbp_output_alignment"
"2307",7,40,1,1,10000,"expA1_00001_0040_007_1_10kbp","JC",NA,"DNA","expA1_00001_0040_007_1_10kbp_random_trees.phy","expA1_00001_0040_007_1_10kbp_partitions.nex","expA1_00001_0040_007_1_10kbp_output_alignment"
"2308",8,40,1,1,10000,"expA1_00001_0040_008_1_10kbp","JC",NA,"DNA","expA1_00001_0040_008_1_10kbp_random_trees.phy","expA1_00001_0040_008_1_10kbp_partitions.nex","expA1_00001_0040_008_1_10kbp_output_alignment"
"2309",9,40,1,1,10000,"expA1_00001_0040_009_1_10kbp","JC",NA,"DNA","expA1_00001_0040_009_1_10kbp_random_trees.phy","expA1_00001_0040_009_1_10kbp_partitions.nex","expA1_00001_0040_009_1_10kbp_output_alignment"
"2310",10,40,1,1,10000,"expA1_00001_0040_010_1_10kbp","JC",NA,"DNA","expA1_00001_0040_010_1_10kbp_random_trees.phy","expA1_00001_0040_010_1_10kbp_partitions.nex","expA1_00001_0040_010_1_10kbp_output_alignment"
"2311",11,40,1,1,10000,"expA1_00001_0040_011_1_10kbp","JC",NA,"DNA","expA1_00001_0040_011_1_10kbp_random_trees.phy","expA1_00001_0040_011_1_10kbp_partitions.nex","expA1_00001_0040_011_1_10kbp_output_alignment"
"2312",12,40,1,1,10000,"expA1_00001_0040_012_1_10kbp","JC",NA,"DNA","expA1_00001_0040_012_1_10kbp_random_trees.phy","expA1_00001_0040_012_1_10kbp_partitions.nex","expA1_00001_0040_012_1_10kbp_output_alignment"
"2313",13,40,1,1,10000,"expA1_00001_0040_013_1_10kbp","JC",NA,"DNA","expA1_00001_0040_013_1_10kbp_random_trees.phy","expA1_00001_0040_013_1_10kbp_partitions.nex","expA1_00001_0040_013_1_10kbp_output_alignment"
"2314",14,40,1,1,10000,"expA1_00001_0040_014_1_10kbp","JC",NA,"DNA","expA1_00001_0040_014_1_10kbp_random_trees.phy","expA1_00001_0040_014_1_10kbp_partitions.nex","expA1_00001_0040_014_1_10kbp_output_alignment"
"2315",15,40,1,1,10000,"expA1_00001_0040_015_1_10kbp","JC",NA,"DNA","expA1_00001_0040_015_1_10kbp_random_trees.phy","expA1_00001_0040_015_1_10kbp_partitions.nex","expA1_00001_0040_015_1_10kbp_output_alignment"
"2316",16,40,1,1,10000,"expA1_00001_0040_016_1_10kbp","JC",NA,"DNA","expA1_00001_0040_016_1_10kbp_random_trees.phy","expA1_00001_0040_016_1_10kbp_partitions.nex","expA1_00001_0040_016_1_10kbp_output_alignment"
"2317",17,40,1,1,10000,"expA1_00001_0040_017_1_10kbp","JC",NA,"DNA","expA1_00001_0040_017_1_10kbp_random_trees.phy","expA1_00001_0040_017_1_10kbp_partitions.nex","expA1_00001_0040_017_1_10kbp_output_alignment"
"2318",18,40,1,1,10000,"expA1_00001_0040_018_1_10kbp","JC",NA,"DNA","expA1_00001_0040_018_1_10kbp_random_trees.phy","expA1_00001_0040_018_1_10kbp_partitions.nex","expA1_00001_0040_018_1_10kbp_output_alignment"
"2319",19,40,1,1,10000,"expA1_00001_0040_019_1_10kbp","JC",NA,"DNA","expA1_00001_0040_019_1_10kbp_random_trees.phy","expA1_00001_0040_019_1_10kbp_partitions.nex","expA1_00001_0040_019_1_10kbp_output_alignment"
"2320",20,40,1,1,10000,"expA1_00001_0040_020_1_10kbp","JC",NA,"DNA","expA1_00001_0040_020_1_10kbp_random_trees.phy","expA1_00001_0040_020_1_10kbp_partitions.nex","expA1_00001_0040_020_1_10kbp_output_alignment"
"2321",21,40,1,1,10000,"expA1_00001_0040_021_1_10kbp","JC",NA,"DNA","expA1_00001_0040_021_1_10kbp_random_trees.phy","expA1_00001_0040_021_1_10kbp_partitions.nex","expA1_00001_0040_021_1_10kbp_output_alignment"
"2322",22,40,1,1,10000,"expA1_00001_0040_022_1_10kbp","JC",NA,"DNA","expA1_00001_0040_022_1_10kbp_random_trees.phy","expA1_00001_0040_022_1_10kbp_partitions.nex","expA1_00001_0040_022_1_10kbp_output_alignment"
"2323",23,40,1,1,10000,"expA1_00001_0040_023_1_10kbp","JC",NA,"DNA","expA1_00001_0040_023_1_10kbp_random_trees.phy","expA1_00001_0040_023_1_10kbp_partitions.nex","expA1_00001_0040_023_1_10kbp_output_alignment"
"2324",24,40,1,1,10000,"expA1_00001_0040_024_1_10kbp","JC",NA,"DNA","expA1_00001_0040_024_1_10kbp_random_trees.phy","expA1_00001_0040_024_1_10kbp_partitions.nex","expA1_00001_0040_024_1_10kbp_output_alignment"
"2325",25,40,1,1,10000,"expA1_00001_0040_025_1_10kbp","JC",NA,"DNA","expA1_00001_0040_025_1_10kbp_random_trees.phy","expA1_00001_0040_025_1_10kbp_partitions.nex","expA1_00001_0040_025_1_10kbp_output_alignment"
"2326",26,40,1,1,10000,"expA1_00001_0040_026_1_10kbp","JC",NA,"DNA","expA1_00001_0040_026_1_10kbp_random_trees.phy","expA1_00001_0040_026_1_10kbp_partitions.nex","expA1_00001_0040_026_1_10kbp_output_alignment"
"2327",27,40,1,1,10000,"expA1_00001_0040_027_1_10kbp","JC",NA,"DNA","expA1_00001_0040_027_1_10kbp_random_trees.phy","expA1_00001_0040_027_1_10kbp_partitions.nex","expA1_00001_0040_027_1_10kbp_output_alignment"
"2328",28,40,1,1,10000,"expA1_00001_0040_028_1_10kbp","JC",NA,"DNA","expA1_00001_0040_028_1_10kbp_random_trees.phy","expA1_00001_0040_028_1_10kbp_partitions.nex","expA1_00001_0040_028_1_10kbp_output_alignment"
"2329",29,40,1,1,10000,"expA1_00001_0040_029_1_10kbp","JC",NA,"DNA","expA1_00001_0040_029_1_10kbp_random_trees.phy","expA1_00001_0040_029_1_10kbp_partitions.nex","expA1_00001_0040_029_1_10kbp_output_alignment"
"2330",30,40,1,1,10000,"expA1_00001_0040_030_1_10kbp","JC",NA,"DNA","expA1_00001_0040_030_1_10kbp_random_trees.phy","expA1_00001_0040_030_1_10kbp_partitions.nex","expA1_00001_0040_030_1_10kbp_output_alignment"
"2331",31,40,1,1,10000,"expA1_00001_0040_031_1_10kbp","JC",NA,"DNA","expA1_00001_0040_031_1_10kbp_random_trees.phy","expA1_00001_0040_031_1_10kbp_partitions.nex","expA1_00001_0040_031_1_10kbp_output_alignment"
"2332",32,40,1,1,10000,"expA1_00001_0040_032_1_10kbp","JC",NA,"DNA","expA1_00001_0040_032_1_10kbp_random_trees.phy","expA1_00001_0040_032_1_10kbp_partitions.nex","expA1_00001_0040_032_1_10kbp_output_alignment"
"2333",33,40,1,1,10000,"expA1_00001_0040_033_1_10kbp","JC",NA,"DNA","expA1_00001_0040_033_1_10kbp_random_trees.phy","expA1_00001_0040_033_1_10kbp_partitions.nex","expA1_00001_0040_033_1_10kbp_output_alignment"
"2334",34,40,1,1,10000,"expA1_00001_0040_034_1_10kbp","JC",NA,"DNA","expA1_00001_0040_034_1_10kbp_random_trees.phy","expA1_00001_0040_034_1_10kbp_partitions.nex","expA1_00001_0040_034_1_10kbp_output_alignment"
"2335",35,40,1,1,10000,"expA1_00001_0040_035_1_10kbp","JC",NA,"DNA","expA1_00001_0040_035_1_10kbp_random_trees.phy","expA1_00001_0040_035_1_10kbp_partitions.nex","expA1_00001_0040_035_1_10kbp_output_alignment"
"2336",36,40,1,1,10000,"expA1_00001_0040_036_1_10kbp","JC",NA,"DNA","expA1_00001_0040_036_1_10kbp_random_trees.phy","expA1_00001_0040_036_1_10kbp_partitions.nex","expA1_00001_0040_036_1_10kbp_output_alignment"
"2337",37,40,1,1,10000,"expA1_00001_0040_037_1_10kbp","JC",NA,"DNA","expA1_00001_0040_037_1_10kbp_random_trees.phy","expA1_00001_0040_037_1_10kbp_partitions.nex","expA1_00001_0040_037_1_10kbp_output_alignment"
"2338",38,40,1,1,10000,"expA1_00001_0040_038_1_10kbp","JC",NA,"DNA","expA1_00001_0040_038_1_10kbp_random_trees.phy","expA1_00001_0040_038_1_10kbp_partitions.nex","expA1_00001_0040_038_1_10kbp_output_alignment"
"2339",39,40,1,1,10000,"expA1_00001_0040_039_1_10kbp","JC",NA,"DNA","expA1_00001_0040_039_1_10kbp_random_trees.phy","expA1_00001_0040_039_1_10kbp_partitions.nex","expA1_00001_0040_039_1_10kbp_output_alignment"
"2340",40,40,1,1,10000,"expA1_00001_0040_040_1_10kbp","JC",NA,"DNA","expA1_00001_0040_040_1_10kbp_random_trees.phy","expA1_00001_0040_040_1_10kbp_partitions.nex","expA1_00001_0040_040_1_10kbp_output_alignment"
"2341",41,40,1,1,10000,"expA1_00001_0040_041_1_10kbp","JC",NA,"DNA","expA1_00001_0040_041_1_10kbp_random_trees.phy","expA1_00001_0040_041_1_10kbp_partitions.nex","expA1_00001_0040_041_1_10kbp_output_alignment"
"2342",42,40,1,1,10000,"expA1_00001_0040_042_1_10kbp","JC",NA,"DNA","expA1_00001_0040_042_1_10kbp_random_trees.phy","expA1_00001_0040_042_1_10kbp_partitions.nex","expA1_00001_0040_042_1_10kbp_output_alignment"
"2343",43,40,1,1,10000,"expA1_00001_0040_043_1_10kbp","JC",NA,"DNA","expA1_00001_0040_043_1_10kbp_random_trees.phy","expA1_00001_0040_043_1_10kbp_partitions.nex","expA1_00001_0040_043_1_10kbp_output_alignment"
"2344",44,40,1,1,10000,"expA1_00001_0040_044_1_10kbp","JC",NA,"DNA","expA1_00001_0040_044_1_10kbp_random_trees.phy","expA1_00001_0040_044_1_10kbp_partitions.nex","expA1_00001_0040_044_1_10kbp_output_alignment"
"2345",45,40,1,1,10000,"expA1_00001_0040_045_1_10kbp","JC",NA,"DNA","expA1_00001_0040_045_1_10kbp_random_trees.phy","expA1_00001_0040_045_1_10kbp_partitions.nex","expA1_00001_0040_045_1_10kbp_output_alignment"
"2346",46,40,1,1,10000,"expA1_00001_0040_046_1_10kbp","JC",NA,"DNA","expA1_00001_0040_046_1_10kbp_random_trees.phy","expA1_00001_0040_046_1_10kbp_partitions.nex","expA1_00001_0040_046_1_10kbp_output_alignment"
"2347",47,40,1,1,10000,"expA1_00001_0040_047_1_10kbp","JC",NA,"DNA","expA1_00001_0040_047_1_10kbp_random_trees.phy","expA1_00001_0040_047_1_10kbp_partitions.nex","expA1_00001_0040_047_1_10kbp_output_alignment"
"2348",48,40,1,1,10000,"expA1_00001_0040_048_1_10kbp","JC",NA,"DNA","expA1_00001_0040_048_1_10kbp_random_trees.phy","expA1_00001_0040_048_1_10kbp_partitions.nex","expA1_00001_0040_048_1_10kbp_output_alignment"
"2349",49,40,1,1,10000,"expA1_00001_0040_049_1_10kbp","JC",NA,"DNA","expA1_00001_0040_049_1_10kbp_random_trees.phy","expA1_00001_0040_049_1_10kbp_partitions.nex","expA1_00001_0040_049_1_10kbp_output_alignment"
"2350",50,40,1,1,10000,"expA1_00001_0040_050_1_10kbp","JC",NA,"DNA","expA1_00001_0040_050_1_10kbp_random_trees.phy","expA1_00001_0040_050_1_10kbp_partitions.nex","expA1_00001_0040_050_1_10kbp_output_alignment"
"2351",51,40,1,1,10000,"expA1_00001_0040_051_1_10kbp","JC",NA,"DNA","expA1_00001_0040_051_1_10kbp_random_trees.phy","expA1_00001_0040_051_1_10kbp_partitions.nex","expA1_00001_0040_051_1_10kbp_output_alignment"
"2352",52,40,1,1,10000,"expA1_00001_0040_052_1_10kbp","JC",NA,"DNA","expA1_00001_0040_052_1_10kbp_random_trees.phy","expA1_00001_0040_052_1_10kbp_partitions.nex","expA1_00001_0040_052_1_10kbp_output_alignment"
"2353",53,40,1,1,10000,"expA1_00001_0040_053_1_10kbp","JC",NA,"DNA","expA1_00001_0040_053_1_10kbp_random_trees.phy","expA1_00001_0040_053_1_10kbp_partitions.nex","expA1_00001_0040_053_1_10kbp_output_alignment"
"2354",54,40,1,1,10000,"expA1_00001_0040_054_1_10kbp","JC",NA,"DNA","expA1_00001_0040_054_1_10kbp_random_trees.phy","expA1_00001_0040_054_1_10kbp_partitions.nex","expA1_00001_0040_054_1_10kbp_output_alignment"
"2355",55,40,1,1,10000,"expA1_00001_0040_055_1_10kbp","JC",NA,"DNA","expA1_00001_0040_055_1_10kbp_random_trees.phy","expA1_00001_0040_055_1_10kbp_partitions.nex","expA1_00001_0040_055_1_10kbp_output_alignment"
"2356",56,40,1,1,10000,"expA1_00001_0040_056_1_10kbp","JC",NA,"DNA","expA1_00001_0040_056_1_10kbp_random_trees.phy","expA1_00001_0040_056_1_10kbp_partitions.nex","expA1_00001_0040_056_1_10kbp_output_alignment"
"2357",57,40,1,1,10000,"expA1_00001_0040_057_1_10kbp","JC",NA,"DNA","expA1_00001_0040_057_1_10kbp_random_trees.phy","expA1_00001_0040_057_1_10kbp_partitions.nex","expA1_00001_0040_057_1_10kbp_output_alignment"
"2358",58,40,1,1,10000,"expA1_00001_0040_058_1_10kbp","JC",NA,"DNA","expA1_00001_0040_058_1_10kbp_random_trees.phy","expA1_00001_0040_058_1_10kbp_partitions.nex","expA1_00001_0040_058_1_10kbp_output_alignment"
"2359",59,40,1,1,10000,"expA1_00001_0040_059_1_10kbp","JC",NA,"DNA","expA1_00001_0040_059_1_10kbp_random_trees.phy","expA1_00001_0040_059_1_10kbp_partitions.nex","expA1_00001_0040_059_1_10kbp_output_alignment"
"2360",60,40,1,1,10000,"expA1_00001_0040_060_1_10kbp","JC",NA,"DNA","expA1_00001_0040_060_1_10kbp_random_trees.phy","expA1_00001_0040_060_1_10kbp_partitions.nex","expA1_00001_0040_060_1_10kbp_output_alignment"
"2361",61,40,1,1,10000,"expA1_00001_0040_061_1_10kbp","JC",NA,"DNA","expA1_00001_0040_061_1_10kbp_random_trees.phy","expA1_00001_0040_061_1_10kbp_partitions.nex","expA1_00001_0040_061_1_10kbp_output_alignment"
"2362",62,40,1,1,10000,"expA1_00001_0040_062_1_10kbp","JC",NA,"DNA","expA1_00001_0040_062_1_10kbp_random_trees.phy","expA1_00001_0040_062_1_10kbp_partitions.nex","expA1_00001_0040_062_1_10kbp_output_alignment"
"2363",63,40,1,1,10000,"expA1_00001_0040_063_1_10kbp","JC",NA,"DNA","expA1_00001_0040_063_1_10kbp_random_trees.phy","expA1_00001_0040_063_1_10kbp_partitions.nex","expA1_00001_0040_063_1_10kbp_output_alignment"
"2364",64,40,1,1,10000,"expA1_00001_0040_064_1_10kbp","JC",NA,"DNA","expA1_00001_0040_064_1_10kbp_random_trees.phy","expA1_00001_0040_064_1_10kbp_partitions.nex","expA1_00001_0040_064_1_10kbp_output_alignment"
"2365",65,40,1,1,10000,"expA1_00001_0040_065_1_10kbp","JC",NA,"DNA","expA1_00001_0040_065_1_10kbp_random_trees.phy","expA1_00001_0040_065_1_10kbp_partitions.nex","expA1_00001_0040_065_1_10kbp_output_alignment"
"2366",66,40,1,1,10000,"expA1_00001_0040_066_1_10kbp","JC",NA,"DNA","expA1_00001_0040_066_1_10kbp_random_trees.phy","expA1_00001_0040_066_1_10kbp_partitions.nex","expA1_00001_0040_066_1_10kbp_output_alignment"
"2367",67,40,1,1,10000,"expA1_00001_0040_067_1_10kbp","JC",NA,"DNA","expA1_00001_0040_067_1_10kbp_random_trees.phy","expA1_00001_0040_067_1_10kbp_partitions.nex","expA1_00001_0040_067_1_10kbp_output_alignment"
"2368",68,40,1,1,10000,"expA1_00001_0040_068_1_10kbp","JC",NA,"DNA","expA1_00001_0040_068_1_10kbp_random_trees.phy","expA1_00001_0040_068_1_10kbp_partitions.nex","expA1_00001_0040_068_1_10kbp_output_alignment"
"2369",69,40,1,1,10000,"expA1_00001_0040_069_1_10kbp","JC",NA,"DNA","expA1_00001_0040_069_1_10kbp_random_trees.phy","expA1_00001_0040_069_1_10kbp_partitions.nex","expA1_00001_0040_069_1_10kbp_output_alignment"
"2370",70,40,1,1,10000,"expA1_00001_0040_070_1_10kbp","JC",NA,"DNA","expA1_00001_0040_070_1_10kbp_random_trees.phy","expA1_00001_0040_070_1_10kbp_partitions.nex","expA1_00001_0040_070_1_10kbp_output_alignment"
"2371",71,40,1,1,10000,"expA1_00001_0040_071_1_10kbp","JC",NA,"DNA","expA1_00001_0040_071_1_10kbp_random_trees.phy","expA1_00001_0040_071_1_10kbp_partitions.nex","expA1_00001_0040_071_1_10kbp_output_alignment"
"2372",72,40,1,1,10000,"expA1_00001_0040_072_1_10kbp","JC",NA,"DNA","expA1_00001_0040_072_1_10kbp_random_trees.phy","expA1_00001_0040_072_1_10kbp_partitions.nex","expA1_00001_0040_072_1_10kbp_output_alignment"
"2373",73,40,1,1,10000,"expA1_00001_0040_073_1_10kbp","JC",NA,"DNA","expA1_00001_0040_073_1_10kbp_random_trees.phy","expA1_00001_0040_073_1_10kbp_partitions.nex","expA1_00001_0040_073_1_10kbp_output_alignment"
"2374",74,40,1,1,10000,"expA1_00001_0040_074_1_10kbp","JC",NA,"DNA","expA1_00001_0040_074_1_10kbp_random_trees.phy","expA1_00001_0040_074_1_10kbp_partitions.nex","expA1_00001_0040_074_1_10kbp_output_alignment"
"2375",75,40,1,1,10000,"expA1_00001_0040_075_1_10kbp","JC",NA,"DNA","expA1_00001_0040_075_1_10kbp_random_trees.phy","expA1_00001_0040_075_1_10kbp_partitions.nex","expA1_00001_0040_075_1_10kbp_output_alignment"
"2376",76,40,1,1,10000,"expA1_00001_0040_076_1_10kbp","JC",NA,"DNA","expA1_00001_0040_076_1_10kbp_random_trees.phy","expA1_00001_0040_076_1_10kbp_partitions.nex","expA1_00001_0040_076_1_10kbp_output_alignment"
"2377",77,40,1,1,10000,"expA1_00001_0040_077_1_10kbp","JC",NA,"DNA","expA1_00001_0040_077_1_10kbp_random_trees.phy","expA1_00001_0040_077_1_10kbp_partitions.nex","expA1_00001_0040_077_1_10kbp_output_alignment"
"2378",78,40,1,1,10000,"expA1_00001_0040_078_1_10kbp","JC",NA,"DNA","expA1_00001_0040_078_1_10kbp_random_trees.phy","expA1_00001_0040_078_1_10kbp_partitions.nex","expA1_00001_0040_078_1_10kbp_output_alignment"
"2379",79,40,1,1,10000,"expA1_00001_0040_079_1_10kbp","JC",NA,"DNA","expA1_00001_0040_079_1_10kbp_random_trees.phy","expA1_00001_0040_079_1_10kbp_partitions.nex","expA1_00001_0040_079_1_10kbp_output_alignment"
"2380",80,40,1,1,10000,"expA1_00001_0040_080_1_10kbp","JC",NA,"DNA","expA1_00001_0040_080_1_10kbp_random_trees.phy","expA1_00001_0040_080_1_10kbp_partitions.nex","expA1_00001_0040_080_1_10kbp_output_alignment"
"2381",81,40,1,1,10000,"expA1_00001_0040_081_1_10kbp","JC",NA,"DNA","expA1_00001_0040_081_1_10kbp_random_trees.phy","expA1_00001_0040_081_1_10kbp_partitions.nex","expA1_00001_0040_081_1_10kbp_output_alignment"
"2382",82,40,1,1,10000,"expA1_00001_0040_082_1_10kbp","JC",NA,"DNA","expA1_00001_0040_082_1_10kbp_random_trees.phy","expA1_00001_0040_082_1_10kbp_partitions.nex","expA1_00001_0040_082_1_10kbp_output_alignment"
"2383",83,40,1,1,10000,"expA1_00001_0040_083_1_10kbp","JC",NA,"DNA","expA1_00001_0040_083_1_10kbp_random_trees.phy","expA1_00001_0040_083_1_10kbp_partitions.nex","expA1_00001_0040_083_1_10kbp_output_alignment"
"2384",84,40,1,1,10000,"expA1_00001_0040_084_1_10kbp","JC",NA,"DNA","expA1_00001_0040_084_1_10kbp_random_trees.phy","expA1_00001_0040_084_1_10kbp_partitions.nex","expA1_00001_0040_084_1_10kbp_output_alignment"
"2385",85,40,1,1,10000,"expA1_00001_0040_085_1_10kbp","JC",NA,"DNA","expA1_00001_0040_085_1_10kbp_random_trees.phy","expA1_00001_0040_085_1_10kbp_partitions.nex","expA1_00001_0040_085_1_10kbp_output_alignment"
"2386",86,40,1,1,10000,"expA1_00001_0040_086_1_10kbp","JC",NA,"DNA","expA1_00001_0040_086_1_10kbp_random_trees.phy","expA1_00001_0040_086_1_10kbp_partitions.nex","expA1_00001_0040_086_1_10kbp_output_alignment"
"2387",87,40,1,1,10000,"expA1_00001_0040_087_1_10kbp","JC",NA,"DNA","expA1_00001_0040_087_1_10kbp_random_trees.phy","expA1_00001_0040_087_1_10kbp_partitions.nex","expA1_00001_0040_087_1_10kbp_output_alignment"
"2388",88,40,1,1,10000,"expA1_00001_0040_088_1_10kbp","JC",NA,"DNA","expA1_00001_0040_088_1_10kbp_random_trees.phy","expA1_00001_0040_088_1_10kbp_partitions.nex","expA1_00001_0040_088_1_10kbp_output_alignment"
"2389",89,40,1,1,10000,"expA1_00001_0040_089_1_10kbp","JC",NA,"DNA","expA1_00001_0040_089_1_10kbp_random_trees.phy","expA1_00001_0040_089_1_10kbp_partitions.nex","expA1_00001_0040_089_1_10kbp_output_alignment"
"2390",90,40,1,1,10000,"expA1_00001_0040_090_1_10kbp","JC",NA,"DNA","expA1_00001_0040_090_1_10kbp_random_trees.phy","expA1_00001_0040_090_1_10kbp_partitions.nex","expA1_00001_0040_090_1_10kbp_output_alignment"
"2391",91,40,1,1,10000,"expA1_00001_0040_091_1_10kbp","JC",NA,"DNA","expA1_00001_0040_091_1_10kbp_random_trees.phy","expA1_00001_0040_091_1_10kbp_partitions.nex","expA1_00001_0040_091_1_10kbp_output_alignment"
"2392",92,40,1,1,10000,"expA1_00001_0040_092_1_10kbp","JC",NA,"DNA","expA1_00001_0040_092_1_10kbp_random_trees.phy","expA1_00001_0040_092_1_10kbp_partitions.nex","expA1_00001_0040_092_1_10kbp_output_alignment"
"2393",93,40,1,1,10000,"expA1_00001_0040_093_1_10kbp","JC",NA,"DNA","expA1_00001_0040_093_1_10kbp_random_trees.phy","expA1_00001_0040_093_1_10kbp_partitions.nex","expA1_00001_0040_093_1_10kbp_output_alignment"
"2394",94,40,1,1,10000,"expA1_00001_0040_094_1_10kbp","JC",NA,"DNA","expA1_00001_0040_094_1_10kbp_random_trees.phy","expA1_00001_0040_094_1_10kbp_partitions.nex","expA1_00001_0040_094_1_10kbp_output_alignment"
"2395",95,40,1,1,10000,"expA1_00001_0040_095_1_10kbp","JC",NA,"DNA","expA1_00001_0040_095_1_10kbp_random_trees.phy","expA1_00001_0040_095_1_10kbp_partitions.nex","expA1_00001_0040_095_1_10kbp_output_alignment"
"2396",96,40,1,1,10000,"expA1_00001_0040_096_1_10kbp","JC",NA,"DNA","expA1_00001_0040_096_1_10kbp_random_trees.phy","expA1_00001_0040_096_1_10kbp_partitions.nex","expA1_00001_0040_096_1_10kbp_output_alignment"
"2397",97,40,1,1,10000,"expA1_00001_0040_097_1_10kbp","JC",NA,"DNA","expA1_00001_0040_097_1_10kbp_random_trees.phy","expA1_00001_0040_097_1_10kbp_partitions.nex","expA1_00001_0040_097_1_10kbp_output_alignment"
"2398",98,40,1,1,10000,"expA1_00001_0040_098_1_10kbp","JC",NA,"DNA","expA1_00001_0040_098_1_10kbp_random_trees.phy","expA1_00001_0040_098_1_10kbp_partitions.nex","expA1_00001_0040_098_1_10kbp_output_alignment"
"2399",99,40,1,1,10000,"expA1_00001_0040_099_1_10kbp","JC",NA,"DNA","expA1_00001_0040_099_1_10kbp_random_trees.phy","expA1_00001_0040_099_1_10kbp_partitions.nex","expA1_00001_0040_099_1_10kbp_output_alignment"
"2400",100,40,1,1,10000,"expA1_00001_0040_100_1_10kbp","JC",NA,"DNA","expA1_00001_0040_100_1_10kbp_random_trees.phy","expA1_00001_0040_100_1_10kbp_partitions.nex","expA1_00001_0040_100_1_10kbp_output_alignment"
"2401",1,50,1,1,10000,"expA1_00001_0050_001_1_10kbp","JC",NA,"DNA","expA1_00001_0050_001_1_10kbp_random_trees.phy","expA1_00001_0050_001_1_10kbp_partitions.nex","expA1_00001_0050_001_1_10kbp_output_alignment"
"2402",2,50,1,1,10000,"expA1_00001_0050_002_1_10kbp","JC",NA,"DNA","expA1_00001_0050_002_1_10kbp_random_trees.phy","expA1_00001_0050_002_1_10kbp_partitions.nex","expA1_00001_0050_002_1_10kbp_output_alignment"
"2403",3,50,1,1,10000,"expA1_00001_0050_003_1_10kbp","JC",NA,"DNA","expA1_00001_0050_003_1_10kbp_random_trees.phy","expA1_00001_0050_003_1_10kbp_partitions.nex","expA1_00001_0050_003_1_10kbp_output_alignment"
"2404",4,50,1,1,10000,"expA1_00001_0050_004_1_10kbp","JC",NA,"DNA","expA1_00001_0050_004_1_10kbp_random_trees.phy","expA1_00001_0050_004_1_10kbp_partitions.nex","expA1_00001_0050_004_1_10kbp_output_alignment"
"2405",5,50,1,1,10000,"expA1_00001_0050_005_1_10kbp","JC",NA,"DNA","expA1_00001_0050_005_1_10kbp_random_trees.phy","expA1_00001_0050_005_1_10kbp_partitions.nex","expA1_00001_0050_005_1_10kbp_output_alignment"
"2406",6,50,1,1,10000,"expA1_00001_0050_006_1_10kbp","JC",NA,"DNA","expA1_00001_0050_006_1_10kbp_random_trees.phy","expA1_00001_0050_006_1_10kbp_partitions.nex","expA1_00001_0050_006_1_10kbp_output_alignment"
"2407",7,50,1,1,10000,"expA1_00001_0050_007_1_10kbp","JC",NA,"DNA","expA1_00001_0050_007_1_10kbp_random_trees.phy","expA1_00001_0050_007_1_10kbp_partitions.nex","expA1_00001_0050_007_1_10kbp_output_alignment"
"2408",8,50,1,1,10000,"expA1_00001_0050_008_1_10kbp","JC",NA,"DNA","expA1_00001_0050_008_1_10kbp_random_trees.phy","expA1_00001_0050_008_1_10kbp_partitions.nex","expA1_00001_0050_008_1_10kbp_output_alignment"
"2409",9,50,1,1,10000,"expA1_00001_0050_009_1_10kbp","JC",NA,"DNA","expA1_00001_0050_009_1_10kbp_random_trees.phy","expA1_00001_0050_009_1_10kbp_partitions.nex","expA1_00001_0050_009_1_10kbp_output_alignment"
"2410",10,50,1,1,10000,"expA1_00001_0050_010_1_10kbp","JC",NA,"DNA","expA1_00001_0050_010_1_10kbp_random_trees.phy","expA1_00001_0050_010_1_10kbp_partitions.nex","expA1_00001_0050_010_1_10kbp_output_alignment"
"2411",11,50,1,1,10000,"expA1_00001_0050_011_1_10kbp","JC",NA,"DNA","expA1_00001_0050_011_1_10kbp_random_trees.phy","expA1_00001_0050_011_1_10kbp_partitions.nex","expA1_00001_0050_011_1_10kbp_output_alignment"
"2412",12,50,1,1,10000,"expA1_00001_0050_012_1_10kbp","JC",NA,"DNA","expA1_00001_0050_012_1_10kbp_random_trees.phy","expA1_00001_0050_012_1_10kbp_partitions.nex","expA1_00001_0050_012_1_10kbp_output_alignment"
"2413",13,50,1,1,10000,"expA1_00001_0050_013_1_10kbp","JC",NA,"DNA","expA1_00001_0050_013_1_10kbp_random_trees.phy","expA1_00001_0050_013_1_10kbp_partitions.nex","expA1_00001_0050_013_1_10kbp_output_alignment"
"2414",14,50,1,1,10000,"expA1_00001_0050_014_1_10kbp","JC",NA,"DNA","expA1_00001_0050_014_1_10kbp_random_trees.phy","expA1_00001_0050_014_1_10kbp_partitions.nex","expA1_00001_0050_014_1_10kbp_output_alignment"
"2415",15,50,1,1,10000,"expA1_00001_0050_015_1_10kbp","JC",NA,"DNA","expA1_00001_0050_015_1_10kbp_random_trees.phy","expA1_00001_0050_015_1_10kbp_partitions.nex","expA1_00001_0050_015_1_10kbp_output_alignment"
"2416",16,50,1,1,10000,"expA1_00001_0050_016_1_10kbp","JC",NA,"DNA","expA1_00001_0050_016_1_10kbp_random_trees.phy","expA1_00001_0050_016_1_10kbp_partitions.nex","expA1_00001_0050_016_1_10kbp_output_alignment"
"2417",17,50,1,1,10000,"expA1_00001_0050_017_1_10kbp","JC",NA,"DNA","expA1_00001_0050_017_1_10kbp_random_trees.phy","expA1_00001_0050_017_1_10kbp_partitions.nex","expA1_00001_0050_017_1_10kbp_output_alignment"
"2418",18,50,1,1,10000,"expA1_00001_0050_018_1_10kbp","JC",NA,"DNA","expA1_00001_0050_018_1_10kbp_random_trees.phy","expA1_00001_0050_018_1_10kbp_partitions.nex","expA1_00001_0050_018_1_10kbp_output_alignment"
"2419",19,50,1,1,10000,"expA1_00001_0050_019_1_10kbp","JC",NA,"DNA","expA1_00001_0050_019_1_10kbp_random_trees.phy","expA1_00001_0050_019_1_10kbp_partitions.nex","expA1_00001_0050_019_1_10kbp_output_alignment"
"2420",20,50,1,1,10000,"expA1_00001_0050_020_1_10kbp","JC",NA,"DNA","expA1_00001_0050_020_1_10kbp_random_trees.phy","expA1_00001_0050_020_1_10kbp_partitions.nex","expA1_00001_0050_020_1_10kbp_output_alignment"
"2421",21,50,1,1,10000,"expA1_00001_0050_021_1_10kbp","JC",NA,"DNA","expA1_00001_0050_021_1_10kbp_random_trees.phy","expA1_00001_0050_021_1_10kbp_partitions.nex","expA1_00001_0050_021_1_10kbp_output_alignment"
"2422",22,50,1,1,10000,"expA1_00001_0050_022_1_10kbp","JC",NA,"DNA","expA1_00001_0050_022_1_10kbp_random_trees.phy","expA1_00001_0050_022_1_10kbp_partitions.nex","expA1_00001_0050_022_1_10kbp_output_alignment"
"2423",23,50,1,1,10000,"expA1_00001_0050_023_1_10kbp","JC",NA,"DNA","expA1_00001_0050_023_1_10kbp_random_trees.phy","expA1_00001_0050_023_1_10kbp_partitions.nex","expA1_00001_0050_023_1_10kbp_output_alignment"
"2424",24,50,1,1,10000,"expA1_00001_0050_024_1_10kbp","JC",NA,"DNA","expA1_00001_0050_024_1_10kbp_random_trees.phy","expA1_00001_0050_024_1_10kbp_partitions.nex","expA1_00001_0050_024_1_10kbp_output_alignment"
"2425",25,50,1,1,10000,"expA1_00001_0050_025_1_10kbp","JC",NA,"DNA","expA1_00001_0050_025_1_10kbp_random_trees.phy","expA1_00001_0050_025_1_10kbp_partitions.nex","expA1_00001_0050_025_1_10kbp_output_alignment"
"2426",26,50,1,1,10000,"expA1_00001_0050_026_1_10kbp","JC",NA,"DNA","expA1_00001_0050_026_1_10kbp_random_trees.phy","expA1_00001_0050_026_1_10kbp_partitions.nex","expA1_00001_0050_026_1_10kbp_output_alignment"
"2427",27,50,1,1,10000,"expA1_00001_0050_027_1_10kbp","JC",NA,"DNA","expA1_00001_0050_027_1_10kbp_random_trees.phy","expA1_00001_0050_027_1_10kbp_partitions.nex","expA1_00001_0050_027_1_10kbp_output_alignment"
"2428",28,50,1,1,10000,"expA1_00001_0050_028_1_10kbp","JC",NA,"DNA","expA1_00001_0050_028_1_10kbp_random_trees.phy","expA1_00001_0050_028_1_10kbp_partitions.nex","expA1_00001_0050_028_1_10kbp_output_alignment"
"2429",29,50,1,1,10000,"expA1_00001_0050_029_1_10kbp","JC",NA,"DNA","expA1_00001_0050_029_1_10kbp_random_trees.phy","expA1_00001_0050_029_1_10kbp_partitions.nex","expA1_00001_0050_029_1_10kbp_output_alignment"
"2430",30,50,1,1,10000,"expA1_00001_0050_030_1_10kbp","JC",NA,"DNA","expA1_00001_0050_030_1_10kbp_random_trees.phy","expA1_00001_0050_030_1_10kbp_partitions.nex","expA1_00001_0050_030_1_10kbp_output_alignment"
"2431",31,50,1,1,10000,"expA1_00001_0050_031_1_10kbp","JC",NA,"DNA","expA1_00001_0050_031_1_10kbp_random_trees.phy","expA1_00001_0050_031_1_10kbp_partitions.nex","expA1_00001_0050_031_1_10kbp_output_alignment"
"2432",32,50,1,1,10000,"expA1_00001_0050_032_1_10kbp","JC",NA,"DNA","expA1_00001_0050_032_1_10kbp_random_trees.phy","expA1_00001_0050_032_1_10kbp_partitions.nex","expA1_00001_0050_032_1_10kbp_output_alignment"
"2433",33,50,1,1,10000,"expA1_00001_0050_033_1_10kbp","JC",NA,"DNA","expA1_00001_0050_033_1_10kbp_random_trees.phy","expA1_00001_0050_033_1_10kbp_partitions.nex","expA1_00001_0050_033_1_10kbp_output_alignment"
"2434",34,50,1,1,10000,"expA1_00001_0050_034_1_10kbp","JC",NA,"DNA","expA1_00001_0050_034_1_10kbp_random_trees.phy","expA1_00001_0050_034_1_10kbp_partitions.nex","expA1_00001_0050_034_1_10kbp_output_alignment"
"2435",35,50,1,1,10000,"expA1_00001_0050_035_1_10kbp","JC",NA,"DNA","expA1_00001_0050_035_1_10kbp_random_trees.phy","expA1_00001_0050_035_1_10kbp_partitions.nex","expA1_00001_0050_035_1_10kbp_output_alignment"
"2436",36,50,1,1,10000,"expA1_00001_0050_036_1_10kbp","JC",NA,"DNA","expA1_00001_0050_036_1_10kbp_random_trees.phy","expA1_00001_0050_036_1_10kbp_partitions.nex","expA1_00001_0050_036_1_10kbp_output_alignment"
"2437",37,50,1,1,10000,"expA1_00001_0050_037_1_10kbp","JC",NA,"DNA","expA1_00001_0050_037_1_10kbp_random_trees.phy","expA1_00001_0050_037_1_10kbp_partitions.nex","expA1_00001_0050_037_1_10kbp_output_alignment"
"2438",38,50,1,1,10000,"expA1_00001_0050_038_1_10kbp","JC",NA,"DNA","expA1_00001_0050_038_1_10kbp_random_trees.phy","expA1_00001_0050_038_1_10kbp_partitions.nex","expA1_00001_0050_038_1_10kbp_output_alignment"
"2439",39,50,1,1,10000,"expA1_00001_0050_039_1_10kbp","JC",NA,"DNA","expA1_00001_0050_039_1_10kbp_random_trees.phy","expA1_00001_0050_039_1_10kbp_partitions.nex","expA1_00001_0050_039_1_10kbp_output_alignment"
"2440",40,50,1,1,10000,"expA1_00001_0050_040_1_10kbp","JC",NA,"DNA","expA1_00001_0050_040_1_10kbp_random_trees.phy","expA1_00001_0050_040_1_10kbp_partitions.nex","expA1_00001_0050_040_1_10kbp_output_alignment"
"2441",41,50,1,1,10000,"expA1_00001_0050_041_1_10kbp","JC",NA,"DNA","expA1_00001_0050_041_1_10kbp_random_trees.phy","expA1_00001_0050_041_1_10kbp_partitions.nex","expA1_00001_0050_041_1_10kbp_output_alignment"
"2442",42,50,1,1,10000,"expA1_00001_0050_042_1_10kbp","JC",NA,"DNA","expA1_00001_0050_042_1_10kbp_random_trees.phy","expA1_00001_0050_042_1_10kbp_partitions.nex","expA1_00001_0050_042_1_10kbp_output_alignment"
"2443",43,50,1,1,10000,"expA1_00001_0050_043_1_10kbp","JC",NA,"DNA","expA1_00001_0050_043_1_10kbp_random_trees.phy","expA1_00001_0050_043_1_10kbp_partitions.nex","expA1_00001_0050_043_1_10kbp_output_alignment"
"2444",44,50,1,1,10000,"expA1_00001_0050_044_1_10kbp","JC",NA,"DNA","expA1_00001_0050_044_1_10kbp_random_trees.phy","expA1_00001_0050_044_1_10kbp_partitions.nex","expA1_00001_0050_044_1_10kbp_output_alignment"
"2445",45,50,1,1,10000,"expA1_00001_0050_045_1_10kbp","JC",NA,"DNA","expA1_00001_0050_045_1_10kbp_random_trees.phy","expA1_00001_0050_045_1_10kbp_partitions.nex","expA1_00001_0050_045_1_10kbp_output_alignment"
"2446",46,50,1,1,10000,"expA1_00001_0050_046_1_10kbp","JC",NA,"DNA","expA1_00001_0050_046_1_10kbp_random_trees.phy","expA1_00001_0050_046_1_10kbp_partitions.nex","expA1_00001_0050_046_1_10kbp_output_alignment"
"2447",47,50,1,1,10000,"expA1_00001_0050_047_1_10kbp","JC",NA,"DNA","expA1_00001_0050_047_1_10kbp_random_trees.phy","expA1_00001_0050_047_1_10kbp_partitions.nex","expA1_00001_0050_047_1_10kbp_output_alignment"
"2448",48,50,1,1,10000,"expA1_00001_0050_048_1_10kbp","JC",NA,"DNA","expA1_00001_0050_048_1_10kbp_random_trees.phy","expA1_00001_0050_048_1_10kbp_partitions.nex","expA1_00001_0050_048_1_10kbp_output_alignment"
"2449",49,50,1,1,10000,"expA1_00001_0050_049_1_10kbp","JC",NA,"DNA","expA1_00001_0050_049_1_10kbp_random_trees.phy","expA1_00001_0050_049_1_10kbp_partitions.nex","expA1_00001_0050_049_1_10kbp_output_alignment"
"2450",50,50,1,1,10000,"expA1_00001_0050_050_1_10kbp","JC",NA,"DNA","expA1_00001_0050_050_1_10kbp_random_trees.phy","expA1_00001_0050_050_1_10kbp_partitions.nex","expA1_00001_0050_050_1_10kbp_output_alignment"
"2451",51,50,1,1,10000,"expA1_00001_0050_051_1_10kbp","JC",NA,"DNA","expA1_00001_0050_051_1_10kbp_random_trees.phy","expA1_00001_0050_051_1_10kbp_partitions.nex","expA1_00001_0050_051_1_10kbp_output_alignment"
"2452",52,50,1,1,10000,"expA1_00001_0050_052_1_10kbp","JC",NA,"DNA","expA1_00001_0050_052_1_10kbp_random_trees.phy","expA1_00001_0050_052_1_10kbp_partitions.nex","expA1_00001_0050_052_1_10kbp_output_alignment"
"2453",53,50,1,1,10000,"expA1_00001_0050_053_1_10kbp","JC",NA,"DNA","expA1_00001_0050_053_1_10kbp_random_trees.phy","expA1_00001_0050_053_1_10kbp_partitions.nex","expA1_00001_0050_053_1_10kbp_output_alignment"
"2454",54,50,1,1,10000,"expA1_00001_0050_054_1_10kbp","JC",NA,"DNA","expA1_00001_0050_054_1_10kbp_random_trees.phy","expA1_00001_0050_054_1_10kbp_partitions.nex","expA1_00001_0050_054_1_10kbp_output_alignment"
"2455",55,50,1,1,10000,"expA1_00001_0050_055_1_10kbp","JC",NA,"DNA","expA1_00001_0050_055_1_10kbp_random_trees.phy","expA1_00001_0050_055_1_10kbp_partitions.nex","expA1_00001_0050_055_1_10kbp_output_alignment"
"2456",56,50,1,1,10000,"expA1_00001_0050_056_1_10kbp","JC",NA,"DNA","expA1_00001_0050_056_1_10kbp_random_trees.phy","expA1_00001_0050_056_1_10kbp_partitions.nex","expA1_00001_0050_056_1_10kbp_output_alignment"
"2457",57,50,1,1,10000,"expA1_00001_0050_057_1_10kbp","JC",NA,"DNA","expA1_00001_0050_057_1_10kbp_random_trees.phy","expA1_00001_0050_057_1_10kbp_partitions.nex","expA1_00001_0050_057_1_10kbp_output_alignment"
"2458",58,50,1,1,10000,"expA1_00001_0050_058_1_10kbp","JC",NA,"DNA","expA1_00001_0050_058_1_10kbp_random_trees.phy","expA1_00001_0050_058_1_10kbp_partitions.nex","expA1_00001_0050_058_1_10kbp_output_alignment"
"2459",59,50,1,1,10000,"expA1_00001_0050_059_1_10kbp","JC",NA,"DNA","expA1_00001_0050_059_1_10kbp_random_trees.phy","expA1_00001_0050_059_1_10kbp_partitions.nex","expA1_00001_0050_059_1_10kbp_output_alignment"
"2460",60,50,1,1,10000,"expA1_00001_0050_060_1_10kbp","JC",NA,"DNA","expA1_00001_0050_060_1_10kbp_random_trees.phy","expA1_00001_0050_060_1_10kbp_partitions.nex","expA1_00001_0050_060_1_10kbp_output_alignment"
"2461",61,50,1,1,10000,"expA1_00001_0050_061_1_10kbp","JC",NA,"DNA","expA1_00001_0050_061_1_10kbp_random_trees.phy","expA1_00001_0050_061_1_10kbp_partitions.nex","expA1_00001_0050_061_1_10kbp_output_alignment"
"2462",62,50,1,1,10000,"expA1_00001_0050_062_1_10kbp","JC",NA,"DNA","expA1_00001_0050_062_1_10kbp_random_trees.phy","expA1_00001_0050_062_1_10kbp_partitions.nex","expA1_00001_0050_062_1_10kbp_output_alignment"
"2463",63,50,1,1,10000,"expA1_00001_0050_063_1_10kbp","JC",NA,"DNA","expA1_00001_0050_063_1_10kbp_random_trees.phy","expA1_00001_0050_063_1_10kbp_partitions.nex","expA1_00001_0050_063_1_10kbp_output_alignment"
"2464",64,50,1,1,10000,"expA1_00001_0050_064_1_10kbp","JC",NA,"DNA","expA1_00001_0050_064_1_10kbp_random_trees.phy","expA1_00001_0050_064_1_10kbp_partitions.nex","expA1_00001_0050_064_1_10kbp_output_alignment"
"2465",65,50,1,1,10000,"expA1_00001_0050_065_1_10kbp","JC",NA,"DNA","expA1_00001_0050_065_1_10kbp_random_trees.phy","expA1_00001_0050_065_1_10kbp_partitions.nex","expA1_00001_0050_065_1_10kbp_output_alignment"
"2466",66,50,1,1,10000,"expA1_00001_0050_066_1_10kbp","JC",NA,"DNA","expA1_00001_0050_066_1_10kbp_random_trees.phy","expA1_00001_0050_066_1_10kbp_partitions.nex","expA1_00001_0050_066_1_10kbp_output_alignment"
"2467",67,50,1,1,10000,"expA1_00001_0050_067_1_10kbp","JC",NA,"DNA","expA1_00001_0050_067_1_10kbp_random_trees.phy","expA1_00001_0050_067_1_10kbp_partitions.nex","expA1_00001_0050_067_1_10kbp_output_alignment"
"2468",68,50,1,1,10000,"expA1_00001_0050_068_1_10kbp","JC",NA,"DNA","expA1_00001_0050_068_1_10kbp_random_trees.phy","expA1_00001_0050_068_1_10kbp_partitions.nex","expA1_00001_0050_068_1_10kbp_output_alignment"
"2469",69,50,1,1,10000,"expA1_00001_0050_069_1_10kbp","JC",NA,"DNA","expA1_00001_0050_069_1_10kbp_random_trees.phy","expA1_00001_0050_069_1_10kbp_partitions.nex","expA1_00001_0050_069_1_10kbp_output_alignment"
"2470",70,50,1,1,10000,"expA1_00001_0050_070_1_10kbp","JC",NA,"DNA","expA1_00001_0050_070_1_10kbp_random_trees.phy","expA1_00001_0050_070_1_10kbp_partitions.nex","expA1_00001_0050_070_1_10kbp_output_alignment"
"2471",71,50,1,1,10000,"expA1_00001_0050_071_1_10kbp","JC",NA,"DNA","expA1_00001_0050_071_1_10kbp_random_trees.phy","expA1_00001_0050_071_1_10kbp_partitions.nex","expA1_00001_0050_071_1_10kbp_output_alignment"
"2472",72,50,1,1,10000,"expA1_00001_0050_072_1_10kbp","JC",NA,"DNA","expA1_00001_0050_072_1_10kbp_random_trees.phy","expA1_00001_0050_072_1_10kbp_partitions.nex","expA1_00001_0050_072_1_10kbp_output_alignment"
"2473",73,50,1,1,10000,"expA1_00001_0050_073_1_10kbp","JC",NA,"DNA","expA1_00001_0050_073_1_10kbp_random_trees.phy","expA1_00001_0050_073_1_10kbp_partitions.nex","expA1_00001_0050_073_1_10kbp_output_alignment"
"2474",74,50,1,1,10000,"expA1_00001_0050_074_1_10kbp","JC",NA,"DNA","expA1_00001_0050_074_1_10kbp_random_trees.phy","expA1_00001_0050_074_1_10kbp_partitions.nex","expA1_00001_0050_074_1_10kbp_output_alignment"
"2475",75,50,1,1,10000,"expA1_00001_0050_075_1_10kbp","JC",NA,"DNA","expA1_00001_0050_075_1_10kbp_random_trees.phy","expA1_00001_0050_075_1_10kbp_partitions.nex","expA1_00001_0050_075_1_10kbp_output_alignment"
"2476",76,50,1,1,10000,"expA1_00001_0050_076_1_10kbp","JC",NA,"DNA","expA1_00001_0050_076_1_10kbp_random_trees.phy","expA1_00001_0050_076_1_10kbp_partitions.nex","expA1_00001_0050_076_1_10kbp_output_alignment"
"2477",77,50,1,1,10000,"expA1_00001_0050_077_1_10kbp","JC",NA,"DNA","expA1_00001_0050_077_1_10kbp_random_trees.phy","expA1_00001_0050_077_1_10kbp_partitions.nex","expA1_00001_0050_077_1_10kbp_output_alignment"
"2478",78,50,1,1,10000,"expA1_00001_0050_078_1_10kbp","JC",NA,"DNA","expA1_00001_0050_078_1_10kbp_random_trees.phy","expA1_00001_0050_078_1_10kbp_partitions.nex","expA1_00001_0050_078_1_10kbp_output_alignment"
"2479",79,50,1,1,10000,"expA1_00001_0050_079_1_10kbp","JC",NA,"DNA","expA1_00001_0050_079_1_10kbp_random_trees.phy","expA1_00001_0050_079_1_10kbp_partitions.nex","expA1_00001_0050_079_1_10kbp_output_alignment"
"2480",80,50,1,1,10000,"expA1_00001_0050_080_1_10kbp","JC",NA,"DNA","expA1_00001_0050_080_1_10kbp_random_trees.phy","expA1_00001_0050_080_1_10kbp_partitions.nex","expA1_00001_0050_080_1_10kbp_output_alignment"
"2481",81,50,1,1,10000,"expA1_00001_0050_081_1_10kbp","JC",NA,"DNA","expA1_00001_0050_081_1_10kbp_random_trees.phy","expA1_00001_0050_081_1_10kbp_partitions.nex","expA1_00001_0050_081_1_10kbp_output_alignment"
"2482",82,50,1,1,10000,"expA1_00001_0050_082_1_10kbp","JC",NA,"DNA","expA1_00001_0050_082_1_10kbp_random_trees.phy","expA1_00001_0050_082_1_10kbp_partitions.nex","expA1_00001_0050_082_1_10kbp_output_alignment"
"2483",83,50,1,1,10000,"expA1_00001_0050_083_1_10kbp","JC",NA,"DNA","expA1_00001_0050_083_1_10kbp_random_trees.phy","expA1_00001_0050_083_1_10kbp_partitions.nex","expA1_00001_0050_083_1_10kbp_output_alignment"
"2484",84,50,1,1,10000,"expA1_00001_0050_084_1_10kbp","JC",NA,"DNA","expA1_00001_0050_084_1_10kbp_random_trees.phy","expA1_00001_0050_084_1_10kbp_partitions.nex","expA1_00001_0050_084_1_10kbp_output_alignment"
"2485",85,50,1,1,10000,"expA1_00001_0050_085_1_10kbp","JC",NA,"DNA","expA1_00001_0050_085_1_10kbp_random_trees.phy","expA1_00001_0050_085_1_10kbp_partitions.nex","expA1_00001_0050_085_1_10kbp_output_alignment"
"2486",86,50,1,1,10000,"expA1_00001_0050_086_1_10kbp","JC",NA,"DNA","expA1_00001_0050_086_1_10kbp_random_trees.phy","expA1_00001_0050_086_1_10kbp_partitions.nex","expA1_00001_0050_086_1_10kbp_output_alignment"
"2487",87,50,1,1,10000,"expA1_00001_0050_087_1_10kbp","JC",NA,"DNA","expA1_00001_0050_087_1_10kbp_random_trees.phy","expA1_00001_0050_087_1_10kbp_partitions.nex","expA1_00001_0050_087_1_10kbp_output_alignment"
"2488",88,50,1,1,10000,"expA1_00001_0050_088_1_10kbp","JC",NA,"DNA","expA1_00001_0050_088_1_10kbp_random_trees.phy","expA1_00001_0050_088_1_10kbp_partitions.nex","expA1_00001_0050_088_1_10kbp_output_alignment"
"2489",89,50,1,1,10000,"expA1_00001_0050_089_1_10kbp","JC",NA,"DNA","expA1_00001_0050_089_1_10kbp_random_trees.phy","expA1_00001_0050_089_1_10kbp_partitions.nex","expA1_00001_0050_089_1_10kbp_output_alignment"
"2490",90,50,1,1,10000,"expA1_00001_0050_090_1_10kbp","JC",NA,"DNA","expA1_00001_0050_090_1_10kbp_random_trees.phy","expA1_00001_0050_090_1_10kbp_partitions.nex","expA1_00001_0050_090_1_10kbp_output_alignment"
"2491",91,50,1,1,10000,"expA1_00001_0050_091_1_10kbp","JC",NA,"DNA","expA1_00001_0050_091_1_10kbp_random_trees.phy","expA1_00001_0050_091_1_10kbp_partitions.nex","expA1_00001_0050_091_1_10kbp_output_alignment"
"2492",92,50,1,1,10000,"expA1_00001_0050_092_1_10kbp","JC",NA,"DNA","expA1_00001_0050_092_1_10kbp_random_trees.phy","expA1_00001_0050_092_1_10kbp_partitions.nex","expA1_00001_0050_092_1_10kbp_output_alignment"
"2493",93,50,1,1,10000,"expA1_00001_0050_093_1_10kbp","JC",NA,"DNA","expA1_00001_0050_093_1_10kbp_random_trees.phy","expA1_00001_0050_093_1_10kbp_partitions.nex","expA1_00001_0050_093_1_10kbp_output_alignment"
"2494",94,50,1,1,10000,"expA1_00001_0050_094_1_10kbp","JC",NA,"DNA","expA1_00001_0050_094_1_10kbp_random_trees.phy","expA1_00001_0050_094_1_10kbp_partitions.nex","expA1_00001_0050_094_1_10kbp_output_alignment"
"2495",95,50,1,1,10000,"expA1_00001_0050_095_1_10kbp","JC",NA,"DNA","expA1_00001_0050_095_1_10kbp_random_trees.phy","expA1_00001_0050_095_1_10kbp_partitions.nex","expA1_00001_0050_095_1_10kbp_output_alignment"
"2496",96,50,1,1,10000,"expA1_00001_0050_096_1_10kbp","JC",NA,"DNA","expA1_00001_0050_096_1_10kbp_random_trees.phy","expA1_00001_0050_096_1_10kbp_partitions.nex","expA1_00001_0050_096_1_10kbp_output_alignment"
"2497",97,50,1,1,10000,"expA1_00001_0050_097_1_10kbp","JC",NA,"DNA","expA1_00001_0050_097_1_10kbp_random_trees.phy","expA1_00001_0050_097_1_10kbp_partitions.nex","expA1_00001_0050_097_1_10kbp_output_alignment"
"2498",98,50,1,1,10000,"expA1_00001_0050_098_1_10kbp","JC",NA,"DNA","expA1_00001_0050_098_1_10kbp_random_trees.phy","expA1_00001_0050_098_1_10kbp_partitions.nex","expA1_00001_0050_098_1_10kbp_output_alignment"
"2499",99,50,1,1,10000,"expA1_00001_0050_099_1_10kbp","JC",NA,"DNA","expA1_00001_0050_099_1_10kbp_random_trees.phy","expA1_00001_0050_099_1_10kbp_partitions.nex","expA1_00001_0050_099_1_10kbp_output_alignment"
"2500",100,50,1,1,10000,"expA1_00001_0050_100_1_10kbp","JC",NA,"DNA","expA1_00001_0050_100_1_10kbp_random_trees.phy","expA1_00001_0050_100_1_10kbp_partitions.nex","expA1_00001_0050_100_1_10kbp_output_alignment"
"2501",1,60,1,1,10000,"expA1_00001_0060_001_1_10kbp","JC",NA,"DNA","expA1_00001_0060_001_1_10kbp_random_trees.phy","expA1_00001_0060_001_1_10kbp_partitions.nex","expA1_00001_0060_001_1_10kbp_output_alignment"
"2502",2,60,1,1,10000,"expA1_00001_0060_002_1_10kbp","JC",NA,"DNA","expA1_00001_0060_002_1_10kbp_random_trees.phy","expA1_00001_0060_002_1_10kbp_partitions.nex","expA1_00001_0060_002_1_10kbp_output_alignment"
"2503",3,60,1,1,10000,"expA1_00001_0060_003_1_10kbp","JC",NA,"DNA","expA1_00001_0060_003_1_10kbp_random_trees.phy","expA1_00001_0060_003_1_10kbp_partitions.nex","expA1_00001_0060_003_1_10kbp_output_alignment"
"2504",4,60,1,1,10000,"expA1_00001_0060_004_1_10kbp","JC",NA,"DNA","expA1_00001_0060_004_1_10kbp_random_trees.phy","expA1_00001_0060_004_1_10kbp_partitions.nex","expA1_00001_0060_004_1_10kbp_output_alignment"
"2505",5,60,1,1,10000,"expA1_00001_0060_005_1_10kbp","JC",NA,"DNA","expA1_00001_0060_005_1_10kbp_random_trees.phy","expA1_00001_0060_005_1_10kbp_partitions.nex","expA1_00001_0060_005_1_10kbp_output_alignment"
"2506",6,60,1,1,10000,"expA1_00001_0060_006_1_10kbp","JC",NA,"DNA","expA1_00001_0060_006_1_10kbp_random_trees.phy","expA1_00001_0060_006_1_10kbp_partitions.nex","expA1_00001_0060_006_1_10kbp_output_alignment"
"2507",7,60,1,1,10000,"expA1_00001_0060_007_1_10kbp","JC",NA,"DNA","expA1_00001_0060_007_1_10kbp_random_trees.phy","expA1_00001_0060_007_1_10kbp_partitions.nex","expA1_00001_0060_007_1_10kbp_output_alignment"
"2508",8,60,1,1,10000,"expA1_00001_0060_008_1_10kbp","JC",NA,"DNA","expA1_00001_0060_008_1_10kbp_random_trees.phy","expA1_00001_0060_008_1_10kbp_partitions.nex","expA1_00001_0060_008_1_10kbp_output_alignment"
"2509",9,60,1,1,10000,"expA1_00001_0060_009_1_10kbp","JC",NA,"DNA","expA1_00001_0060_009_1_10kbp_random_trees.phy","expA1_00001_0060_009_1_10kbp_partitions.nex","expA1_00001_0060_009_1_10kbp_output_alignment"
"2510",10,60,1,1,10000,"expA1_00001_0060_010_1_10kbp","JC",NA,"DNA","expA1_00001_0060_010_1_10kbp_random_trees.phy","expA1_00001_0060_010_1_10kbp_partitions.nex","expA1_00001_0060_010_1_10kbp_output_alignment"
"2511",11,60,1,1,10000,"expA1_00001_0060_011_1_10kbp","JC",NA,"DNA","expA1_00001_0060_011_1_10kbp_random_trees.phy","expA1_00001_0060_011_1_10kbp_partitions.nex","expA1_00001_0060_011_1_10kbp_output_alignment"
"2512",12,60,1,1,10000,"expA1_00001_0060_012_1_10kbp","JC",NA,"DNA","expA1_00001_0060_012_1_10kbp_random_trees.phy","expA1_00001_0060_012_1_10kbp_partitions.nex","expA1_00001_0060_012_1_10kbp_output_alignment"
"2513",13,60,1,1,10000,"expA1_00001_0060_013_1_10kbp","JC",NA,"DNA","expA1_00001_0060_013_1_10kbp_random_trees.phy","expA1_00001_0060_013_1_10kbp_partitions.nex","expA1_00001_0060_013_1_10kbp_output_alignment"
"2514",14,60,1,1,10000,"expA1_00001_0060_014_1_10kbp","JC",NA,"DNA","expA1_00001_0060_014_1_10kbp_random_trees.phy","expA1_00001_0060_014_1_10kbp_partitions.nex","expA1_00001_0060_014_1_10kbp_output_alignment"
"2515",15,60,1,1,10000,"expA1_00001_0060_015_1_10kbp","JC",NA,"DNA","expA1_00001_0060_015_1_10kbp_random_trees.phy","expA1_00001_0060_015_1_10kbp_partitions.nex","expA1_00001_0060_015_1_10kbp_output_alignment"
"2516",16,60,1,1,10000,"expA1_00001_0060_016_1_10kbp","JC",NA,"DNA","expA1_00001_0060_016_1_10kbp_random_trees.phy","expA1_00001_0060_016_1_10kbp_partitions.nex","expA1_00001_0060_016_1_10kbp_output_alignment"
"2517",17,60,1,1,10000,"expA1_00001_0060_017_1_10kbp","JC",NA,"DNA","expA1_00001_0060_017_1_10kbp_random_trees.phy","expA1_00001_0060_017_1_10kbp_partitions.nex","expA1_00001_0060_017_1_10kbp_output_alignment"
"2518",18,60,1,1,10000,"expA1_00001_0060_018_1_10kbp","JC",NA,"DNA","expA1_00001_0060_018_1_10kbp_random_trees.phy","expA1_00001_0060_018_1_10kbp_partitions.nex","expA1_00001_0060_018_1_10kbp_output_alignment"
"2519",19,60,1,1,10000,"expA1_00001_0060_019_1_10kbp","JC",NA,"DNA","expA1_00001_0060_019_1_10kbp_random_trees.phy","expA1_00001_0060_019_1_10kbp_partitions.nex","expA1_00001_0060_019_1_10kbp_output_alignment"
"2520",20,60,1,1,10000,"expA1_00001_0060_020_1_10kbp","JC",NA,"DNA","expA1_00001_0060_020_1_10kbp_random_trees.phy","expA1_00001_0060_020_1_10kbp_partitions.nex","expA1_00001_0060_020_1_10kbp_output_alignment"
"2521",21,60,1,1,10000,"expA1_00001_0060_021_1_10kbp","JC",NA,"DNA","expA1_00001_0060_021_1_10kbp_random_trees.phy","expA1_00001_0060_021_1_10kbp_partitions.nex","expA1_00001_0060_021_1_10kbp_output_alignment"
"2522",22,60,1,1,10000,"expA1_00001_0060_022_1_10kbp","JC",NA,"DNA","expA1_00001_0060_022_1_10kbp_random_trees.phy","expA1_00001_0060_022_1_10kbp_partitions.nex","expA1_00001_0060_022_1_10kbp_output_alignment"
"2523",23,60,1,1,10000,"expA1_00001_0060_023_1_10kbp","JC",NA,"DNA","expA1_00001_0060_023_1_10kbp_random_trees.phy","expA1_00001_0060_023_1_10kbp_partitions.nex","expA1_00001_0060_023_1_10kbp_output_alignment"
"2524",24,60,1,1,10000,"expA1_00001_0060_024_1_10kbp","JC",NA,"DNA","expA1_00001_0060_024_1_10kbp_random_trees.phy","expA1_00001_0060_024_1_10kbp_partitions.nex","expA1_00001_0060_024_1_10kbp_output_alignment"
"2525",25,60,1,1,10000,"expA1_00001_0060_025_1_10kbp","JC",NA,"DNA","expA1_00001_0060_025_1_10kbp_random_trees.phy","expA1_00001_0060_025_1_10kbp_partitions.nex","expA1_00001_0060_025_1_10kbp_output_alignment"
"2526",26,60,1,1,10000,"expA1_00001_0060_026_1_10kbp","JC",NA,"DNA","expA1_00001_0060_026_1_10kbp_random_trees.phy","expA1_00001_0060_026_1_10kbp_partitions.nex","expA1_00001_0060_026_1_10kbp_output_alignment"
"2527",27,60,1,1,10000,"expA1_00001_0060_027_1_10kbp","JC",NA,"DNA","expA1_00001_0060_027_1_10kbp_random_trees.phy","expA1_00001_0060_027_1_10kbp_partitions.nex","expA1_00001_0060_027_1_10kbp_output_alignment"
"2528",28,60,1,1,10000,"expA1_00001_0060_028_1_10kbp","JC",NA,"DNA","expA1_00001_0060_028_1_10kbp_random_trees.phy","expA1_00001_0060_028_1_10kbp_partitions.nex","expA1_00001_0060_028_1_10kbp_output_alignment"
"2529",29,60,1,1,10000,"expA1_00001_0060_029_1_10kbp","JC",NA,"DNA","expA1_00001_0060_029_1_10kbp_random_trees.phy","expA1_00001_0060_029_1_10kbp_partitions.nex","expA1_00001_0060_029_1_10kbp_output_alignment"
"2530",30,60,1,1,10000,"expA1_00001_0060_030_1_10kbp","JC",NA,"DNA","expA1_00001_0060_030_1_10kbp_random_trees.phy","expA1_00001_0060_030_1_10kbp_partitions.nex","expA1_00001_0060_030_1_10kbp_output_alignment"
"2531",31,60,1,1,10000,"expA1_00001_0060_031_1_10kbp","JC",NA,"DNA","expA1_00001_0060_031_1_10kbp_random_trees.phy","expA1_00001_0060_031_1_10kbp_partitions.nex","expA1_00001_0060_031_1_10kbp_output_alignment"
"2532",32,60,1,1,10000,"expA1_00001_0060_032_1_10kbp","JC",NA,"DNA","expA1_00001_0060_032_1_10kbp_random_trees.phy","expA1_00001_0060_032_1_10kbp_partitions.nex","expA1_00001_0060_032_1_10kbp_output_alignment"
"2533",33,60,1,1,10000,"expA1_00001_0060_033_1_10kbp","JC",NA,"DNA","expA1_00001_0060_033_1_10kbp_random_trees.phy","expA1_00001_0060_033_1_10kbp_partitions.nex","expA1_00001_0060_033_1_10kbp_output_alignment"
"2534",34,60,1,1,10000,"expA1_00001_0060_034_1_10kbp","JC",NA,"DNA","expA1_00001_0060_034_1_10kbp_random_trees.phy","expA1_00001_0060_034_1_10kbp_partitions.nex","expA1_00001_0060_034_1_10kbp_output_alignment"
"2535",35,60,1,1,10000,"expA1_00001_0060_035_1_10kbp","JC",NA,"DNA","expA1_00001_0060_035_1_10kbp_random_trees.phy","expA1_00001_0060_035_1_10kbp_partitions.nex","expA1_00001_0060_035_1_10kbp_output_alignment"
"2536",36,60,1,1,10000,"expA1_00001_0060_036_1_10kbp","JC",NA,"DNA","expA1_00001_0060_036_1_10kbp_random_trees.phy","expA1_00001_0060_036_1_10kbp_partitions.nex","expA1_00001_0060_036_1_10kbp_output_alignment"
"2537",37,60,1,1,10000,"expA1_00001_0060_037_1_10kbp","JC",NA,"DNA","expA1_00001_0060_037_1_10kbp_random_trees.phy","expA1_00001_0060_037_1_10kbp_partitions.nex","expA1_00001_0060_037_1_10kbp_output_alignment"
"2538",38,60,1,1,10000,"expA1_00001_0060_038_1_10kbp","JC",NA,"DNA","expA1_00001_0060_038_1_10kbp_random_trees.phy","expA1_00001_0060_038_1_10kbp_partitions.nex","expA1_00001_0060_038_1_10kbp_output_alignment"
"2539",39,60,1,1,10000,"expA1_00001_0060_039_1_10kbp","JC",NA,"DNA","expA1_00001_0060_039_1_10kbp_random_trees.phy","expA1_00001_0060_039_1_10kbp_partitions.nex","expA1_00001_0060_039_1_10kbp_output_alignment"
"2540",40,60,1,1,10000,"expA1_00001_0060_040_1_10kbp","JC",NA,"DNA","expA1_00001_0060_040_1_10kbp_random_trees.phy","expA1_00001_0060_040_1_10kbp_partitions.nex","expA1_00001_0060_040_1_10kbp_output_alignment"
"2541",41,60,1,1,10000,"expA1_00001_0060_041_1_10kbp","JC",NA,"DNA","expA1_00001_0060_041_1_10kbp_random_trees.phy","expA1_00001_0060_041_1_10kbp_partitions.nex","expA1_00001_0060_041_1_10kbp_output_alignment"
"2542",42,60,1,1,10000,"expA1_00001_0060_042_1_10kbp","JC",NA,"DNA","expA1_00001_0060_042_1_10kbp_random_trees.phy","expA1_00001_0060_042_1_10kbp_partitions.nex","expA1_00001_0060_042_1_10kbp_output_alignment"
"2543",43,60,1,1,10000,"expA1_00001_0060_043_1_10kbp","JC",NA,"DNA","expA1_00001_0060_043_1_10kbp_random_trees.phy","expA1_00001_0060_043_1_10kbp_partitions.nex","expA1_00001_0060_043_1_10kbp_output_alignment"
"2544",44,60,1,1,10000,"expA1_00001_0060_044_1_10kbp","JC",NA,"DNA","expA1_00001_0060_044_1_10kbp_random_trees.phy","expA1_00001_0060_044_1_10kbp_partitions.nex","expA1_00001_0060_044_1_10kbp_output_alignment"
"2545",45,60,1,1,10000,"expA1_00001_0060_045_1_10kbp","JC",NA,"DNA","expA1_00001_0060_045_1_10kbp_random_trees.phy","expA1_00001_0060_045_1_10kbp_partitions.nex","expA1_00001_0060_045_1_10kbp_output_alignment"
"2546",46,60,1,1,10000,"expA1_00001_0060_046_1_10kbp","JC",NA,"DNA","expA1_00001_0060_046_1_10kbp_random_trees.phy","expA1_00001_0060_046_1_10kbp_partitions.nex","expA1_00001_0060_046_1_10kbp_output_alignment"
"2547",47,60,1,1,10000,"expA1_00001_0060_047_1_10kbp","JC",NA,"DNA","expA1_00001_0060_047_1_10kbp_random_trees.phy","expA1_00001_0060_047_1_10kbp_partitions.nex","expA1_00001_0060_047_1_10kbp_output_alignment"
"2548",48,60,1,1,10000,"expA1_00001_0060_048_1_10kbp","JC",NA,"DNA","expA1_00001_0060_048_1_10kbp_random_trees.phy","expA1_00001_0060_048_1_10kbp_partitions.nex","expA1_00001_0060_048_1_10kbp_output_alignment"
"2549",49,60,1,1,10000,"expA1_00001_0060_049_1_10kbp","JC",NA,"DNA","expA1_00001_0060_049_1_10kbp_random_trees.phy","expA1_00001_0060_049_1_10kbp_partitions.nex","expA1_00001_0060_049_1_10kbp_output_alignment"
"2550",50,60,1,1,10000,"expA1_00001_0060_050_1_10kbp","JC",NA,"DNA","expA1_00001_0060_050_1_10kbp_random_trees.phy","expA1_00001_0060_050_1_10kbp_partitions.nex","expA1_00001_0060_050_1_10kbp_output_alignment"
"2551",51,60,1,1,10000,"expA1_00001_0060_051_1_10kbp","JC",NA,"DNA","expA1_00001_0060_051_1_10kbp_random_trees.phy","expA1_00001_0060_051_1_10kbp_partitions.nex","expA1_00001_0060_051_1_10kbp_output_alignment"
"2552",52,60,1,1,10000,"expA1_00001_0060_052_1_10kbp","JC",NA,"DNA","expA1_00001_0060_052_1_10kbp_random_trees.phy","expA1_00001_0060_052_1_10kbp_partitions.nex","expA1_00001_0060_052_1_10kbp_output_alignment"
"2553",53,60,1,1,10000,"expA1_00001_0060_053_1_10kbp","JC",NA,"DNA","expA1_00001_0060_053_1_10kbp_random_trees.phy","expA1_00001_0060_053_1_10kbp_partitions.nex","expA1_00001_0060_053_1_10kbp_output_alignment"
"2554",54,60,1,1,10000,"expA1_00001_0060_054_1_10kbp","JC",NA,"DNA","expA1_00001_0060_054_1_10kbp_random_trees.phy","expA1_00001_0060_054_1_10kbp_partitions.nex","expA1_00001_0060_054_1_10kbp_output_alignment"
"2555",55,60,1,1,10000,"expA1_00001_0060_055_1_10kbp","JC",NA,"DNA","expA1_00001_0060_055_1_10kbp_random_trees.phy","expA1_00001_0060_055_1_10kbp_partitions.nex","expA1_00001_0060_055_1_10kbp_output_alignment"
"2556",56,60,1,1,10000,"expA1_00001_0060_056_1_10kbp","JC",NA,"DNA","expA1_00001_0060_056_1_10kbp_random_trees.phy","expA1_00001_0060_056_1_10kbp_partitions.nex","expA1_00001_0060_056_1_10kbp_output_alignment"
"2557",57,60,1,1,10000,"expA1_00001_0060_057_1_10kbp","JC",NA,"DNA","expA1_00001_0060_057_1_10kbp_random_trees.phy","expA1_00001_0060_057_1_10kbp_partitions.nex","expA1_00001_0060_057_1_10kbp_output_alignment"
"2558",58,60,1,1,10000,"expA1_00001_0060_058_1_10kbp","JC",NA,"DNA","expA1_00001_0060_058_1_10kbp_random_trees.phy","expA1_00001_0060_058_1_10kbp_partitions.nex","expA1_00001_0060_058_1_10kbp_output_alignment"
"2559",59,60,1,1,10000,"expA1_00001_0060_059_1_10kbp","JC",NA,"DNA","expA1_00001_0060_059_1_10kbp_random_trees.phy","expA1_00001_0060_059_1_10kbp_partitions.nex","expA1_00001_0060_059_1_10kbp_output_alignment"
"2560",60,60,1,1,10000,"expA1_00001_0060_060_1_10kbp","JC",NA,"DNA","expA1_00001_0060_060_1_10kbp_random_trees.phy","expA1_00001_0060_060_1_10kbp_partitions.nex","expA1_00001_0060_060_1_10kbp_output_alignment"
"2561",61,60,1,1,10000,"expA1_00001_0060_061_1_10kbp","JC",NA,"DNA","expA1_00001_0060_061_1_10kbp_random_trees.phy","expA1_00001_0060_061_1_10kbp_partitions.nex","expA1_00001_0060_061_1_10kbp_output_alignment"
"2562",62,60,1,1,10000,"expA1_00001_0060_062_1_10kbp","JC",NA,"DNA","expA1_00001_0060_062_1_10kbp_random_trees.phy","expA1_00001_0060_062_1_10kbp_partitions.nex","expA1_00001_0060_062_1_10kbp_output_alignment"
"2563",63,60,1,1,10000,"expA1_00001_0060_063_1_10kbp","JC",NA,"DNA","expA1_00001_0060_063_1_10kbp_random_trees.phy","expA1_00001_0060_063_1_10kbp_partitions.nex","expA1_00001_0060_063_1_10kbp_output_alignment"
"2564",64,60,1,1,10000,"expA1_00001_0060_064_1_10kbp","JC",NA,"DNA","expA1_00001_0060_064_1_10kbp_random_trees.phy","expA1_00001_0060_064_1_10kbp_partitions.nex","expA1_00001_0060_064_1_10kbp_output_alignment"
"2565",65,60,1,1,10000,"expA1_00001_0060_065_1_10kbp","JC",NA,"DNA","expA1_00001_0060_065_1_10kbp_random_trees.phy","expA1_00001_0060_065_1_10kbp_partitions.nex","expA1_00001_0060_065_1_10kbp_output_alignment"
"2566",66,60,1,1,10000,"expA1_00001_0060_066_1_10kbp","JC",NA,"DNA","expA1_00001_0060_066_1_10kbp_random_trees.phy","expA1_00001_0060_066_1_10kbp_partitions.nex","expA1_00001_0060_066_1_10kbp_output_alignment"
"2567",67,60,1,1,10000,"expA1_00001_0060_067_1_10kbp","JC",NA,"DNA","expA1_00001_0060_067_1_10kbp_random_trees.phy","expA1_00001_0060_067_1_10kbp_partitions.nex","expA1_00001_0060_067_1_10kbp_output_alignment"
"2568",68,60,1,1,10000,"expA1_00001_0060_068_1_10kbp","JC",NA,"DNA","expA1_00001_0060_068_1_10kbp_random_trees.phy","expA1_00001_0060_068_1_10kbp_partitions.nex","expA1_00001_0060_068_1_10kbp_output_alignment"
"2569",69,60,1,1,10000,"expA1_00001_0060_069_1_10kbp","JC",NA,"DNA","expA1_00001_0060_069_1_10kbp_random_trees.phy","expA1_00001_0060_069_1_10kbp_partitions.nex","expA1_00001_0060_069_1_10kbp_output_alignment"
"2570",70,60,1,1,10000,"expA1_00001_0060_070_1_10kbp","JC",NA,"DNA","expA1_00001_0060_070_1_10kbp_random_trees.phy","expA1_00001_0060_070_1_10kbp_partitions.nex","expA1_00001_0060_070_1_10kbp_output_alignment"
"2571",71,60,1,1,10000,"expA1_00001_0060_071_1_10kbp","JC",NA,"DNA","expA1_00001_0060_071_1_10kbp_random_trees.phy","expA1_00001_0060_071_1_10kbp_partitions.nex","expA1_00001_0060_071_1_10kbp_output_alignment"
"2572",72,60,1,1,10000,"expA1_00001_0060_072_1_10kbp","JC",NA,"DNA","expA1_00001_0060_072_1_10kbp_random_trees.phy","expA1_00001_0060_072_1_10kbp_partitions.nex","expA1_00001_0060_072_1_10kbp_output_alignment"
"2573",73,60,1,1,10000,"expA1_00001_0060_073_1_10kbp","JC",NA,"DNA","expA1_00001_0060_073_1_10kbp_random_trees.phy","expA1_00001_0060_073_1_10kbp_partitions.nex","expA1_00001_0060_073_1_10kbp_output_alignment"
"2574",74,60,1,1,10000,"expA1_00001_0060_074_1_10kbp","JC",NA,"DNA","expA1_00001_0060_074_1_10kbp_random_trees.phy","expA1_00001_0060_074_1_10kbp_partitions.nex","expA1_00001_0060_074_1_10kbp_output_alignment"
"2575",75,60,1,1,10000,"expA1_00001_0060_075_1_10kbp","JC",NA,"DNA","expA1_00001_0060_075_1_10kbp_random_trees.phy","expA1_00001_0060_075_1_10kbp_partitions.nex","expA1_00001_0060_075_1_10kbp_output_alignment"
"2576",76,60,1,1,10000,"expA1_00001_0060_076_1_10kbp","JC",NA,"DNA","expA1_00001_0060_076_1_10kbp_random_trees.phy","expA1_00001_0060_076_1_10kbp_partitions.nex","expA1_00001_0060_076_1_10kbp_output_alignment"
"2577",77,60,1,1,10000,"expA1_00001_0060_077_1_10kbp","JC",NA,"DNA","expA1_00001_0060_077_1_10kbp_random_trees.phy","expA1_00001_0060_077_1_10kbp_partitions.nex","expA1_00001_0060_077_1_10kbp_output_alignment"
"2578",78,60,1,1,10000,"expA1_00001_0060_078_1_10kbp","JC",NA,"DNA","expA1_00001_0060_078_1_10kbp_random_trees.phy","expA1_00001_0060_078_1_10kbp_partitions.nex","expA1_00001_0060_078_1_10kbp_output_alignment"
"2579",79,60,1,1,10000,"expA1_00001_0060_079_1_10kbp","JC",NA,"DNA","expA1_00001_0060_079_1_10kbp_random_trees.phy","expA1_00001_0060_079_1_10kbp_partitions.nex","expA1_00001_0060_079_1_10kbp_output_alignment"
"2580",80,60,1,1,10000,"expA1_00001_0060_080_1_10kbp","JC",NA,"DNA","expA1_00001_0060_080_1_10kbp_random_trees.phy","expA1_00001_0060_080_1_10kbp_partitions.nex","expA1_00001_0060_080_1_10kbp_output_alignment"
"2581",81,60,1,1,10000,"expA1_00001_0060_081_1_10kbp","JC",NA,"DNA","expA1_00001_0060_081_1_10kbp_random_trees.phy","expA1_00001_0060_081_1_10kbp_partitions.nex","expA1_00001_0060_081_1_10kbp_output_alignment"
"2582",82,60,1,1,10000,"expA1_00001_0060_082_1_10kbp","JC",NA,"DNA","expA1_00001_0060_082_1_10kbp_random_trees.phy","expA1_00001_0060_082_1_10kbp_partitions.nex","expA1_00001_0060_082_1_10kbp_output_alignment"
"2583",83,60,1,1,10000,"expA1_00001_0060_083_1_10kbp","JC",NA,"DNA","expA1_00001_0060_083_1_10kbp_random_trees.phy","expA1_00001_0060_083_1_10kbp_partitions.nex","expA1_00001_0060_083_1_10kbp_output_alignment"
"2584",84,60,1,1,10000,"expA1_00001_0060_084_1_10kbp","JC",NA,"DNA","expA1_00001_0060_084_1_10kbp_random_trees.phy","expA1_00001_0060_084_1_10kbp_partitions.nex","expA1_00001_0060_084_1_10kbp_output_alignment"
"2585",85,60,1,1,10000,"expA1_00001_0060_085_1_10kbp","JC",NA,"DNA","expA1_00001_0060_085_1_10kbp_random_trees.phy","expA1_00001_0060_085_1_10kbp_partitions.nex","expA1_00001_0060_085_1_10kbp_output_alignment"
"2586",86,60,1,1,10000,"expA1_00001_0060_086_1_10kbp","JC",NA,"DNA","expA1_00001_0060_086_1_10kbp_random_trees.phy","expA1_00001_0060_086_1_10kbp_partitions.nex","expA1_00001_0060_086_1_10kbp_output_alignment"
"2587",87,60,1,1,10000,"expA1_00001_0060_087_1_10kbp","JC",NA,"DNA","expA1_00001_0060_087_1_10kbp_random_trees.phy","expA1_00001_0060_087_1_10kbp_partitions.nex","expA1_00001_0060_087_1_10kbp_output_alignment"
"2588",88,60,1,1,10000,"expA1_00001_0060_088_1_10kbp","JC",NA,"DNA","expA1_00001_0060_088_1_10kbp_random_trees.phy","expA1_00001_0060_088_1_10kbp_partitions.nex","expA1_00001_0060_088_1_10kbp_output_alignment"
"2589",89,60,1,1,10000,"expA1_00001_0060_089_1_10kbp","JC",NA,"DNA","expA1_00001_0060_089_1_10kbp_random_trees.phy","expA1_00001_0060_089_1_10kbp_partitions.nex","expA1_00001_0060_089_1_10kbp_output_alignment"
"2590",90,60,1,1,10000,"expA1_00001_0060_090_1_10kbp","JC",NA,"DNA","expA1_00001_0060_090_1_10kbp_random_trees.phy","expA1_00001_0060_090_1_10kbp_partitions.nex","expA1_00001_0060_090_1_10kbp_output_alignment"
"2591",91,60,1,1,10000,"expA1_00001_0060_091_1_10kbp","JC",NA,"DNA","expA1_00001_0060_091_1_10kbp_random_trees.phy","expA1_00001_0060_091_1_10kbp_partitions.nex","expA1_00001_0060_091_1_10kbp_output_alignment"
"2592",92,60,1,1,10000,"expA1_00001_0060_092_1_10kbp","JC",NA,"DNA","expA1_00001_0060_092_1_10kbp_random_trees.phy","expA1_00001_0060_092_1_10kbp_partitions.nex","expA1_00001_0060_092_1_10kbp_output_alignment"
"2593",93,60,1,1,10000,"expA1_00001_0060_093_1_10kbp","JC",NA,"DNA","expA1_00001_0060_093_1_10kbp_random_trees.phy","expA1_00001_0060_093_1_10kbp_partitions.nex","expA1_00001_0060_093_1_10kbp_output_alignment"
"2594",94,60,1,1,10000,"expA1_00001_0060_094_1_10kbp","JC",NA,"DNA","expA1_00001_0060_094_1_10kbp_random_trees.phy","expA1_00001_0060_094_1_10kbp_partitions.nex","expA1_00001_0060_094_1_10kbp_output_alignment"
"2595",95,60,1,1,10000,"expA1_00001_0060_095_1_10kbp","JC",NA,"DNA","expA1_00001_0060_095_1_10kbp_random_trees.phy","expA1_00001_0060_095_1_10kbp_partitions.nex","expA1_00001_0060_095_1_10kbp_output_alignment"
"2596",96,60,1,1,10000,"expA1_00001_0060_096_1_10kbp","JC",NA,"DNA","expA1_00001_0060_096_1_10kbp_random_trees.phy","expA1_00001_0060_096_1_10kbp_partitions.nex","expA1_00001_0060_096_1_10kbp_output_alignment"
"2597",97,60,1,1,10000,"expA1_00001_0060_097_1_10kbp","JC",NA,"DNA","expA1_00001_0060_097_1_10kbp_random_trees.phy","expA1_00001_0060_097_1_10kbp_partitions.nex","expA1_00001_0060_097_1_10kbp_output_alignment"
"2598",98,60,1,1,10000,"expA1_00001_0060_098_1_10kbp","JC",NA,"DNA","expA1_00001_0060_098_1_10kbp_random_trees.phy","expA1_00001_0060_098_1_10kbp_partitions.nex","expA1_00001_0060_098_1_10kbp_output_alignment"
"2599",99,60,1,1,10000,"expA1_00001_0060_099_1_10kbp","JC",NA,"DNA","expA1_00001_0060_099_1_10kbp_random_trees.phy","expA1_00001_0060_099_1_10kbp_partitions.nex","expA1_00001_0060_099_1_10kbp_output_alignment"
"2600",100,60,1,1,10000,"expA1_00001_0060_100_1_10kbp","JC",NA,"DNA","expA1_00001_0060_100_1_10kbp_random_trees.phy","expA1_00001_0060_100_1_10kbp_partitions.nex","expA1_00001_0060_100_1_10kbp_output_alignment"
"2601",1,70,1,1,10000,"expA1_00001_0070_001_1_10kbp","JC",NA,"DNA","expA1_00001_0070_001_1_10kbp_random_trees.phy","expA1_00001_0070_001_1_10kbp_partitions.nex","expA1_00001_0070_001_1_10kbp_output_alignment"
"2602",2,70,1,1,10000,"expA1_00001_0070_002_1_10kbp","JC",NA,"DNA","expA1_00001_0070_002_1_10kbp_random_trees.phy","expA1_00001_0070_002_1_10kbp_partitions.nex","expA1_00001_0070_002_1_10kbp_output_alignment"
"2603",3,70,1,1,10000,"expA1_00001_0070_003_1_10kbp","JC",NA,"DNA","expA1_00001_0070_003_1_10kbp_random_trees.phy","expA1_00001_0070_003_1_10kbp_partitions.nex","expA1_00001_0070_003_1_10kbp_output_alignment"
"2604",4,70,1,1,10000,"expA1_00001_0070_004_1_10kbp","JC",NA,"DNA","expA1_00001_0070_004_1_10kbp_random_trees.phy","expA1_00001_0070_004_1_10kbp_partitions.nex","expA1_00001_0070_004_1_10kbp_output_alignment"
"2605",5,70,1,1,10000,"expA1_00001_0070_005_1_10kbp","JC",NA,"DNA","expA1_00001_0070_005_1_10kbp_random_trees.phy","expA1_00001_0070_005_1_10kbp_partitions.nex","expA1_00001_0070_005_1_10kbp_output_alignment"
"2606",6,70,1,1,10000,"expA1_00001_0070_006_1_10kbp","JC",NA,"DNA","expA1_00001_0070_006_1_10kbp_random_trees.phy","expA1_00001_0070_006_1_10kbp_partitions.nex","expA1_00001_0070_006_1_10kbp_output_alignment"
"2607",7,70,1,1,10000,"expA1_00001_0070_007_1_10kbp","JC",NA,"DNA","expA1_00001_0070_007_1_10kbp_random_trees.phy","expA1_00001_0070_007_1_10kbp_partitions.nex","expA1_00001_0070_007_1_10kbp_output_alignment"
"2608",8,70,1,1,10000,"expA1_00001_0070_008_1_10kbp","JC",NA,"DNA","expA1_00001_0070_008_1_10kbp_random_trees.phy","expA1_00001_0070_008_1_10kbp_partitions.nex","expA1_00001_0070_008_1_10kbp_output_alignment"
"2609",9,70,1,1,10000,"expA1_00001_0070_009_1_10kbp","JC",NA,"DNA","expA1_00001_0070_009_1_10kbp_random_trees.phy","expA1_00001_0070_009_1_10kbp_partitions.nex","expA1_00001_0070_009_1_10kbp_output_alignment"
"2610",10,70,1,1,10000,"expA1_00001_0070_010_1_10kbp","JC",NA,"DNA","expA1_00001_0070_010_1_10kbp_random_trees.phy","expA1_00001_0070_010_1_10kbp_partitions.nex","expA1_00001_0070_010_1_10kbp_output_alignment"
"2611",11,70,1,1,10000,"expA1_00001_0070_011_1_10kbp","JC",NA,"DNA","expA1_00001_0070_011_1_10kbp_random_trees.phy","expA1_00001_0070_011_1_10kbp_partitions.nex","expA1_00001_0070_011_1_10kbp_output_alignment"
"2612",12,70,1,1,10000,"expA1_00001_0070_012_1_10kbp","JC",NA,"DNA","expA1_00001_0070_012_1_10kbp_random_trees.phy","expA1_00001_0070_012_1_10kbp_partitions.nex","expA1_00001_0070_012_1_10kbp_output_alignment"
"2613",13,70,1,1,10000,"expA1_00001_0070_013_1_10kbp","JC",NA,"DNA","expA1_00001_0070_013_1_10kbp_random_trees.phy","expA1_00001_0070_013_1_10kbp_partitions.nex","expA1_00001_0070_013_1_10kbp_output_alignment"
"2614",14,70,1,1,10000,"expA1_00001_0070_014_1_10kbp","JC",NA,"DNA","expA1_00001_0070_014_1_10kbp_random_trees.phy","expA1_00001_0070_014_1_10kbp_partitions.nex","expA1_00001_0070_014_1_10kbp_output_alignment"
"2615",15,70,1,1,10000,"expA1_00001_0070_015_1_10kbp","JC",NA,"DNA","expA1_00001_0070_015_1_10kbp_random_trees.phy","expA1_00001_0070_015_1_10kbp_partitions.nex","expA1_00001_0070_015_1_10kbp_output_alignment"
"2616",16,70,1,1,10000,"expA1_00001_0070_016_1_10kbp","JC",NA,"DNA","expA1_00001_0070_016_1_10kbp_random_trees.phy","expA1_00001_0070_016_1_10kbp_partitions.nex","expA1_00001_0070_016_1_10kbp_output_alignment"
"2617",17,70,1,1,10000,"expA1_00001_0070_017_1_10kbp","JC",NA,"DNA","expA1_00001_0070_017_1_10kbp_random_trees.phy","expA1_00001_0070_017_1_10kbp_partitions.nex","expA1_00001_0070_017_1_10kbp_output_alignment"
"2618",18,70,1,1,10000,"expA1_00001_0070_018_1_10kbp","JC",NA,"DNA","expA1_00001_0070_018_1_10kbp_random_trees.phy","expA1_00001_0070_018_1_10kbp_partitions.nex","expA1_00001_0070_018_1_10kbp_output_alignment"
"2619",19,70,1,1,10000,"expA1_00001_0070_019_1_10kbp","JC",NA,"DNA","expA1_00001_0070_019_1_10kbp_random_trees.phy","expA1_00001_0070_019_1_10kbp_partitions.nex","expA1_00001_0070_019_1_10kbp_output_alignment"
"2620",20,70,1,1,10000,"expA1_00001_0070_020_1_10kbp","JC",NA,"DNA","expA1_00001_0070_020_1_10kbp_random_trees.phy","expA1_00001_0070_020_1_10kbp_partitions.nex","expA1_00001_0070_020_1_10kbp_output_alignment"
"2621",21,70,1,1,10000,"expA1_00001_0070_021_1_10kbp","JC",NA,"DNA","expA1_00001_0070_021_1_10kbp_random_trees.phy","expA1_00001_0070_021_1_10kbp_partitions.nex","expA1_00001_0070_021_1_10kbp_output_alignment"
"2622",22,70,1,1,10000,"expA1_00001_0070_022_1_10kbp","JC",NA,"DNA","expA1_00001_0070_022_1_10kbp_random_trees.phy","expA1_00001_0070_022_1_10kbp_partitions.nex","expA1_00001_0070_022_1_10kbp_output_alignment"
"2623",23,70,1,1,10000,"expA1_00001_0070_023_1_10kbp","JC",NA,"DNA","expA1_00001_0070_023_1_10kbp_random_trees.phy","expA1_00001_0070_023_1_10kbp_partitions.nex","expA1_00001_0070_023_1_10kbp_output_alignment"
"2624",24,70,1,1,10000,"expA1_00001_0070_024_1_10kbp","JC",NA,"DNA","expA1_00001_0070_024_1_10kbp_random_trees.phy","expA1_00001_0070_024_1_10kbp_partitions.nex","expA1_00001_0070_024_1_10kbp_output_alignment"
"2625",25,70,1,1,10000,"expA1_00001_0070_025_1_10kbp","JC",NA,"DNA","expA1_00001_0070_025_1_10kbp_random_trees.phy","expA1_00001_0070_025_1_10kbp_partitions.nex","expA1_00001_0070_025_1_10kbp_output_alignment"
"2626",26,70,1,1,10000,"expA1_00001_0070_026_1_10kbp","JC",NA,"DNA","expA1_00001_0070_026_1_10kbp_random_trees.phy","expA1_00001_0070_026_1_10kbp_partitions.nex","expA1_00001_0070_026_1_10kbp_output_alignment"
"2627",27,70,1,1,10000,"expA1_00001_0070_027_1_10kbp","JC",NA,"DNA","expA1_00001_0070_027_1_10kbp_random_trees.phy","expA1_00001_0070_027_1_10kbp_partitions.nex","expA1_00001_0070_027_1_10kbp_output_alignment"
"2628",28,70,1,1,10000,"expA1_00001_0070_028_1_10kbp","JC",NA,"DNA","expA1_00001_0070_028_1_10kbp_random_trees.phy","expA1_00001_0070_028_1_10kbp_partitions.nex","expA1_00001_0070_028_1_10kbp_output_alignment"
"2629",29,70,1,1,10000,"expA1_00001_0070_029_1_10kbp","JC",NA,"DNA","expA1_00001_0070_029_1_10kbp_random_trees.phy","expA1_00001_0070_029_1_10kbp_partitions.nex","expA1_00001_0070_029_1_10kbp_output_alignment"
"2630",30,70,1,1,10000,"expA1_00001_0070_030_1_10kbp","JC",NA,"DNA","expA1_00001_0070_030_1_10kbp_random_trees.phy","expA1_00001_0070_030_1_10kbp_partitions.nex","expA1_00001_0070_030_1_10kbp_output_alignment"
"2631",31,70,1,1,10000,"expA1_00001_0070_031_1_10kbp","JC",NA,"DNA","expA1_00001_0070_031_1_10kbp_random_trees.phy","expA1_00001_0070_031_1_10kbp_partitions.nex","expA1_00001_0070_031_1_10kbp_output_alignment"
"2632",32,70,1,1,10000,"expA1_00001_0070_032_1_10kbp","JC",NA,"DNA","expA1_00001_0070_032_1_10kbp_random_trees.phy","expA1_00001_0070_032_1_10kbp_partitions.nex","expA1_00001_0070_032_1_10kbp_output_alignment"
"2633",33,70,1,1,10000,"expA1_00001_0070_033_1_10kbp","JC",NA,"DNA","expA1_00001_0070_033_1_10kbp_random_trees.phy","expA1_00001_0070_033_1_10kbp_partitions.nex","expA1_00001_0070_033_1_10kbp_output_alignment"
"2634",34,70,1,1,10000,"expA1_00001_0070_034_1_10kbp","JC",NA,"DNA","expA1_00001_0070_034_1_10kbp_random_trees.phy","expA1_00001_0070_034_1_10kbp_partitions.nex","expA1_00001_0070_034_1_10kbp_output_alignment"
"2635",35,70,1,1,10000,"expA1_00001_0070_035_1_10kbp","JC",NA,"DNA","expA1_00001_0070_035_1_10kbp_random_trees.phy","expA1_00001_0070_035_1_10kbp_partitions.nex","expA1_00001_0070_035_1_10kbp_output_alignment"
"2636",36,70,1,1,10000,"expA1_00001_0070_036_1_10kbp","JC",NA,"DNA","expA1_00001_0070_036_1_10kbp_random_trees.phy","expA1_00001_0070_036_1_10kbp_partitions.nex","expA1_00001_0070_036_1_10kbp_output_alignment"
"2637",37,70,1,1,10000,"expA1_00001_0070_037_1_10kbp","JC",NA,"DNA","expA1_00001_0070_037_1_10kbp_random_trees.phy","expA1_00001_0070_037_1_10kbp_partitions.nex","expA1_00001_0070_037_1_10kbp_output_alignment"
"2638",38,70,1,1,10000,"expA1_00001_0070_038_1_10kbp","JC",NA,"DNA","expA1_00001_0070_038_1_10kbp_random_trees.phy","expA1_00001_0070_038_1_10kbp_partitions.nex","expA1_00001_0070_038_1_10kbp_output_alignment"
"2639",39,70,1,1,10000,"expA1_00001_0070_039_1_10kbp","JC",NA,"DNA","expA1_00001_0070_039_1_10kbp_random_trees.phy","expA1_00001_0070_039_1_10kbp_partitions.nex","expA1_00001_0070_039_1_10kbp_output_alignment"
"2640",40,70,1,1,10000,"expA1_00001_0070_040_1_10kbp","JC",NA,"DNA","expA1_00001_0070_040_1_10kbp_random_trees.phy","expA1_00001_0070_040_1_10kbp_partitions.nex","expA1_00001_0070_040_1_10kbp_output_alignment"
"2641",41,70,1,1,10000,"expA1_00001_0070_041_1_10kbp","JC",NA,"DNA","expA1_00001_0070_041_1_10kbp_random_trees.phy","expA1_00001_0070_041_1_10kbp_partitions.nex","expA1_00001_0070_041_1_10kbp_output_alignment"
"2642",42,70,1,1,10000,"expA1_00001_0070_042_1_10kbp","JC",NA,"DNA","expA1_00001_0070_042_1_10kbp_random_trees.phy","expA1_00001_0070_042_1_10kbp_partitions.nex","expA1_00001_0070_042_1_10kbp_output_alignment"
"2643",43,70,1,1,10000,"expA1_00001_0070_043_1_10kbp","JC",NA,"DNA","expA1_00001_0070_043_1_10kbp_random_trees.phy","expA1_00001_0070_043_1_10kbp_partitions.nex","expA1_00001_0070_043_1_10kbp_output_alignment"
"2644",44,70,1,1,10000,"expA1_00001_0070_044_1_10kbp","JC",NA,"DNA","expA1_00001_0070_044_1_10kbp_random_trees.phy","expA1_00001_0070_044_1_10kbp_partitions.nex","expA1_00001_0070_044_1_10kbp_output_alignment"
"2645",45,70,1,1,10000,"expA1_00001_0070_045_1_10kbp","JC",NA,"DNA","expA1_00001_0070_045_1_10kbp_random_trees.phy","expA1_00001_0070_045_1_10kbp_partitions.nex","expA1_00001_0070_045_1_10kbp_output_alignment"
"2646",46,70,1,1,10000,"expA1_00001_0070_046_1_10kbp","JC",NA,"DNA","expA1_00001_0070_046_1_10kbp_random_trees.phy","expA1_00001_0070_046_1_10kbp_partitions.nex","expA1_00001_0070_046_1_10kbp_output_alignment"
"2647",47,70,1,1,10000,"expA1_00001_0070_047_1_10kbp","JC",NA,"DNA","expA1_00001_0070_047_1_10kbp_random_trees.phy","expA1_00001_0070_047_1_10kbp_partitions.nex","expA1_00001_0070_047_1_10kbp_output_alignment"
"2648",48,70,1,1,10000,"expA1_00001_0070_048_1_10kbp","JC",NA,"DNA","expA1_00001_0070_048_1_10kbp_random_trees.phy","expA1_00001_0070_048_1_10kbp_partitions.nex","expA1_00001_0070_048_1_10kbp_output_alignment"
"2649",49,70,1,1,10000,"expA1_00001_0070_049_1_10kbp","JC",NA,"DNA","expA1_00001_0070_049_1_10kbp_random_trees.phy","expA1_00001_0070_049_1_10kbp_partitions.nex","expA1_00001_0070_049_1_10kbp_output_alignment"
"2650",50,70,1,1,10000,"expA1_00001_0070_050_1_10kbp","JC",NA,"DNA","expA1_00001_0070_050_1_10kbp_random_trees.phy","expA1_00001_0070_050_1_10kbp_partitions.nex","expA1_00001_0070_050_1_10kbp_output_alignment"
"2651",51,70,1,1,10000,"expA1_00001_0070_051_1_10kbp","JC",NA,"DNA","expA1_00001_0070_051_1_10kbp_random_trees.phy","expA1_00001_0070_051_1_10kbp_partitions.nex","expA1_00001_0070_051_1_10kbp_output_alignment"
"2652",52,70,1,1,10000,"expA1_00001_0070_052_1_10kbp","JC",NA,"DNA","expA1_00001_0070_052_1_10kbp_random_trees.phy","expA1_00001_0070_052_1_10kbp_partitions.nex","expA1_00001_0070_052_1_10kbp_output_alignment"
"2653",53,70,1,1,10000,"expA1_00001_0070_053_1_10kbp","JC",NA,"DNA","expA1_00001_0070_053_1_10kbp_random_trees.phy","expA1_00001_0070_053_1_10kbp_partitions.nex","expA1_00001_0070_053_1_10kbp_output_alignment"
"2654",54,70,1,1,10000,"expA1_00001_0070_054_1_10kbp","JC",NA,"DNA","expA1_00001_0070_054_1_10kbp_random_trees.phy","expA1_00001_0070_054_1_10kbp_partitions.nex","expA1_00001_0070_054_1_10kbp_output_alignment"
"2655",55,70,1,1,10000,"expA1_00001_0070_055_1_10kbp","JC",NA,"DNA","expA1_00001_0070_055_1_10kbp_random_trees.phy","expA1_00001_0070_055_1_10kbp_partitions.nex","expA1_00001_0070_055_1_10kbp_output_alignment"
"2656",56,70,1,1,10000,"expA1_00001_0070_056_1_10kbp","JC",NA,"DNA","expA1_00001_0070_056_1_10kbp_random_trees.phy","expA1_00001_0070_056_1_10kbp_partitions.nex","expA1_00001_0070_056_1_10kbp_output_alignment"
"2657",57,70,1,1,10000,"expA1_00001_0070_057_1_10kbp","JC",NA,"DNA","expA1_00001_0070_057_1_10kbp_random_trees.phy","expA1_00001_0070_057_1_10kbp_partitions.nex","expA1_00001_0070_057_1_10kbp_output_alignment"
"2658",58,70,1,1,10000,"expA1_00001_0070_058_1_10kbp","JC",NA,"DNA","expA1_00001_0070_058_1_10kbp_random_trees.phy","expA1_00001_0070_058_1_10kbp_partitions.nex","expA1_00001_0070_058_1_10kbp_output_alignment"
"2659",59,70,1,1,10000,"expA1_00001_0070_059_1_10kbp","JC",NA,"DNA","expA1_00001_0070_059_1_10kbp_random_trees.phy","expA1_00001_0070_059_1_10kbp_partitions.nex","expA1_00001_0070_059_1_10kbp_output_alignment"
"2660",60,70,1,1,10000,"expA1_00001_0070_060_1_10kbp","JC",NA,"DNA","expA1_00001_0070_060_1_10kbp_random_trees.phy","expA1_00001_0070_060_1_10kbp_partitions.nex","expA1_00001_0070_060_1_10kbp_output_alignment"
"2661",61,70,1,1,10000,"expA1_00001_0070_061_1_10kbp","JC",NA,"DNA","expA1_00001_0070_061_1_10kbp_random_trees.phy","expA1_00001_0070_061_1_10kbp_partitions.nex","expA1_00001_0070_061_1_10kbp_output_alignment"
"2662",62,70,1,1,10000,"expA1_00001_0070_062_1_10kbp","JC",NA,"DNA","expA1_00001_0070_062_1_10kbp_random_trees.phy","expA1_00001_0070_062_1_10kbp_partitions.nex","expA1_00001_0070_062_1_10kbp_output_alignment"
"2663",63,70,1,1,10000,"expA1_00001_0070_063_1_10kbp","JC",NA,"DNA","expA1_00001_0070_063_1_10kbp_random_trees.phy","expA1_00001_0070_063_1_10kbp_partitions.nex","expA1_00001_0070_063_1_10kbp_output_alignment"
"2664",64,70,1,1,10000,"expA1_00001_0070_064_1_10kbp","JC",NA,"DNA","expA1_00001_0070_064_1_10kbp_random_trees.phy","expA1_00001_0070_064_1_10kbp_partitions.nex","expA1_00001_0070_064_1_10kbp_output_alignment"
"2665",65,70,1,1,10000,"expA1_00001_0070_065_1_10kbp","JC",NA,"DNA","expA1_00001_0070_065_1_10kbp_random_trees.phy","expA1_00001_0070_065_1_10kbp_partitions.nex","expA1_00001_0070_065_1_10kbp_output_alignment"
"2666",66,70,1,1,10000,"expA1_00001_0070_066_1_10kbp","JC",NA,"DNA","expA1_00001_0070_066_1_10kbp_random_trees.phy","expA1_00001_0070_066_1_10kbp_partitions.nex","expA1_00001_0070_066_1_10kbp_output_alignment"
"2667",67,70,1,1,10000,"expA1_00001_0070_067_1_10kbp","JC",NA,"DNA","expA1_00001_0070_067_1_10kbp_random_trees.phy","expA1_00001_0070_067_1_10kbp_partitions.nex","expA1_00001_0070_067_1_10kbp_output_alignment"
"2668",68,70,1,1,10000,"expA1_00001_0070_068_1_10kbp","JC",NA,"DNA","expA1_00001_0070_068_1_10kbp_random_trees.phy","expA1_00001_0070_068_1_10kbp_partitions.nex","expA1_00001_0070_068_1_10kbp_output_alignment"
"2669",69,70,1,1,10000,"expA1_00001_0070_069_1_10kbp","JC",NA,"DNA","expA1_00001_0070_069_1_10kbp_random_trees.phy","expA1_00001_0070_069_1_10kbp_partitions.nex","expA1_00001_0070_069_1_10kbp_output_alignment"
"2670",70,70,1,1,10000,"expA1_00001_0070_070_1_10kbp","JC",NA,"DNA","expA1_00001_0070_070_1_10kbp_random_trees.phy","expA1_00001_0070_070_1_10kbp_partitions.nex","expA1_00001_0070_070_1_10kbp_output_alignment"
"2671",71,70,1,1,10000,"expA1_00001_0070_071_1_10kbp","JC",NA,"DNA","expA1_00001_0070_071_1_10kbp_random_trees.phy","expA1_00001_0070_071_1_10kbp_partitions.nex","expA1_00001_0070_071_1_10kbp_output_alignment"
"2672",72,70,1,1,10000,"expA1_00001_0070_072_1_10kbp","JC",NA,"DNA","expA1_00001_0070_072_1_10kbp_random_trees.phy","expA1_00001_0070_072_1_10kbp_partitions.nex","expA1_00001_0070_072_1_10kbp_output_alignment"
"2673",73,70,1,1,10000,"expA1_00001_0070_073_1_10kbp","JC",NA,"DNA","expA1_00001_0070_073_1_10kbp_random_trees.phy","expA1_00001_0070_073_1_10kbp_partitions.nex","expA1_00001_0070_073_1_10kbp_output_alignment"
"2674",74,70,1,1,10000,"expA1_00001_0070_074_1_10kbp","JC",NA,"DNA","expA1_00001_0070_074_1_10kbp_random_trees.phy","expA1_00001_0070_074_1_10kbp_partitions.nex","expA1_00001_0070_074_1_10kbp_output_alignment"
"2675",75,70,1,1,10000,"expA1_00001_0070_075_1_10kbp","JC",NA,"DNA","expA1_00001_0070_075_1_10kbp_random_trees.phy","expA1_00001_0070_075_1_10kbp_partitions.nex","expA1_00001_0070_075_1_10kbp_output_alignment"
"2676",76,70,1,1,10000,"expA1_00001_0070_076_1_10kbp","JC",NA,"DNA","expA1_00001_0070_076_1_10kbp_random_trees.phy","expA1_00001_0070_076_1_10kbp_partitions.nex","expA1_00001_0070_076_1_10kbp_output_alignment"
"2677",77,70,1,1,10000,"expA1_00001_0070_077_1_10kbp","JC",NA,"DNA","expA1_00001_0070_077_1_10kbp_random_trees.phy","expA1_00001_0070_077_1_10kbp_partitions.nex","expA1_00001_0070_077_1_10kbp_output_alignment"
"2678",78,70,1,1,10000,"expA1_00001_0070_078_1_10kbp","JC",NA,"DNA","expA1_00001_0070_078_1_10kbp_random_trees.phy","expA1_00001_0070_078_1_10kbp_partitions.nex","expA1_00001_0070_078_1_10kbp_output_alignment"
"2679",79,70,1,1,10000,"expA1_00001_0070_079_1_10kbp","JC",NA,"DNA","expA1_00001_0070_079_1_10kbp_random_trees.phy","expA1_00001_0070_079_1_10kbp_partitions.nex","expA1_00001_0070_079_1_10kbp_output_alignment"
"2680",80,70,1,1,10000,"expA1_00001_0070_080_1_10kbp","JC",NA,"DNA","expA1_00001_0070_080_1_10kbp_random_trees.phy","expA1_00001_0070_080_1_10kbp_partitions.nex","expA1_00001_0070_080_1_10kbp_output_alignment"
"2681",81,70,1,1,10000,"expA1_00001_0070_081_1_10kbp","JC",NA,"DNA","expA1_00001_0070_081_1_10kbp_random_trees.phy","expA1_00001_0070_081_1_10kbp_partitions.nex","expA1_00001_0070_081_1_10kbp_output_alignment"
"2682",82,70,1,1,10000,"expA1_00001_0070_082_1_10kbp","JC",NA,"DNA","expA1_00001_0070_082_1_10kbp_random_trees.phy","expA1_00001_0070_082_1_10kbp_partitions.nex","expA1_00001_0070_082_1_10kbp_output_alignment"
"2683",83,70,1,1,10000,"expA1_00001_0070_083_1_10kbp","JC",NA,"DNA","expA1_00001_0070_083_1_10kbp_random_trees.phy","expA1_00001_0070_083_1_10kbp_partitions.nex","expA1_00001_0070_083_1_10kbp_output_alignment"
"2684",84,70,1,1,10000,"expA1_00001_0070_084_1_10kbp","JC",NA,"DNA","expA1_00001_0070_084_1_10kbp_random_trees.phy","expA1_00001_0070_084_1_10kbp_partitions.nex","expA1_00001_0070_084_1_10kbp_output_alignment"
"2685",85,70,1,1,10000,"expA1_00001_0070_085_1_10kbp","JC",NA,"DNA","expA1_00001_0070_085_1_10kbp_random_trees.phy","expA1_00001_0070_085_1_10kbp_partitions.nex","expA1_00001_0070_085_1_10kbp_output_alignment"
"2686",86,70,1,1,10000,"expA1_00001_0070_086_1_10kbp","JC",NA,"DNA","expA1_00001_0070_086_1_10kbp_random_trees.phy","expA1_00001_0070_086_1_10kbp_partitions.nex","expA1_00001_0070_086_1_10kbp_output_alignment"
"2687",87,70,1,1,10000,"expA1_00001_0070_087_1_10kbp","JC",NA,"DNA","expA1_00001_0070_087_1_10kbp_random_trees.phy","expA1_00001_0070_087_1_10kbp_partitions.nex","expA1_00001_0070_087_1_10kbp_output_alignment"
"2688",88,70,1,1,10000,"expA1_00001_0070_088_1_10kbp","JC",NA,"DNA","expA1_00001_0070_088_1_10kbp_random_trees.phy","expA1_00001_0070_088_1_10kbp_partitions.nex","expA1_00001_0070_088_1_10kbp_output_alignment"
"2689",89,70,1,1,10000,"expA1_00001_0070_089_1_10kbp","JC",NA,"DNA","expA1_00001_0070_089_1_10kbp_random_trees.phy","expA1_00001_0070_089_1_10kbp_partitions.nex","expA1_00001_0070_089_1_10kbp_output_alignment"
"2690",90,70,1,1,10000,"expA1_00001_0070_090_1_10kbp","JC",NA,"DNA","expA1_00001_0070_090_1_10kbp_random_trees.phy","expA1_00001_0070_090_1_10kbp_partitions.nex","expA1_00001_0070_090_1_10kbp_output_alignment"
"2691",91,70,1,1,10000,"expA1_00001_0070_091_1_10kbp","JC",NA,"DNA","expA1_00001_0070_091_1_10kbp_random_trees.phy","expA1_00001_0070_091_1_10kbp_partitions.nex","expA1_00001_0070_091_1_10kbp_output_alignment"
"2692",92,70,1,1,10000,"expA1_00001_0070_092_1_10kbp","JC",NA,"DNA","expA1_00001_0070_092_1_10kbp_random_trees.phy","expA1_00001_0070_092_1_10kbp_partitions.nex","expA1_00001_0070_092_1_10kbp_output_alignment"
"2693",93,70,1,1,10000,"expA1_00001_0070_093_1_10kbp","JC",NA,"DNA","expA1_00001_0070_093_1_10kbp_random_trees.phy","expA1_00001_0070_093_1_10kbp_partitions.nex","expA1_00001_0070_093_1_10kbp_output_alignment"
"2694",94,70,1,1,10000,"expA1_00001_0070_094_1_10kbp","JC",NA,"DNA","expA1_00001_0070_094_1_10kbp_random_trees.phy","expA1_00001_0070_094_1_10kbp_partitions.nex","expA1_00001_0070_094_1_10kbp_output_alignment"
"2695",95,70,1,1,10000,"expA1_00001_0070_095_1_10kbp","JC",NA,"DNA","expA1_00001_0070_095_1_10kbp_random_trees.phy","expA1_00001_0070_095_1_10kbp_partitions.nex","expA1_00001_0070_095_1_10kbp_output_alignment"
"2696",96,70,1,1,10000,"expA1_00001_0070_096_1_10kbp","JC",NA,"DNA","expA1_00001_0070_096_1_10kbp_random_trees.phy","expA1_00001_0070_096_1_10kbp_partitions.nex","expA1_00001_0070_096_1_10kbp_output_alignment"
"2697",97,70,1,1,10000,"expA1_00001_0070_097_1_10kbp","JC",NA,"DNA","expA1_00001_0070_097_1_10kbp_random_trees.phy","expA1_00001_0070_097_1_10kbp_partitions.nex","expA1_00001_0070_097_1_10kbp_output_alignment"
"2698",98,70,1,1,10000,"expA1_00001_0070_098_1_10kbp","JC",NA,"DNA","expA1_00001_0070_098_1_10kbp_random_trees.phy","expA1_00001_0070_098_1_10kbp_partitions.nex","expA1_00001_0070_098_1_10kbp_output_alignment"
"2699",99,70,1,1,10000,"expA1_00001_0070_099_1_10kbp","JC",NA,"DNA","expA1_00001_0070_099_1_10kbp_random_trees.phy","expA1_00001_0070_099_1_10kbp_partitions.nex","expA1_00001_0070_099_1_10kbp_output_alignment"
"2700",100,70,1,1,10000,"expA1_00001_0070_100_1_10kbp","JC",NA,"DNA","expA1_00001_0070_100_1_10kbp_random_trees.phy","expA1_00001_0070_100_1_10kbp_partitions.nex","expA1_00001_0070_100_1_10kbp_output_alignment"
"2701",1,80,1,1,10000,"expA1_00001_0080_001_1_10kbp","JC",NA,"DNA","expA1_00001_0080_001_1_10kbp_random_trees.phy","expA1_00001_0080_001_1_10kbp_partitions.nex","expA1_00001_0080_001_1_10kbp_output_alignment"
"2702",2,80,1,1,10000,"expA1_00001_0080_002_1_10kbp","JC",NA,"DNA","expA1_00001_0080_002_1_10kbp_random_trees.phy","expA1_00001_0080_002_1_10kbp_partitions.nex","expA1_00001_0080_002_1_10kbp_output_alignment"
"2703",3,80,1,1,10000,"expA1_00001_0080_003_1_10kbp","JC",NA,"DNA","expA1_00001_0080_003_1_10kbp_random_trees.phy","expA1_00001_0080_003_1_10kbp_partitions.nex","expA1_00001_0080_003_1_10kbp_output_alignment"
"2704",4,80,1,1,10000,"expA1_00001_0080_004_1_10kbp","JC",NA,"DNA","expA1_00001_0080_004_1_10kbp_random_trees.phy","expA1_00001_0080_004_1_10kbp_partitions.nex","expA1_00001_0080_004_1_10kbp_output_alignment"
"2705",5,80,1,1,10000,"expA1_00001_0080_005_1_10kbp","JC",NA,"DNA","expA1_00001_0080_005_1_10kbp_random_trees.phy","expA1_00001_0080_005_1_10kbp_partitions.nex","expA1_00001_0080_005_1_10kbp_output_alignment"
"2706",6,80,1,1,10000,"expA1_00001_0080_006_1_10kbp","JC",NA,"DNA","expA1_00001_0080_006_1_10kbp_random_trees.phy","expA1_00001_0080_006_1_10kbp_partitions.nex","expA1_00001_0080_006_1_10kbp_output_alignment"
"2707",7,80,1,1,10000,"expA1_00001_0080_007_1_10kbp","JC",NA,"DNA","expA1_00001_0080_007_1_10kbp_random_trees.phy","expA1_00001_0080_007_1_10kbp_partitions.nex","expA1_00001_0080_007_1_10kbp_output_alignment"
"2708",8,80,1,1,10000,"expA1_00001_0080_008_1_10kbp","JC",NA,"DNA","expA1_00001_0080_008_1_10kbp_random_trees.phy","expA1_00001_0080_008_1_10kbp_partitions.nex","expA1_00001_0080_008_1_10kbp_output_alignment"
"2709",9,80,1,1,10000,"expA1_00001_0080_009_1_10kbp","JC",NA,"DNA","expA1_00001_0080_009_1_10kbp_random_trees.phy","expA1_00001_0080_009_1_10kbp_partitions.nex","expA1_00001_0080_009_1_10kbp_output_alignment"
"2710",10,80,1,1,10000,"expA1_00001_0080_010_1_10kbp","JC",NA,"DNA","expA1_00001_0080_010_1_10kbp_random_trees.phy","expA1_00001_0080_010_1_10kbp_partitions.nex","expA1_00001_0080_010_1_10kbp_output_alignment"
"2711",11,80,1,1,10000,"expA1_00001_0080_011_1_10kbp","JC",NA,"DNA","expA1_00001_0080_011_1_10kbp_random_trees.phy","expA1_00001_0080_011_1_10kbp_partitions.nex","expA1_00001_0080_011_1_10kbp_output_alignment"
"2712",12,80,1,1,10000,"expA1_00001_0080_012_1_10kbp","JC",NA,"DNA","expA1_00001_0080_012_1_10kbp_random_trees.phy","expA1_00001_0080_012_1_10kbp_partitions.nex","expA1_00001_0080_012_1_10kbp_output_alignment"
"2713",13,80,1,1,10000,"expA1_00001_0080_013_1_10kbp","JC",NA,"DNA","expA1_00001_0080_013_1_10kbp_random_trees.phy","expA1_00001_0080_013_1_10kbp_partitions.nex","expA1_00001_0080_013_1_10kbp_output_alignment"
"2714",14,80,1,1,10000,"expA1_00001_0080_014_1_10kbp","JC",NA,"DNA","expA1_00001_0080_014_1_10kbp_random_trees.phy","expA1_00001_0080_014_1_10kbp_partitions.nex","expA1_00001_0080_014_1_10kbp_output_alignment"
"2715",15,80,1,1,10000,"expA1_00001_0080_015_1_10kbp","JC",NA,"DNA","expA1_00001_0080_015_1_10kbp_random_trees.phy","expA1_00001_0080_015_1_10kbp_partitions.nex","expA1_00001_0080_015_1_10kbp_output_alignment"
"2716",16,80,1,1,10000,"expA1_00001_0080_016_1_10kbp","JC",NA,"DNA","expA1_00001_0080_016_1_10kbp_random_trees.phy","expA1_00001_0080_016_1_10kbp_partitions.nex","expA1_00001_0080_016_1_10kbp_output_alignment"
"2717",17,80,1,1,10000,"expA1_00001_0080_017_1_10kbp","JC",NA,"DNA","expA1_00001_0080_017_1_10kbp_random_trees.phy","expA1_00001_0080_017_1_10kbp_partitions.nex","expA1_00001_0080_017_1_10kbp_output_alignment"
"2718",18,80,1,1,10000,"expA1_00001_0080_018_1_10kbp","JC",NA,"DNA","expA1_00001_0080_018_1_10kbp_random_trees.phy","expA1_00001_0080_018_1_10kbp_partitions.nex","expA1_00001_0080_018_1_10kbp_output_alignment"
"2719",19,80,1,1,10000,"expA1_00001_0080_019_1_10kbp","JC",NA,"DNA","expA1_00001_0080_019_1_10kbp_random_trees.phy","expA1_00001_0080_019_1_10kbp_partitions.nex","expA1_00001_0080_019_1_10kbp_output_alignment"
"2720",20,80,1,1,10000,"expA1_00001_0080_020_1_10kbp","JC",NA,"DNA","expA1_00001_0080_020_1_10kbp_random_trees.phy","expA1_00001_0080_020_1_10kbp_partitions.nex","expA1_00001_0080_020_1_10kbp_output_alignment"
"2721",21,80,1,1,10000,"expA1_00001_0080_021_1_10kbp","JC",NA,"DNA","expA1_00001_0080_021_1_10kbp_random_trees.phy","expA1_00001_0080_021_1_10kbp_partitions.nex","expA1_00001_0080_021_1_10kbp_output_alignment"
"2722",22,80,1,1,10000,"expA1_00001_0080_022_1_10kbp","JC",NA,"DNA","expA1_00001_0080_022_1_10kbp_random_trees.phy","expA1_00001_0080_022_1_10kbp_partitions.nex","expA1_00001_0080_022_1_10kbp_output_alignment"
"2723",23,80,1,1,10000,"expA1_00001_0080_023_1_10kbp","JC",NA,"DNA","expA1_00001_0080_023_1_10kbp_random_trees.phy","expA1_00001_0080_023_1_10kbp_partitions.nex","expA1_00001_0080_023_1_10kbp_output_alignment"
"2724",24,80,1,1,10000,"expA1_00001_0080_024_1_10kbp","JC",NA,"DNA","expA1_00001_0080_024_1_10kbp_random_trees.phy","expA1_00001_0080_024_1_10kbp_partitions.nex","expA1_00001_0080_024_1_10kbp_output_alignment"
"2725",25,80,1,1,10000,"expA1_00001_0080_025_1_10kbp","JC",NA,"DNA","expA1_00001_0080_025_1_10kbp_random_trees.phy","expA1_00001_0080_025_1_10kbp_partitions.nex","expA1_00001_0080_025_1_10kbp_output_alignment"
"2726",26,80,1,1,10000,"expA1_00001_0080_026_1_10kbp","JC",NA,"DNA","expA1_00001_0080_026_1_10kbp_random_trees.phy","expA1_00001_0080_026_1_10kbp_partitions.nex","expA1_00001_0080_026_1_10kbp_output_alignment"
"2727",27,80,1,1,10000,"expA1_00001_0080_027_1_10kbp","JC",NA,"DNA","expA1_00001_0080_027_1_10kbp_random_trees.phy","expA1_00001_0080_027_1_10kbp_partitions.nex","expA1_00001_0080_027_1_10kbp_output_alignment"
"2728",28,80,1,1,10000,"expA1_00001_0080_028_1_10kbp","JC",NA,"DNA","expA1_00001_0080_028_1_10kbp_random_trees.phy","expA1_00001_0080_028_1_10kbp_partitions.nex","expA1_00001_0080_028_1_10kbp_output_alignment"
"2729",29,80,1,1,10000,"expA1_00001_0080_029_1_10kbp","JC",NA,"DNA","expA1_00001_0080_029_1_10kbp_random_trees.phy","expA1_00001_0080_029_1_10kbp_partitions.nex","expA1_00001_0080_029_1_10kbp_output_alignment"
"2730",30,80,1,1,10000,"expA1_00001_0080_030_1_10kbp","JC",NA,"DNA","expA1_00001_0080_030_1_10kbp_random_trees.phy","expA1_00001_0080_030_1_10kbp_partitions.nex","expA1_00001_0080_030_1_10kbp_output_alignment"
"2731",31,80,1,1,10000,"expA1_00001_0080_031_1_10kbp","JC",NA,"DNA","expA1_00001_0080_031_1_10kbp_random_trees.phy","expA1_00001_0080_031_1_10kbp_partitions.nex","expA1_00001_0080_031_1_10kbp_output_alignment"
"2732",32,80,1,1,10000,"expA1_00001_0080_032_1_10kbp","JC",NA,"DNA","expA1_00001_0080_032_1_10kbp_random_trees.phy","expA1_00001_0080_032_1_10kbp_partitions.nex","expA1_00001_0080_032_1_10kbp_output_alignment"
"2733",33,80,1,1,10000,"expA1_00001_0080_033_1_10kbp","JC",NA,"DNA","expA1_00001_0080_033_1_10kbp_random_trees.phy","expA1_00001_0080_033_1_10kbp_partitions.nex","expA1_00001_0080_033_1_10kbp_output_alignment"
"2734",34,80,1,1,10000,"expA1_00001_0080_034_1_10kbp","JC",NA,"DNA","expA1_00001_0080_034_1_10kbp_random_trees.phy","expA1_00001_0080_034_1_10kbp_partitions.nex","expA1_00001_0080_034_1_10kbp_output_alignment"
"2735",35,80,1,1,10000,"expA1_00001_0080_035_1_10kbp","JC",NA,"DNA","expA1_00001_0080_035_1_10kbp_random_trees.phy","expA1_00001_0080_035_1_10kbp_partitions.nex","expA1_00001_0080_035_1_10kbp_output_alignment"
"2736",36,80,1,1,10000,"expA1_00001_0080_036_1_10kbp","JC",NA,"DNA","expA1_00001_0080_036_1_10kbp_random_trees.phy","expA1_00001_0080_036_1_10kbp_partitions.nex","expA1_00001_0080_036_1_10kbp_output_alignment"
"2737",37,80,1,1,10000,"expA1_00001_0080_037_1_10kbp","JC",NA,"DNA","expA1_00001_0080_037_1_10kbp_random_trees.phy","expA1_00001_0080_037_1_10kbp_partitions.nex","expA1_00001_0080_037_1_10kbp_output_alignment"
"2738",38,80,1,1,10000,"expA1_00001_0080_038_1_10kbp","JC",NA,"DNA","expA1_00001_0080_038_1_10kbp_random_trees.phy","expA1_00001_0080_038_1_10kbp_partitions.nex","expA1_00001_0080_038_1_10kbp_output_alignment"
"2739",39,80,1,1,10000,"expA1_00001_0080_039_1_10kbp","JC",NA,"DNA","expA1_00001_0080_039_1_10kbp_random_trees.phy","expA1_00001_0080_039_1_10kbp_partitions.nex","expA1_00001_0080_039_1_10kbp_output_alignment"
"2740",40,80,1,1,10000,"expA1_00001_0080_040_1_10kbp","JC",NA,"DNA","expA1_00001_0080_040_1_10kbp_random_trees.phy","expA1_00001_0080_040_1_10kbp_partitions.nex","expA1_00001_0080_040_1_10kbp_output_alignment"
"2741",41,80,1,1,10000,"expA1_00001_0080_041_1_10kbp","JC",NA,"DNA","expA1_00001_0080_041_1_10kbp_random_trees.phy","expA1_00001_0080_041_1_10kbp_partitions.nex","expA1_00001_0080_041_1_10kbp_output_alignment"
"2742",42,80,1,1,10000,"expA1_00001_0080_042_1_10kbp","JC",NA,"DNA","expA1_00001_0080_042_1_10kbp_random_trees.phy","expA1_00001_0080_042_1_10kbp_partitions.nex","expA1_00001_0080_042_1_10kbp_output_alignment"
"2743",43,80,1,1,10000,"expA1_00001_0080_043_1_10kbp","JC",NA,"DNA","expA1_00001_0080_043_1_10kbp_random_trees.phy","expA1_00001_0080_043_1_10kbp_partitions.nex","expA1_00001_0080_043_1_10kbp_output_alignment"
"2744",44,80,1,1,10000,"expA1_00001_0080_044_1_10kbp","JC",NA,"DNA","expA1_00001_0080_044_1_10kbp_random_trees.phy","expA1_00001_0080_044_1_10kbp_partitions.nex","expA1_00001_0080_044_1_10kbp_output_alignment"
"2745",45,80,1,1,10000,"expA1_00001_0080_045_1_10kbp","JC",NA,"DNA","expA1_00001_0080_045_1_10kbp_random_trees.phy","expA1_00001_0080_045_1_10kbp_partitions.nex","expA1_00001_0080_045_1_10kbp_output_alignment"
"2746",46,80,1,1,10000,"expA1_00001_0080_046_1_10kbp","JC",NA,"DNA","expA1_00001_0080_046_1_10kbp_random_trees.phy","expA1_00001_0080_046_1_10kbp_partitions.nex","expA1_00001_0080_046_1_10kbp_output_alignment"
"2747",47,80,1,1,10000,"expA1_00001_0080_047_1_10kbp","JC",NA,"DNA","expA1_00001_0080_047_1_10kbp_random_trees.phy","expA1_00001_0080_047_1_10kbp_partitions.nex","expA1_00001_0080_047_1_10kbp_output_alignment"
"2748",48,80,1,1,10000,"expA1_00001_0080_048_1_10kbp","JC",NA,"DNA","expA1_00001_0080_048_1_10kbp_random_trees.phy","expA1_00001_0080_048_1_10kbp_partitions.nex","expA1_00001_0080_048_1_10kbp_output_alignment"
"2749",49,80,1,1,10000,"expA1_00001_0080_049_1_10kbp","JC",NA,"DNA","expA1_00001_0080_049_1_10kbp_random_trees.phy","expA1_00001_0080_049_1_10kbp_partitions.nex","expA1_00001_0080_049_1_10kbp_output_alignment"
"2750",50,80,1,1,10000,"expA1_00001_0080_050_1_10kbp","JC",NA,"DNA","expA1_00001_0080_050_1_10kbp_random_trees.phy","expA1_00001_0080_050_1_10kbp_partitions.nex","expA1_00001_0080_050_1_10kbp_output_alignment"
"2751",51,80,1,1,10000,"expA1_00001_0080_051_1_10kbp","JC",NA,"DNA","expA1_00001_0080_051_1_10kbp_random_trees.phy","expA1_00001_0080_051_1_10kbp_partitions.nex","expA1_00001_0080_051_1_10kbp_output_alignment"
"2752",52,80,1,1,10000,"expA1_00001_0080_052_1_10kbp","JC",NA,"DNA","expA1_00001_0080_052_1_10kbp_random_trees.phy","expA1_00001_0080_052_1_10kbp_partitions.nex","expA1_00001_0080_052_1_10kbp_output_alignment"
"2753",53,80,1,1,10000,"expA1_00001_0080_053_1_10kbp","JC",NA,"DNA","expA1_00001_0080_053_1_10kbp_random_trees.phy","expA1_00001_0080_053_1_10kbp_partitions.nex","expA1_00001_0080_053_1_10kbp_output_alignment"
"2754",54,80,1,1,10000,"expA1_00001_0080_054_1_10kbp","JC",NA,"DNA","expA1_00001_0080_054_1_10kbp_random_trees.phy","expA1_00001_0080_054_1_10kbp_partitions.nex","expA1_00001_0080_054_1_10kbp_output_alignment"
"2755",55,80,1,1,10000,"expA1_00001_0080_055_1_10kbp","JC",NA,"DNA","expA1_00001_0080_055_1_10kbp_random_trees.phy","expA1_00001_0080_055_1_10kbp_partitions.nex","expA1_00001_0080_055_1_10kbp_output_alignment"
"2756",56,80,1,1,10000,"expA1_00001_0080_056_1_10kbp","JC",NA,"DNA","expA1_00001_0080_056_1_10kbp_random_trees.phy","expA1_00001_0080_056_1_10kbp_partitions.nex","expA1_00001_0080_056_1_10kbp_output_alignment"
"2757",57,80,1,1,10000,"expA1_00001_0080_057_1_10kbp","JC",NA,"DNA","expA1_00001_0080_057_1_10kbp_random_trees.phy","expA1_00001_0080_057_1_10kbp_partitions.nex","expA1_00001_0080_057_1_10kbp_output_alignment"
"2758",58,80,1,1,10000,"expA1_00001_0080_058_1_10kbp","JC",NA,"DNA","expA1_00001_0080_058_1_10kbp_random_trees.phy","expA1_00001_0080_058_1_10kbp_partitions.nex","expA1_00001_0080_058_1_10kbp_output_alignment"
"2759",59,80,1,1,10000,"expA1_00001_0080_059_1_10kbp","JC",NA,"DNA","expA1_00001_0080_059_1_10kbp_random_trees.phy","expA1_00001_0080_059_1_10kbp_partitions.nex","expA1_00001_0080_059_1_10kbp_output_alignment"
"2760",60,80,1,1,10000,"expA1_00001_0080_060_1_10kbp","JC",NA,"DNA","expA1_00001_0080_060_1_10kbp_random_trees.phy","expA1_00001_0080_060_1_10kbp_partitions.nex","expA1_00001_0080_060_1_10kbp_output_alignment"
"2761",61,80,1,1,10000,"expA1_00001_0080_061_1_10kbp","JC",NA,"DNA","expA1_00001_0080_061_1_10kbp_random_trees.phy","expA1_00001_0080_061_1_10kbp_partitions.nex","expA1_00001_0080_061_1_10kbp_output_alignment"
"2762",62,80,1,1,10000,"expA1_00001_0080_062_1_10kbp","JC",NA,"DNA","expA1_00001_0080_062_1_10kbp_random_trees.phy","expA1_00001_0080_062_1_10kbp_partitions.nex","expA1_00001_0080_062_1_10kbp_output_alignment"
"2763",63,80,1,1,10000,"expA1_00001_0080_063_1_10kbp","JC",NA,"DNA","expA1_00001_0080_063_1_10kbp_random_trees.phy","expA1_00001_0080_063_1_10kbp_partitions.nex","expA1_00001_0080_063_1_10kbp_output_alignment"
"2764",64,80,1,1,10000,"expA1_00001_0080_064_1_10kbp","JC",NA,"DNA","expA1_00001_0080_064_1_10kbp_random_trees.phy","expA1_00001_0080_064_1_10kbp_partitions.nex","expA1_00001_0080_064_1_10kbp_output_alignment"
"2765",65,80,1,1,10000,"expA1_00001_0080_065_1_10kbp","JC",NA,"DNA","expA1_00001_0080_065_1_10kbp_random_trees.phy","expA1_00001_0080_065_1_10kbp_partitions.nex","expA1_00001_0080_065_1_10kbp_output_alignment"
"2766",66,80,1,1,10000,"expA1_00001_0080_066_1_10kbp","JC",NA,"DNA","expA1_00001_0080_066_1_10kbp_random_trees.phy","expA1_00001_0080_066_1_10kbp_partitions.nex","expA1_00001_0080_066_1_10kbp_output_alignment"
"2767",67,80,1,1,10000,"expA1_00001_0080_067_1_10kbp","JC",NA,"DNA","expA1_00001_0080_067_1_10kbp_random_trees.phy","expA1_00001_0080_067_1_10kbp_partitions.nex","expA1_00001_0080_067_1_10kbp_output_alignment"
"2768",68,80,1,1,10000,"expA1_00001_0080_068_1_10kbp","JC",NA,"DNA","expA1_00001_0080_068_1_10kbp_random_trees.phy","expA1_00001_0080_068_1_10kbp_partitions.nex","expA1_00001_0080_068_1_10kbp_output_alignment"
"2769",69,80,1,1,10000,"expA1_00001_0080_069_1_10kbp","JC",NA,"DNA","expA1_00001_0080_069_1_10kbp_random_trees.phy","expA1_00001_0080_069_1_10kbp_partitions.nex","expA1_00001_0080_069_1_10kbp_output_alignment"
"2770",70,80,1,1,10000,"expA1_00001_0080_070_1_10kbp","JC",NA,"DNA","expA1_00001_0080_070_1_10kbp_random_trees.phy","expA1_00001_0080_070_1_10kbp_partitions.nex","expA1_00001_0080_070_1_10kbp_output_alignment"
"2771",71,80,1,1,10000,"expA1_00001_0080_071_1_10kbp","JC",NA,"DNA","expA1_00001_0080_071_1_10kbp_random_trees.phy","expA1_00001_0080_071_1_10kbp_partitions.nex","expA1_00001_0080_071_1_10kbp_output_alignment"
"2772",72,80,1,1,10000,"expA1_00001_0080_072_1_10kbp","JC",NA,"DNA","expA1_00001_0080_072_1_10kbp_random_trees.phy","expA1_00001_0080_072_1_10kbp_partitions.nex","expA1_00001_0080_072_1_10kbp_output_alignment"
"2773",73,80,1,1,10000,"expA1_00001_0080_073_1_10kbp","JC",NA,"DNA","expA1_00001_0080_073_1_10kbp_random_trees.phy","expA1_00001_0080_073_1_10kbp_partitions.nex","expA1_00001_0080_073_1_10kbp_output_alignment"
"2774",74,80,1,1,10000,"expA1_00001_0080_074_1_10kbp","JC",NA,"DNA","expA1_00001_0080_074_1_10kbp_random_trees.phy","expA1_00001_0080_074_1_10kbp_partitions.nex","expA1_00001_0080_074_1_10kbp_output_alignment"
"2775",75,80,1,1,10000,"expA1_00001_0080_075_1_10kbp","JC",NA,"DNA","expA1_00001_0080_075_1_10kbp_random_trees.phy","expA1_00001_0080_075_1_10kbp_partitions.nex","expA1_00001_0080_075_1_10kbp_output_alignment"
"2776",76,80,1,1,10000,"expA1_00001_0080_076_1_10kbp","JC",NA,"DNA","expA1_00001_0080_076_1_10kbp_random_trees.phy","expA1_00001_0080_076_1_10kbp_partitions.nex","expA1_00001_0080_076_1_10kbp_output_alignment"
"2777",77,80,1,1,10000,"expA1_00001_0080_077_1_10kbp","JC",NA,"DNA","expA1_00001_0080_077_1_10kbp_random_trees.phy","expA1_00001_0080_077_1_10kbp_partitions.nex","expA1_00001_0080_077_1_10kbp_output_alignment"
"2778",78,80,1,1,10000,"expA1_00001_0080_078_1_10kbp","JC",NA,"DNA","expA1_00001_0080_078_1_10kbp_random_trees.phy","expA1_00001_0080_078_1_10kbp_partitions.nex","expA1_00001_0080_078_1_10kbp_output_alignment"
"2779",79,80,1,1,10000,"expA1_00001_0080_079_1_10kbp","JC",NA,"DNA","expA1_00001_0080_079_1_10kbp_random_trees.phy","expA1_00001_0080_079_1_10kbp_partitions.nex","expA1_00001_0080_079_1_10kbp_output_alignment"
"2780",80,80,1,1,10000,"expA1_00001_0080_080_1_10kbp","JC",NA,"DNA","expA1_00001_0080_080_1_10kbp_random_trees.phy","expA1_00001_0080_080_1_10kbp_partitions.nex","expA1_00001_0080_080_1_10kbp_output_alignment"
"2781",81,80,1,1,10000,"expA1_00001_0080_081_1_10kbp","JC",NA,"DNA","expA1_00001_0080_081_1_10kbp_random_trees.phy","expA1_00001_0080_081_1_10kbp_partitions.nex","expA1_00001_0080_081_1_10kbp_output_alignment"
"2782",82,80,1,1,10000,"expA1_00001_0080_082_1_10kbp","JC",NA,"DNA","expA1_00001_0080_082_1_10kbp_random_trees.phy","expA1_00001_0080_082_1_10kbp_partitions.nex","expA1_00001_0080_082_1_10kbp_output_alignment"
"2783",83,80,1,1,10000,"expA1_00001_0080_083_1_10kbp","JC",NA,"DNA","expA1_00001_0080_083_1_10kbp_random_trees.phy","expA1_00001_0080_083_1_10kbp_partitions.nex","expA1_00001_0080_083_1_10kbp_output_alignment"
"2784",84,80,1,1,10000,"expA1_00001_0080_084_1_10kbp","JC",NA,"DNA","expA1_00001_0080_084_1_10kbp_random_trees.phy","expA1_00001_0080_084_1_10kbp_partitions.nex","expA1_00001_0080_084_1_10kbp_output_alignment"
"2785",85,80,1,1,10000,"expA1_00001_0080_085_1_10kbp","JC",NA,"DNA","expA1_00001_0080_085_1_10kbp_random_trees.phy","expA1_00001_0080_085_1_10kbp_partitions.nex","expA1_00001_0080_085_1_10kbp_output_alignment"
"2786",86,80,1,1,10000,"expA1_00001_0080_086_1_10kbp","JC",NA,"DNA","expA1_00001_0080_086_1_10kbp_random_trees.phy","expA1_00001_0080_086_1_10kbp_partitions.nex","expA1_00001_0080_086_1_10kbp_output_alignment"
"2787",87,80,1,1,10000,"expA1_00001_0080_087_1_10kbp","JC",NA,"DNA","expA1_00001_0080_087_1_10kbp_random_trees.phy","expA1_00001_0080_087_1_10kbp_partitions.nex","expA1_00001_0080_087_1_10kbp_output_alignment"
"2788",88,80,1,1,10000,"expA1_00001_0080_088_1_10kbp","JC",NA,"DNA","expA1_00001_0080_088_1_10kbp_random_trees.phy","expA1_00001_0080_088_1_10kbp_partitions.nex","expA1_00001_0080_088_1_10kbp_output_alignment"
"2789",89,80,1,1,10000,"expA1_00001_0080_089_1_10kbp","JC",NA,"DNA","expA1_00001_0080_089_1_10kbp_random_trees.phy","expA1_00001_0080_089_1_10kbp_partitions.nex","expA1_00001_0080_089_1_10kbp_output_alignment"
"2790",90,80,1,1,10000,"expA1_00001_0080_090_1_10kbp","JC",NA,"DNA","expA1_00001_0080_090_1_10kbp_random_trees.phy","expA1_00001_0080_090_1_10kbp_partitions.nex","expA1_00001_0080_090_1_10kbp_output_alignment"
"2791",91,80,1,1,10000,"expA1_00001_0080_091_1_10kbp","JC",NA,"DNA","expA1_00001_0080_091_1_10kbp_random_trees.phy","expA1_00001_0080_091_1_10kbp_partitions.nex","expA1_00001_0080_091_1_10kbp_output_alignment"
"2792",92,80,1,1,10000,"expA1_00001_0080_092_1_10kbp","JC",NA,"DNA","expA1_00001_0080_092_1_10kbp_random_trees.phy","expA1_00001_0080_092_1_10kbp_partitions.nex","expA1_00001_0080_092_1_10kbp_output_alignment"
"2793",93,80,1,1,10000,"expA1_00001_0080_093_1_10kbp","JC",NA,"DNA","expA1_00001_0080_093_1_10kbp_random_trees.phy","expA1_00001_0080_093_1_10kbp_partitions.nex","expA1_00001_0080_093_1_10kbp_output_alignment"
"2794",94,80,1,1,10000,"expA1_00001_0080_094_1_10kbp","JC",NA,"DNA","expA1_00001_0080_094_1_10kbp_random_trees.phy","expA1_00001_0080_094_1_10kbp_partitions.nex","expA1_00001_0080_094_1_10kbp_output_alignment"
"2795",95,80,1,1,10000,"expA1_00001_0080_095_1_10kbp","JC",NA,"DNA","expA1_00001_0080_095_1_10kbp_random_trees.phy","expA1_00001_0080_095_1_10kbp_partitions.nex","expA1_00001_0080_095_1_10kbp_output_alignment"
"2796",96,80,1,1,10000,"expA1_00001_0080_096_1_10kbp","JC",NA,"DNA","expA1_00001_0080_096_1_10kbp_random_trees.phy","expA1_00001_0080_096_1_10kbp_partitions.nex","expA1_00001_0080_096_1_10kbp_output_alignment"
"2797",97,80,1,1,10000,"expA1_00001_0080_097_1_10kbp","JC",NA,"DNA","expA1_00001_0080_097_1_10kbp_random_trees.phy","expA1_00001_0080_097_1_10kbp_partitions.nex","expA1_00001_0080_097_1_10kbp_output_alignment"
"2798",98,80,1,1,10000,"expA1_00001_0080_098_1_10kbp","JC",NA,"DNA","expA1_00001_0080_098_1_10kbp_random_trees.phy","expA1_00001_0080_098_1_10kbp_partitions.nex","expA1_00001_0080_098_1_10kbp_output_alignment"
"2799",99,80,1,1,10000,"expA1_00001_0080_099_1_10kbp","JC",NA,"DNA","expA1_00001_0080_099_1_10kbp_random_trees.phy","expA1_00001_0080_099_1_10kbp_partitions.nex","expA1_00001_0080_099_1_10kbp_output_alignment"
"2800",100,80,1,1,10000,"expA1_00001_0080_100_1_10kbp","JC",NA,"DNA","expA1_00001_0080_100_1_10kbp_random_trees.phy","expA1_00001_0080_100_1_10kbp_partitions.nex","expA1_00001_0080_100_1_10kbp_output_alignment"
"2801",1,90,1,1,10000,"expA1_00001_0090_001_1_10kbp","JC",NA,"DNA","expA1_00001_0090_001_1_10kbp_random_trees.phy","expA1_00001_0090_001_1_10kbp_partitions.nex","expA1_00001_0090_001_1_10kbp_output_alignment"
"2802",2,90,1,1,10000,"expA1_00001_0090_002_1_10kbp","JC",NA,"DNA","expA1_00001_0090_002_1_10kbp_random_trees.phy","expA1_00001_0090_002_1_10kbp_partitions.nex","expA1_00001_0090_002_1_10kbp_output_alignment"
"2803",3,90,1,1,10000,"expA1_00001_0090_003_1_10kbp","JC",NA,"DNA","expA1_00001_0090_003_1_10kbp_random_trees.phy","expA1_00001_0090_003_1_10kbp_partitions.nex","expA1_00001_0090_003_1_10kbp_output_alignment"
"2804",4,90,1,1,10000,"expA1_00001_0090_004_1_10kbp","JC",NA,"DNA","expA1_00001_0090_004_1_10kbp_random_trees.phy","expA1_00001_0090_004_1_10kbp_partitions.nex","expA1_00001_0090_004_1_10kbp_output_alignment"
"2805",5,90,1,1,10000,"expA1_00001_0090_005_1_10kbp","JC",NA,"DNA","expA1_00001_0090_005_1_10kbp_random_trees.phy","expA1_00001_0090_005_1_10kbp_partitions.nex","expA1_00001_0090_005_1_10kbp_output_alignment"
"2806",6,90,1,1,10000,"expA1_00001_0090_006_1_10kbp","JC",NA,"DNA","expA1_00001_0090_006_1_10kbp_random_trees.phy","expA1_00001_0090_006_1_10kbp_partitions.nex","expA1_00001_0090_006_1_10kbp_output_alignment"
"2807",7,90,1,1,10000,"expA1_00001_0090_007_1_10kbp","JC",NA,"DNA","expA1_00001_0090_007_1_10kbp_random_trees.phy","expA1_00001_0090_007_1_10kbp_partitions.nex","expA1_00001_0090_007_1_10kbp_output_alignment"
"2808",8,90,1,1,10000,"expA1_00001_0090_008_1_10kbp","JC",NA,"DNA","expA1_00001_0090_008_1_10kbp_random_trees.phy","expA1_00001_0090_008_1_10kbp_partitions.nex","expA1_00001_0090_008_1_10kbp_output_alignment"
"2809",9,90,1,1,10000,"expA1_00001_0090_009_1_10kbp","JC",NA,"DNA","expA1_00001_0090_009_1_10kbp_random_trees.phy","expA1_00001_0090_009_1_10kbp_partitions.nex","expA1_00001_0090_009_1_10kbp_output_alignment"
"2810",10,90,1,1,10000,"expA1_00001_0090_010_1_10kbp","JC",NA,"DNA","expA1_00001_0090_010_1_10kbp_random_trees.phy","expA1_00001_0090_010_1_10kbp_partitions.nex","expA1_00001_0090_010_1_10kbp_output_alignment"
"2811",11,90,1,1,10000,"expA1_00001_0090_011_1_10kbp","JC",NA,"DNA","expA1_00001_0090_011_1_10kbp_random_trees.phy","expA1_00001_0090_011_1_10kbp_partitions.nex","expA1_00001_0090_011_1_10kbp_output_alignment"
"2812",12,90,1,1,10000,"expA1_00001_0090_012_1_10kbp","JC",NA,"DNA","expA1_00001_0090_012_1_10kbp_random_trees.phy","expA1_00001_0090_012_1_10kbp_partitions.nex","expA1_00001_0090_012_1_10kbp_output_alignment"
"2813",13,90,1,1,10000,"expA1_00001_0090_013_1_10kbp","JC",NA,"DNA","expA1_00001_0090_013_1_10kbp_random_trees.phy","expA1_00001_0090_013_1_10kbp_partitions.nex","expA1_00001_0090_013_1_10kbp_output_alignment"
"2814",14,90,1,1,10000,"expA1_00001_0090_014_1_10kbp","JC",NA,"DNA","expA1_00001_0090_014_1_10kbp_random_trees.phy","expA1_00001_0090_014_1_10kbp_partitions.nex","expA1_00001_0090_014_1_10kbp_output_alignment"
"2815",15,90,1,1,10000,"expA1_00001_0090_015_1_10kbp","JC",NA,"DNA","expA1_00001_0090_015_1_10kbp_random_trees.phy","expA1_00001_0090_015_1_10kbp_partitions.nex","expA1_00001_0090_015_1_10kbp_output_alignment"
"2816",16,90,1,1,10000,"expA1_00001_0090_016_1_10kbp","JC",NA,"DNA","expA1_00001_0090_016_1_10kbp_random_trees.phy","expA1_00001_0090_016_1_10kbp_partitions.nex","expA1_00001_0090_016_1_10kbp_output_alignment"
"2817",17,90,1,1,10000,"expA1_00001_0090_017_1_10kbp","JC",NA,"DNA","expA1_00001_0090_017_1_10kbp_random_trees.phy","expA1_00001_0090_017_1_10kbp_partitions.nex","expA1_00001_0090_017_1_10kbp_output_alignment"
"2818",18,90,1,1,10000,"expA1_00001_0090_018_1_10kbp","JC",NA,"DNA","expA1_00001_0090_018_1_10kbp_random_trees.phy","expA1_00001_0090_018_1_10kbp_partitions.nex","expA1_00001_0090_018_1_10kbp_output_alignment"
"2819",19,90,1,1,10000,"expA1_00001_0090_019_1_10kbp","JC",NA,"DNA","expA1_00001_0090_019_1_10kbp_random_trees.phy","expA1_00001_0090_019_1_10kbp_partitions.nex","expA1_00001_0090_019_1_10kbp_output_alignment"
"2820",20,90,1,1,10000,"expA1_00001_0090_020_1_10kbp","JC",NA,"DNA","expA1_00001_0090_020_1_10kbp_random_trees.phy","expA1_00001_0090_020_1_10kbp_partitions.nex","expA1_00001_0090_020_1_10kbp_output_alignment"
"2821",21,90,1,1,10000,"expA1_00001_0090_021_1_10kbp","JC",NA,"DNA","expA1_00001_0090_021_1_10kbp_random_trees.phy","expA1_00001_0090_021_1_10kbp_partitions.nex","expA1_00001_0090_021_1_10kbp_output_alignment"
"2822",22,90,1,1,10000,"expA1_00001_0090_022_1_10kbp","JC",NA,"DNA","expA1_00001_0090_022_1_10kbp_random_trees.phy","expA1_00001_0090_022_1_10kbp_partitions.nex","expA1_00001_0090_022_1_10kbp_output_alignment"
"2823",23,90,1,1,10000,"expA1_00001_0090_023_1_10kbp","JC",NA,"DNA","expA1_00001_0090_023_1_10kbp_random_trees.phy","expA1_00001_0090_023_1_10kbp_partitions.nex","expA1_00001_0090_023_1_10kbp_output_alignment"
"2824",24,90,1,1,10000,"expA1_00001_0090_024_1_10kbp","JC",NA,"DNA","expA1_00001_0090_024_1_10kbp_random_trees.phy","expA1_00001_0090_024_1_10kbp_partitions.nex","expA1_00001_0090_024_1_10kbp_output_alignment"
"2825",25,90,1,1,10000,"expA1_00001_0090_025_1_10kbp","JC",NA,"DNA","expA1_00001_0090_025_1_10kbp_random_trees.phy","expA1_00001_0090_025_1_10kbp_partitions.nex","expA1_00001_0090_025_1_10kbp_output_alignment"
"2826",26,90,1,1,10000,"expA1_00001_0090_026_1_10kbp","JC",NA,"DNA","expA1_00001_0090_026_1_10kbp_random_trees.phy","expA1_00001_0090_026_1_10kbp_partitions.nex","expA1_00001_0090_026_1_10kbp_output_alignment"
"2827",27,90,1,1,10000,"expA1_00001_0090_027_1_10kbp","JC",NA,"DNA","expA1_00001_0090_027_1_10kbp_random_trees.phy","expA1_00001_0090_027_1_10kbp_partitions.nex","expA1_00001_0090_027_1_10kbp_output_alignment"
"2828",28,90,1,1,10000,"expA1_00001_0090_028_1_10kbp","JC",NA,"DNA","expA1_00001_0090_028_1_10kbp_random_trees.phy","expA1_00001_0090_028_1_10kbp_partitions.nex","expA1_00001_0090_028_1_10kbp_output_alignment"
"2829",29,90,1,1,10000,"expA1_00001_0090_029_1_10kbp","JC",NA,"DNA","expA1_00001_0090_029_1_10kbp_random_trees.phy","expA1_00001_0090_029_1_10kbp_partitions.nex","expA1_00001_0090_029_1_10kbp_output_alignment"
"2830",30,90,1,1,10000,"expA1_00001_0090_030_1_10kbp","JC",NA,"DNA","expA1_00001_0090_030_1_10kbp_random_trees.phy","expA1_00001_0090_030_1_10kbp_partitions.nex","expA1_00001_0090_030_1_10kbp_output_alignment"
"2831",31,90,1,1,10000,"expA1_00001_0090_031_1_10kbp","JC",NA,"DNA","expA1_00001_0090_031_1_10kbp_random_trees.phy","expA1_00001_0090_031_1_10kbp_partitions.nex","expA1_00001_0090_031_1_10kbp_output_alignment"
"2832",32,90,1,1,10000,"expA1_00001_0090_032_1_10kbp","JC",NA,"DNA","expA1_00001_0090_032_1_10kbp_random_trees.phy","expA1_00001_0090_032_1_10kbp_partitions.nex","expA1_00001_0090_032_1_10kbp_output_alignment"
"2833",33,90,1,1,10000,"expA1_00001_0090_033_1_10kbp","JC",NA,"DNA","expA1_00001_0090_033_1_10kbp_random_trees.phy","expA1_00001_0090_033_1_10kbp_partitions.nex","expA1_00001_0090_033_1_10kbp_output_alignment"
"2834",34,90,1,1,10000,"expA1_00001_0090_034_1_10kbp","JC",NA,"DNA","expA1_00001_0090_034_1_10kbp_random_trees.phy","expA1_00001_0090_034_1_10kbp_partitions.nex","expA1_00001_0090_034_1_10kbp_output_alignment"
"2835",35,90,1,1,10000,"expA1_00001_0090_035_1_10kbp","JC",NA,"DNA","expA1_00001_0090_035_1_10kbp_random_trees.phy","expA1_00001_0090_035_1_10kbp_partitions.nex","expA1_00001_0090_035_1_10kbp_output_alignment"
"2836",36,90,1,1,10000,"expA1_00001_0090_036_1_10kbp","JC",NA,"DNA","expA1_00001_0090_036_1_10kbp_random_trees.phy","expA1_00001_0090_036_1_10kbp_partitions.nex","expA1_00001_0090_036_1_10kbp_output_alignment"
"2837",37,90,1,1,10000,"expA1_00001_0090_037_1_10kbp","JC",NA,"DNA","expA1_00001_0090_037_1_10kbp_random_trees.phy","expA1_00001_0090_037_1_10kbp_partitions.nex","expA1_00001_0090_037_1_10kbp_output_alignment"
"2838",38,90,1,1,10000,"expA1_00001_0090_038_1_10kbp","JC",NA,"DNA","expA1_00001_0090_038_1_10kbp_random_trees.phy","expA1_00001_0090_038_1_10kbp_partitions.nex","expA1_00001_0090_038_1_10kbp_output_alignment"
"2839",39,90,1,1,10000,"expA1_00001_0090_039_1_10kbp","JC",NA,"DNA","expA1_00001_0090_039_1_10kbp_random_trees.phy","expA1_00001_0090_039_1_10kbp_partitions.nex","expA1_00001_0090_039_1_10kbp_output_alignment"
"2840",40,90,1,1,10000,"expA1_00001_0090_040_1_10kbp","JC",NA,"DNA","expA1_00001_0090_040_1_10kbp_random_trees.phy","expA1_00001_0090_040_1_10kbp_partitions.nex","expA1_00001_0090_040_1_10kbp_output_alignment"
"2841",41,90,1,1,10000,"expA1_00001_0090_041_1_10kbp","JC",NA,"DNA","expA1_00001_0090_041_1_10kbp_random_trees.phy","expA1_00001_0090_041_1_10kbp_partitions.nex","expA1_00001_0090_041_1_10kbp_output_alignment"
"2842",42,90,1,1,10000,"expA1_00001_0090_042_1_10kbp","JC",NA,"DNA","expA1_00001_0090_042_1_10kbp_random_trees.phy","expA1_00001_0090_042_1_10kbp_partitions.nex","expA1_00001_0090_042_1_10kbp_output_alignment"
"2843",43,90,1,1,10000,"expA1_00001_0090_043_1_10kbp","JC",NA,"DNA","expA1_00001_0090_043_1_10kbp_random_trees.phy","expA1_00001_0090_043_1_10kbp_partitions.nex","expA1_00001_0090_043_1_10kbp_output_alignment"
"2844",44,90,1,1,10000,"expA1_00001_0090_044_1_10kbp","JC",NA,"DNA","expA1_00001_0090_044_1_10kbp_random_trees.phy","expA1_00001_0090_044_1_10kbp_partitions.nex","expA1_00001_0090_044_1_10kbp_output_alignment"
"2845",45,90,1,1,10000,"expA1_00001_0090_045_1_10kbp","JC",NA,"DNA","expA1_00001_0090_045_1_10kbp_random_trees.phy","expA1_00001_0090_045_1_10kbp_partitions.nex","expA1_00001_0090_045_1_10kbp_output_alignment"
"2846",46,90,1,1,10000,"expA1_00001_0090_046_1_10kbp","JC",NA,"DNA","expA1_00001_0090_046_1_10kbp_random_trees.phy","expA1_00001_0090_046_1_10kbp_partitions.nex","expA1_00001_0090_046_1_10kbp_output_alignment"
"2847",47,90,1,1,10000,"expA1_00001_0090_047_1_10kbp","JC",NA,"DNA","expA1_00001_0090_047_1_10kbp_random_trees.phy","expA1_00001_0090_047_1_10kbp_partitions.nex","expA1_00001_0090_047_1_10kbp_output_alignment"
"2848",48,90,1,1,10000,"expA1_00001_0090_048_1_10kbp","JC",NA,"DNA","expA1_00001_0090_048_1_10kbp_random_trees.phy","expA1_00001_0090_048_1_10kbp_partitions.nex","expA1_00001_0090_048_1_10kbp_output_alignment"
"2849",49,90,1,1,10000,"expA1_00001_0090_049_1_10kbp","JC",NA,"DNA","expA1_00001_0090_049_1_10kbp_random_trees.phy","expA1_00001_0090_049_1_10kbp_partitions.nex","expA1_00001_0090_049_1_10kbp_output_alignment"
"2850",50,90,1,1,10000,"expA1_00001_0090_050_1_10kbp","JC",NA,"DNA","expA1_00001_0090_050_1_10kbp_random_trees.phy","expA1_00001_0090_050_1_10kbp_partitions.nex","expA1_00001_0090_050_1_10kbp_output_alignment"
"2851",51,90,1,1,10000,"expA1_00001_0090_051_1_10kbp","JC",NA,"DNA","expA1_00001_0090_051_1_10kbp_random_trees.phy","expA1_00001_0090_051_1_10kbp_partitions.nex","expA1_00001_0090_051_1_10kbp_output_alignment"
"2852",52,90,1,1,10000,"expA1_00001_0090_052_1_10kbp","JC",NA,"DNA","expA1_00001_0090_052_1_10kbp_random_trees.phy","expA1_00001_0090_052_1_10kbp_partitions.nex","expA1_00001_0090_052_1_10kbp_output_alignment"
"2853",53,90,1,1,10000,"expA1_00001_0090_053_1_10kbp","JC",NA,"DNA","expA1_00001_0090_053_1_10kbp_random_trees.phy","expA1_00001_0090_053_1_10kbp_partitions.nex","expA1_00001_0090_053_1_10kbp_output_alignment"
"2854",54,90,1,1,10000,"expA1_00001_0090_054_1_10kbp","JC",NA,"DNA","expA1_00001_0090_054_1_10kbp_random_trees.phy","expA1_00001_0090_054_1_10kbp_partitions.nex","expA1_00001_0090_054_1_10kbp_output_alignment"
"2855",55,90,1,1,10000,"expA1_00001_0090_055_1_10kbp","JC",NA,"DNA","expA1_00001_0090_055_1_10kbp_random_trees.phy","expA1_00001_0090_055_1_10kbp_partitions.nex","expA1_00001_0090_055_1_10kbp_output_alignment"
"2856",56,90,1,1,10000,"expA1_00001_0090_056_1_10kbp","JC",NA,"DNA","expA1_00001_0090_056_1_10kbp_random_trees.phy","expA1_00001_0090_056_1_10kbp_partitions.nex","expA1_00001_0090_056_1_10kbp_output_alignment"
"2857",57,90,1,1,10000,"expA1_00001_0090_057_1_10kbp","JC",NA,"DNA","expA1_00001_0090_057_1_10kbp_random_trees.phy","expA1_00001_0090_057_1_10kbp_partitions.nex","expA1_00001_0090_057_1_10kbp_output_alignment"
"2858",58,90,1,1,10000,"expA1_00001_0090_058_1_10kbp","JC",NA,"DNA","expA1_00001_0090_058_1_10kbp_random_trees.phy","expA1_00001_0090_058_1_10kbp_partitions.nex","expA1_00001_0090_058_1_10kbp_output_alignment"
"2859",59,90,1,1,10000,"expA1_00001_0090_059_1_10kbp","JC",NA,"DNA","expA1_00001_0090_059_1_10kbp_random_trees.phy","expA1_00001_0090_059_1_10kbp_partitions.nex","expA1_00001_0090_059_1_10kbp_output_alignment"
"2860",60,90,1,1,10000,"expA1_00001_0090_060_1_10kbp","JC",NA,"DNA","expA1_00001_0090_060_1_10kbp_random_trees.phy","expA1_00001_0090_060_1_10kbp_partitions.nex","expA1_00001_0090_060_1_10kbp_output_alignment"
"2861",61,90,1,1,10000,"expA1_00001_0090_061_1_10kbp","JC",NA,"DNA","expA1_00001_0090_061_1_10kbp_random_trees.phy","expA1_00001_0090_061_1_10kbp_partitions.nex","expA1_00001_0090_061_1_10kbp_output_alignment"
"2862",62,90,1,1,10000,"expA1_00001_0090_062_1_10kbp","JC",NA,"DNA","expA1_00001_0090_062_1_10kbp_random_trees.phy","expA1_00001_0090_062_1_10kbp_partitions.nex","expA1_00001_0090_062_1_10kbp_output_alignment"
"2863",63,90,1,1,10000,"expA1_00001_0090_063_1_10kbp","JC",NA,"DNA","expA1_00001_0090_063_1_10kbp_random_trees.phy","expA1_00001_0090_063_1_10kbp_partitions.nex","expA1_00001_0090_063_1_10kbp_output_alignment"
"2864",64,90,1,1,10000,"expA1_00001_0090_064_1_10kbp","JC",NA,"DNA","expA1_00001_0090_064_1_10kbp_random_trees.phy","expA1_00001_0090_064_1_10kbp_partitions.nex","expA1_00001_0090_064_1_10kbp_output_alignment"
"2865",65,90,1,1,10000,"expA1_00001_0090_065_1_10kbp","JC",NA,"DNA","expA1_00001_0090_065_1_10kbp_random_trees.phy","expA1_00001_0090_065_1_10kbp_partitions.nex","expA1_00001_0090_065_1_10kbp_output_alignment"
"2866",66,90,1,1,10000,"expA1_00001_0090_066_1_10kbp","JC",NA,"DNA","expA1_00001_0090_066_1_10kbp_random_trees.phy","expA1_00001_0090_066_1_10kbp_partitions.nex","expA1_00001_0090_066_1_10kbp_output_alignment"
"2867",67,90,1,1,10000,"expA1_00001_0090_067_1_10kbp","JC",NA,"DNA","expA1_00001_0090_067_1_10kbp_random_trees.phy","expA1_00001_0090_067_1_10kbp_partitions.nex","expA1_00001_0090_067_1_10kbp_output_alignment"
"2868",68,90,1,1,10000,"expA1_00001_0090_068_1_10kbp","JC",NA,"DNA","expA1_00001_0090_068_1_10kbp_random_trees.phy","expA1_00001_0090_068_1_10kbp_partitions.nex","expA1_00001_0090_068_1_10kbp_output_alignment"
"2869",69,90,1,1,10000,"expA1_00001_0090_069_1_10kbp","JC",NA,"DNA","expA1_00001_0090_069_1_10kbp_random_trees.phy","expA1_00001_0090_069_1_10kbp_partitions.nex","expA1_00001_0090_069_1_10kbp_output_alignment"
"2870",70,90,1,1,10000,"expA1_00001_0090_070_1_10kbp","JC",NA,"DNA","expA1_00001_0090_070_1_10kbp_random_trees.phy","expA1_00001_0090_070_1_10kbp_partitions.nex","expA1_00001_0090_070_1_10kbp_output_alignment"
"2871",71,90,1,1,10000,"expA1_00001_0090_071_1_10kbp","JC",NA,"DNA","expA1_00001_0090_071_1_10kbp_random_trees.phy","expA1_00001_0090_071_1_10kbp_partitions.nex","expA1_00001_0090_071_1_10kbp_output_alignment"
"2872",72,90,1,1,10000,"expA1_00001_0090_072_1_10kbp","JC",NA,"DNA","expA1_00001_0090_072_1_10kbp_random_trees.phy","expA1_00001_0090_072_1_10kbp_partitions.nex","expA1_00001_0090_072_1_10kbp_output_alignment"
"2873",73,90,1,1,10000,"expA1_00001_0090_073_1_10kbp","JC",NA,"DNA","expA1_00001_0090_073_1_10kbp_random_trees.phy","expA1_00001_0090_073_1_10kbp_partitions.nex","expA1_00001_0090_073_1_10kbp_output_alignment"
"2874",74,90,1,1,10000,"expA1_00001_0090_074_1_10kbp","JC",NA,"DNA","expA1_00001_0090_074_1_10kbp_random_trees.phy","expA1_00001_0090_074_1_10kbp_partitions.nex","expA1_00001_0090_074_1_10kbp_output_alignment"
"2875",75,90,1,1,10000,"expA1_00001_0090_075_1_10kbp","JC",NA,"DNA","expA1_00001_0090_075_1_10kbp_random_trees.phy","expA1_00001_0090_075_1_10kbp_partitions.nex","expA1_00001_0090_075_1_10kbp_output_alignment"
"2876",76,90,1,1,10000,"expA1_00001_0090_076_1_10kbp","JC",NA,"DNA","expA1_00001_0090_076_1_10kbp_random_trees.phy","expA1_00001_0090_076_1_10kbp_partitions.nex","expA1_00001_0090_076_1_10kbp_output_alignment"
"2877",77,90,1,1,10000,"expA1_00001_0090_077_1_10kbp","JC",NA,"DNA","expA1_00001_0090_077_1_10kbp_random_trees.phy","expA1_00001_0090_077_1_10kbp_partitions.nex","expA1_00001_0090_077_1_10kbp_output_alignment"
"2878",78,90,1,1,10000,"expA1_00001_0090_078_1_10kbp","JC",NA,"DNA","expA1_00001_0090_078_1_10kbp_random_trees.phy","expA1_00001_0090_078_1_10kbp_partitions.nex","expA1_00001_0090_078_1_10kbp_output_alignment"
"2879",79,90,1,1,10000,"expA1_00001_0090_079_1_10kbp","JC",NA,"DNA","expA1_00001_0090_079_1_10kbp_random_trees.phy","expA1_00001_0090_079_1_10kbp_partitions.nex","expA1_00001_0090_079_1_10kbp_output_alignment"
"2880",80,90,1,1,10000,"expA1_00001_0090_080_1_10kbp","JC",NA,"DNA","expA1_00001_0090_080_1_10kbp_random_trees.phy","expA1_00001_0090_080_1_10kbp_partitions.nex","expA1_00001_0090_080_1_10kbp_output_alignment"
"2881",81,90,1,1,10000,"expA1_00001_0090_081_1_10kbp","JC",NA,"DNA","expA1_00001_0090_081_1_10kbp_random_trees.phy","expA1_00001_0090_081_1_10kbp_partitions.nex","expA1_00001_0090_081_1_10kbp_output_alignment"
"2882",82,90,1,1,10000,"expA1_00001_0090_082_1_10kbp","JC",NA,"DNA","expA1_00001_0090_082_1_10kbp_random_trees.phy","expA1_00001_0090_082_1_10kbp_partitions.nex","expA1_00001_0090_082_1_10kbp_output_alignment"
"2883",83,90,1,1,10000,"expA1_00001_0090_083_1_10kbp","JC",NA,"DNA","expA1_00001_0090_083_1_10kbp_random_trees.phy","expA1_00001_0090_083_1_10kbp_partitions.nex","expA1_00001_0090_083_1_10kbp_output_alignment"
"2884",84,90,1,1,10000,"expA1_00001_0090_084_1_10kbp","JC",NA,"DNA","expA1_00001_0090_084_1_10kbp_random_trees.phy","expA1_00001_0090_084_1_10kbp_partitions.nex","expA1_00001_0090_084_1_10kbp_output_alignment"
"2885",85,90,1,1,10000,"expA1_00001_0090_085_1_10kbp","JC",NA,"DNA","expA1_00001_0090_085_1_10kbp_random_trees.phy","expA1_00001_0090_085_1_10kbp_partitions.nex","expA1_00001_0090_085_1_10kbp_output_alignment"
"2886",86,90,1,1,10000,"expA1_00001_0090_086_1_10kbp","JC",NA,"DNA","expA1_00001_0090_086_1_10kbp_random_trees.phy","expA1_00001_0090_086_1_10kbp_partitions.nex","expA1_00001_0090_086_1_10kbp_output_alignment"
"2887",87,90,1,1,10000,"expA1_00001_0090_087_1_10kbp","JC",NA,"DNA","expA1_00001_0090_087_1_10kbp_random_trees.phy","expA1_00001_0090_087_1_10kbp_partitions.nex","expA1_00001_0090_087_1_10kbp_output_alignment"
"2888",88,90,1,1,10000,"expA1_00001_0090_088_1_10kbp","JC",NA,"DNA","expA1_00001_0090_088_1_10kbp_random_trees.phy","expA1_00001_0090_088_1_10kbp_partitions.nex","expA1_00001_0090_088_1_10kbp_output_alignment"
"2889",89,90,1,1,10000,"expA1_00001_0090_089_1_10kbp","JC",NA,"DNA","expA1_00001_0090_089_1_10kbp_random_trees.phy","expA1_00001_0090_089_1_10kbp_partitions.nex","expA1_00001_0090_089_1_10kbp_output_alignment"
"2890",90,90,1,1,10000,"expA1_00001_0090_090_1_10kbp","JC",NA,"DNA","expA1_00001_0090_090_1_10kbp_random_trees.phy","expA1_00001_0090_090_1_10kbp_partitions.nex","expA1_00001_0090_090_1_10kbp_output_alignment"
"2891",91,90,1,1,10000,"expA1_00001_0090_091_1_10kbp","JC",NA,"DNA","expA1_00001_0090_091_1_10kbp_random_trees.phy","expA1_00001_0090_091_1_10kbp_partitions.nex","expA1_00001_0090_091_1_10kbp_output_alignment"
"2892",92,90,1,1,10000,"expA1_00001_0090_092_1_10kbp","JC",NA,"DNA","expA1_00001_0090_092_1_10kbp_random_trees.phy","expA1_00001_0090_092_1_10kbp_partitions.nex","expA1_00001_0090_092_1_10kbp_output_alignment"
"2893",93,90,1,1,10000,"expA1_00001_0090_093_1_10kbp","JC",NA,"DNA","expA1_00001_0090_093_1_10kbp_random_trees.phy","expA1_00001_0090_093_1_10kbp_partitions.nex","expA1_00001_0090_093_1_10kbp_output_alignment"
"2894",94,90,1,1,10000,"expA1_00001_0090_094_1_10kbp","JC",NA,"DNA","expA1_00001_0090_094_1_10kbp_random_trees.phy","expA1_00001_0090_094_1_10kbp_partitions.nex","expA1_00001_0090_094_1_10kbp_output_alignment"
"2895",95,90,1,1,10000,"expA1_00001_0090_095_1_10kbp","JC",NA,"DNA","expA1_00001_0090_095_1_10kbp_random_trees.phy","expA1_00001_0090_095_1_10kbp_partitions.nex","expA1_00001_0090_095_1_10kbp_output_alignment"
"2896",96,90,1,1,10000,"expA1_00001_0090_096_1_10kbp","JC",NA,"DNA","expA1_00001_0090_096_1_10kbp_random_trees.phy","expA1_00001_0090_096_1_10kbp_partitions.nex","expA1_00001_0090_096_1_10kbp_output_alignment"
"2897",97,90,1,1,10000,"expA1_00001_0090_097_1_10kbp","JC",NA,"DNA","expA1_00001_0090_097_1_10kbp_random_trees.phy","expA1_00001_0090_097_1_10kbp_partitions.nex","expA1_00001_0090_097_1_10kbp_output_alignment"
"2898",98,90,1,1,10000,"expA1_00001_0090_098_1_10kbp","JC",NA,"DNA","expA1_00001_0090_098_1_10kbp_random_trees.phy","expA1_00001_0090_098_1_10kbp_partitions.nex","expA1_00001_0090_098_1_10kbp_output_alignment"
"2899",99,90,1,1,10000,"expA1_00001_0090_099_1_10kbp","JC",NA,"DNA","expA1_00001_0090_099_1_10kbp_random_trees.phy","expA1_00001_0090_099_1_10kbp_partitions.nex","expA1_00001_0090_099_1_10kbp_output_alignment"
"2900",100,90,1,1,10000,"expA1_00001_0090_100_1_10kbp","JC",NA,"DNA","expA1_00001_0090_100_1_10kbp_random_trees.phy","expA1_00001_0090_100_1_10kbp_partitions.nex","expA1_00001_0090_100_1_10kbp_output_alignment"
"2901",1,100,1,1,10000,"expA1_00001_0100_001_1_10kbp","JC",NA,"DNA","expA1_00001_0100_001_1_10kbp_random_trees.phy","expA1_00001_0100_001_1_10kbp_partitions.nex","expA1_00001_0100_001_1_10kbp_output_alignment"
"2902",2,100,1,1,10000,"expA1_00001_0100_002_1_10kbp","JC",NA,"DNA","expA1_00001_0100_002_1_10kbp_random_trees.phy","expA1_00001_0100_002_1_10kbp_partitions.nex","expA1_00001_0100_002_1_10kbp_output_alignment"
"2903",3,100,1,1,10000,"expA1_00001_0100_003_1_10kbp","JC",NA,"DNA","expA1_00001_0100_003_1_10kbp_random_trees.phy","expA1_00001_0100_003_1_10kbp_partitions.nex","expA1_00001_0100_003_1_10kbp_output_alignment"
"2904",4,100,1,1,10000,"expA1_00001_0100_004_1_10kbp","JC",NA,"DNA","expA1_00001_0100_004_1_10kbp_random_trees.phy","expA1_00001_0100_004_1_10kbp_partitions.nex","expA1_00001_0100_004_1_10kbp_output_alignment"
"2905",5,100,1,1,10000,"expA1_00001_0100_005_1_10kbp","JC",NA,"DNA","expA1_00001_0100_005_1_10kbp_random_trees.phy","expA1_00001_0100_005_1_10kbp_partitions.nex","expA1_00001_0100_005_1_10kbp_output_alignment"
"2906",6,100,1,1,10000,"expA1_00001_0100_006_1_10kbp","JC",NA,"DNA","expA1_00001_0100_006_1_10kbp_random_trees.phy","expA1_00001_0100_006_1_10kbp_partitions.nex","expA1_00001_0100_006_1_10kbp_output_alignment"
"2907",7,100,1,1,10000,"expA1_00001_0100_007_1_10kbp","JC",NA,"DNA","expA1_00001_0100_007_1_10kbp_random_trees.phy","expA1_00001_0100_007_1_10kbp_partitions.nex","expA1_00001_0100_007_1_10kbp_output_alignment"
"2908",8,100,1,1,10000,"expA1_00001_0100_008_1_10kbp","JC",NA,"DNA","expA1_00001_0100_008_1_10kbp_random_trees.phy","expA1_00001_0100_008_1_10kbp_partitions.nex","expA1_00001_0100_008_1_10kbp_output_alignment"
"2909",9,100,1,1,10000,"expA1_00001_0100_009_1_10kbp","JC",NA,"DNA","expA1_00001_0100_009_1_10kbp_random_trees.phy","expA1_00001_0100_009_1_10kbp_partitions.nex","expA1_00001_0100_009_1_10kbp_output_alignment"
"2910",10,100,1,1,10000,"expA1_00001_0100_010_1_10kbp","JC",NA,"DNA","expA1_00001_0100_010_1_10kbp_random_trees.phy","expA1_00001_0100_010_1_10kbp_partitions.nex","expA1_00001_0100_010_1_10kbp_output_alignment"
"2911",11,100,1,1,10000,"expA1_00001_0100_011_1_10kbp","JC",NA,"DNA","expA1_00001_0100_011_1_10kbp_random_trees.phy","expA1_00001_0100_011_1_10kbp_partitions.nex","expA1_00001_0100_011_1_10kbp_output_alignment"
"2912",12,100,1,1,10000,"expA1_00001_0100_012_1_10kbp","JC",NA,"DNA","expA1_00001_0100_012_1_10kbp_random_trees.phy","expA1_00001_0100_012_1_10kbp_partitions.nex","expA1_00001_0100_012_1_10kbp_output_alignment"
"2913",13,100,1,1,10000,"expA1_00001_0100_013_1_10kbp","JC",NA,"DNA","expA1_00001_0100_013_1_10kbp_random_trees.phy","expA1_00001_0100_013_1_10kbp_partitions.nex","expA1_00001_0100_013_1_10kbp_output_alignment"
"2914",14,100,1,1,10000,"expA1_00001_0100_014_1_10kbp","JC",NA,"DNA","expA1_00001_0100_014_1_10kbp_random_trees.phy","expA1_00001_0100_014_1_10kbp_partitions.nex","expA1_00001_0100_014_1_10kbp_output_alignment"
"2915",15,100,1,1,10000,"expA1_00001_0100_015_1_10kbp","JC",NA,"DNA","expA1_00001_0100_015_1_10kbp_random_trees.phy","expA1_00001_0100_015_1_10kbp_partitions.nex","expA1_00001_0100_015_1_10kbp_output_alignment"
"2916",16,100,1,1,10000,"expA1_00001_0100_016_1_10kbp","JC",NA,"DNA","expA1_00001_0100_016_1_10kbp_random_trees.phy","expA1_00001_0100_016_1_10kbp_partitions.nex","expA1_00001_0100_016_1_10kbp_output_alignment"
"2917",17,100,1,1,10000,"expA1_00001_0100_017_1_10kbp","JC",NA,"DNA","expA1_00001_0100_017_1_10kbp_random_trees.phy","expA1_00001_0100_017_1_10kbp_partitions.nex","expA1_00001_0100_017_1_10kbp_output_alignment"
"2918",18,100,1,1,10000,"expA1_00001_0100_018_1_10kbp","JC",NA,"DNA","expA1_00001_0100_018_1_10kbp_random_trees.phy","expA1_00001_0100_018_1_10kbp_partitions.nex","expA1_00001_0100_018_1_10kbp_output_alignment"
"2919",19,100,1,1,10000,"expA1_00001_0100_019_1_10kbp","JC",NA,"DNA","expA1_00001_0100_019_1_10kbp_random_trees.phy","expA1_00001_0100_019_1_10kbp_partitions.nex","expA1_00001_0100_019_1_10kbp_output_alignment"
"2920",20,100,1,1,10000,"expA1_00001_0100_020_1_10kbp","JC",NA,"DNA","expA1_00001_0100_020_1_10kbp_random_trees.phy","expA1_00001_0100_020_1_10kbp_partitions.nex","expA1_00001_0100_020_1_10kbp_output_alignment"
"2921",21,100,1,1,10000,"expA1_00001_0100_021_1_10kbp","JC",NA,"DNA","expA1_00001_0100_021_1_10kbp_random_trees.phy","expA1_00001_0100_021_1_10kbp_partitions.nex","expA1_00001_0100_021_1_10kbp_output_alignment"
"2922",22,100,1,1,10000,"expA1_00001_0100_022_1_10kbp","JC",NA,"DNA","expA1_00001_0100_022_1_10kbp_random_trees.phy","expA1_00001_0100_022_1_10kbp_partitions.nex","expA1_00001_0100_022_1_10kbp_output_alignment"
"2923",23,100,1,1,10000,"expA1_00001_0100_023_1_10kbp","JC",NA,"DNA","expA1_00001_0100_023_1_10kbp_random_trees.phy","expA1_00001_0100_023_1_10kbp_partitions.nex","expA1_00001_0100_023_1_10kbp_output_alignment"
"2924",24,100,1,1,10000,"expA1_00001_0100_024_1_10kbp","JC",NA,"DNA","expA1_00001_0100_024_1_10kbp_random_trees.phy","expA1_00001_0100_024_1_10kbp_partitions.nex","expA1_00001_0100_024_1_10kbp_output_alignment"
"2925",25,100,1,1,10000,"expA1_00001_0100_025_1_10kbp","JC",NA,"DNA","expA1_00001_0100_025_1_10kbp_random_trees.phy","expA1_00001_0100_025_1_10kbp_partitions.nex","expA1_00001_0100_025_1_10kbp_output_alignment"
"2926",26,100,1,1,10000,"expA1_00001_0100_026_1_10kbp","JC",NA,"DNA","expA1_00001_0100_026_1_10kbp_random_trees.phy","expA1_00001_0100_026_1_10kbp_partitions.nex","expA1_00001_0100_026_1_10kbp_output_alignment"
"2927",27,100,1,1,10000,"expA1_00001_0100_027_1_10kbp","JC",NA,"DNA","expA1_00001_0100_027_1_10kbp_random_trees.phy","expA1_00001_0100_027_1_10kbp_partitions.nex","expA1_00001_0100_027_1_10kbp_output_alignment"
"2928",28,100,1,1,10000,"expA1_00001_0100_028_1_10kbp","JC",NA,"DNA","expA1_00001_0100_028_1_10kbp_random_trees.phy","expA1_00001_0100_028_1_10kbp_partitions.nex","expA1_00001_0100_028_1_10kbp_output_alignment"
"2929",29,100,1,1,10000,"expA1_00001_0100_029_1_10kbp","JC",NA,"DNA","expA1_00001_0100_029_1_10kbp_random_trees.phy","expA1_00001_0100_029_1_10kbp_partitions.nex","expA1_00001_0100_029_1_10kbp_output_alignment"
"2930",30,100,1,1,10000,"expA1_00001_0100_030_1_10kbp","JC",NA,"DNA","expA1_00001_0100_030_1_10kbp_random_trees.phy","expA1_00001_0100_030_1_10kbp_partitions.nex","expA1_00001_0100_030_1_10kbp_output_alignment"
"2931",31,100,1,1,10000,"expA1_00001_0100_031_1_10kbp","JC",NA,"DNA","expA1_00001_0100_031_1_10kbp_random_trees.phy","expA1_00001_0100_031_1_10kbp_partitions.nex","expA1_00001_0100_031_1_10kbp_output_alignment"
"2932",32,100,1,1,10000,"expA1_00001_0100_032_1_10kbp","JC",NA,"DNA","expA1_00001_0100_032_1_10kbp_random_trees.phy","expA1_00001_0100_032_1_10kbp_partitions.nex","expA1_00001_0100_032_1_10kbp_output_alignment"
"2933",33,100,1,1,10000,"expA1_00001_0100_033_1_10kbp","JC",NA,"DNA","expA1_00001_0100_033_1_10kbp_random_trees.phy","expA1_00001_0100_033_1_10kbp_partitions.nex","expA1_00001_0100_033_1_10kbp_output_alignment"
"2934",34,100,1,1,10000,"expA1_00001_0100_034_1_10kbp","JC",NA,"DNA","expA1_00001_0100_034_1_10kbp_random_trees.phy","expA1_00001_0100_034_1_10kbp_partitions.nex","expA1_00001_0100_034_1_10kbp_output_alignment"
"2935",35,100,1,1,10000,"expA1_00001_0100_035_1_10kbp","JC",NA,"DNA","expA1_00001_0100_035_1_10kbp_random_trees.phy","expA1_00001_0100_035_1_10kbp_partitions.nex","expA1_00001_0100_035_1_10kbp_output_alignment"
"2936",36,100,1,1,10000,"expA1_00001_0100_036_1_10kbp","JC",NA,"DNA","expA1_00001_0100_036_1_10kbp_random_trees.phy","expA1_00001_0100_036_1_10kbp_partitions.nex","expA1_00001_0100_036_1_10kbp_output_alignment"
"2937",37,100,1,1,10000,"expA1_00001_0100_037_1_10kbp","JC",NA,"DNA","expA1_00001_0100_037_1_10kbp_random_trees.phy","expA1_00001_0100_037_1_10kbp_partitions.nex","expA1_00001_0100_037_1_10kbp_output_alignment"
"2938",38,100,1,1,10000,"expA1_00001_0100_038_1_10kbp","JC",NA,"DNA","expA1_00001_0100_038_1_10kbp_random_trees.phy","expA1_00001_0100_038_1_10kbp_partitions.nex","expA1_00001_0100_038_1_10kbp_output_alignment"
"2939",39,100,1,1,10000,"expA1_00001_0100_039_1_10kbp","JC",NA,"DNA","expA1_00001_0100_039_1_10kbp_random_trees.phy","expA1_00001_0100_039_1_10kbp_partitions.nex","expA1_00001_0100_039_1_10kbp_output_alignment"
"2940",40,100,1,1,10000,"expA1_00001_0100_040_1_10kbp","JC",NA,"DNA","expA1_00001_0100_040_1_10kbp_random_trees.phy","expA1_00001_0100_040_1_10kbp_partitions.nex","expA1_00001_0100_040_1_10kbp_output_alignment"
"2941",41,100,1,1,10000,"expA1_00001_0100_041_1_10kbp","JC",NA,"DNA","expA1_00001_0100_041_1_10kbp_random_trees.phy","expA1_00001_0100_041_1_10kbp_partitions.nex","expA1_00001_0100_041_1_10kbp_output_alignment"
"2942",42,100,1,1,10000,"expA1_00001_0100_042_1_10kbp","JC",NA,"DNA","expA1_00001_0100_042_1_10kbp_random_trees.phy","expA1_00001_0100_042_1_10kbp_partitions.nex","expA1_00001_0100_042_1_10kbp_output_alignment"
"2943",43,100,1,1,10000,"expA1_00001_0100_043_1_10kbp","JC",NA,"DNA","expA1_00001_0100_043_1_10kbp_random_trees.phy","expA1_00001_0100_043_1_10kbp_partitions.nex","expA1_00001_0100_043_1_10kbp_output_alignment"
"2944",44,100,1,1,10000,"expA1_00001_0100_044_1_10kbp","JC",NA,"DNA","expA1_00001_0100_044_1_10kbp_random_trees.phy","expA1_00001_0100_044_1_10kbp_partitions.nex","expA1_00001_0100_044_1_10kbp_output_alignment"
"2945",45,100,1,1,10000,"expA1_00001_0100_045_1_10kbp","JC",NA,"DNA","expA1_00001_0100_045_1_10kbp_random_trees.phy","expA1_00001_0100_045_1_10kbp_partitions.nex","expA1_00001_0100_045_1_10kbp_output_alignment"
"2946",46,100,1,1,10000,"expA1_00001_0100_046_1_10kbp","JC",NA,"DNA","expA1_00001_0100_046_1_10kbp_random_trees.phy","expA1_00001_0100_046_1_10kbp_partitions.nex","expA1_00001_0100_046_1_10kbp_output_alignment"
"2947",47,100,1,1,10000,"expA1_00001_0100_047_1_10kbp","JC",NA,"DNA","expA1_00001_0100_047_1_10kbp_random_trees.phy","expA1_00001_0100_047_1_10kbp_partitions.nex","expA1_00001_0100_047_1_10kbp_output_alignment"
"2948",48,100,1,1,10000,"expA1_00001_0100_048_1_10kbp","JC",NA,"DNA","expA1_00001_0100_048_1_10kbp_random_trees.phy","expA1_00001_0100_048_1_10kbp_partitions.nex","expA1_00001_0100_048_1_10kbp_output_alignment"
"2949",49,100,1,1,10000,"expA1_00001_0100_049_1_10kbp","JC",NA,"DNA","expA1_00001_0100_049_1_10kbp_random_trees.phy","expA1_00001_0100_049_1_10kbp_partitions.nex","expA1_00001_0100_049_1_10kbp_output_alignment"
"2950",50,100,1,1,10000,"expA1_00001_0100_050_1_10kbp","JC",NA,"DNA","expA1_00001_0100_050_1_10kbp_random_trees.phy","expA1_00001_0100_050_1_10kbp_partitions.nex","expA1_00001_0100_050_1_10kbp_output_alignment"
"2951",51,100,1,1,10000,"expA1_00001_0100_051_1_10kbp","JC",NA,"DNA","expA1_00001_0100_051_1_10kbp_random_trees.phy","expA1_00001_0100_051_1_10kbp_partitions.nex","expA1_00001_0100_051_1_10kbp_output_alignment"
"2952",52,100,1,1,10000,"expA1_00001_0100_052_1_10kbp","JC",NA,"DNA","expA1_00001_0100_052_1_10kbp_random_trees.phy","expA1_00001_0100_052_1_10kbp_partitions.nex","expA1_00001_0100_052_1_10kbp_output_alignment"
"2953",53,100,1,1,10000,"expA1_00001_0100_053_1_10kbp","JC",NA,"DNA","expA1_00001_0100_053_1_10kbp_random_trees.phy","expA1_00001_0100_053_1_10kbp_partitions.nex","expA1_00001_0100_053_1_10kbp_output_alignment"
"2954",54,100,1,1,10000,"expA1_00001_0100_054_1_10kbp","JC",NA,"DNA","expA1_00001_0100_054_1_10kbp_random_trees.phy","expA1_00001_0100_054_1_10kbp_partitions.nex","expA1_00001_0100_054_1_10kbp_output_alignment"
"2955",55,100,1,1,10000,"expA1_00001_0100_055_1_10kbp","JC",NA,"DNA","expA1_00001_0100_055_1_10kbp_random_trees.phy","expA1_00001_0100_055_1_10kbp_partitions.nex","expA1_00001_0100_055_1_10kbp_output_alignment"
"2956",56,100,1,1,10000,"expA1_00001_0100_056_1_10kbp","JC",NA,"DNA","expA1_00001_0100_056_1_10kbp_random_trees.phy","expA1_00001_0100_056_1_10kbp_partitions.nex","expA1_00001_0100_056_1_10kbp_output_alignment"
"2957",57,100,1,1,10000,"expA1_00001_0100_057_1_10kbp","JC",NA,"DNA","expA1_00001_0100_057_1_10kbp_random_trees.phy","expA1_00001_0100_057_1_10kbp_partitions.nex","expA1_00001_0100_057_1_10kbp_output_alignment"
"2958",58,100,1,1,10000,"expA1_00001_0100_058_1_10kbp","JC",NA,"DNA","expA1_00001_0100_058_1_10kbp_random_trees.phy","expA1_00001_0100_058_1_10kbp_partitions.nex","expA1_00001_0100_058_1_10kbp_output_alignment"
"2959",59,100,1,1,10000,"expA1_00001_0100_059_1_10kbp","JC",NA,"DNA","expA1_00001_0100_059_1_10kbp_random_trees.phy","expA1_00001_0100_059_1_10kbp_partitions.nex","expA1_00001_0100_059_1_10kbp_output_alignment"
"2960",60,100,1,1,10000,"expA1_00001_0100_060_1_10kbp","JC",NA,"DNA","expA1_00001_0100_060_1_10kbp_random_trees.phy","expA1_00001_0100_060_1_10kbp_partitions.nex","expA1_00001_0100_060_1_10kbp_output_alignment"
"2961",61,100,1,1,10000,"expA1_00001_0100_061_1_10kbp","JC",NA,"DNA","expA1_00001_0100_061_1_10kbp_random_trees.phy","expA1_00001_0100_061_1_10kbp_partitions.nex","expA1_00001_0100_061_1_10kbp_output_alignment"
"2962",62,100,1,1,10000,"expA1_00001_0100_062_1_10kbp","JC",NA,"DNA","expA1_00001_0100_062_1_10kbp_random_trees.phy","expA1_00001_0100_062_1_10kbp_partitions.nex","expA1_00001_0100_062_1_10kbp_output_alignment"
"2963",63,100,1,1,10000,"expA1_00001_0100_063_1_10kbp","JC",NA,"DNA","expA1_00001_0100_063_1_10kbp_random_trees.phy","expA1_00001_0100_063_1_10kbp_partitions.nex","expA1_00001_0100_063_1_10kbp_output_alignment"
"2964",64,100,1,1,10000,"expA1_00001_0100_064_1_10kbp","JC",NA,"DNA","expA1_00001_0100_064_1_10kbp_random_trees.phy","expA1_00001_0100_064_1_10kbp_partitions.nex","expA1_00001_0100_064_1_10kbp_output_alignment"
"2965",65,100,1,1,10000,"expA1_00001_0100_065_1_10kbp","JC",NA,"DNA","expA1_00001_0100_065_1_10kbp_random_trees.phy","expA1_00001_0100_065_1_10kbp_partitions.nex","expA1_00001_0100_065_1_10kbp_output_alignment"
"2966",66,100,1,1,10000,"expA1_00001_0100_066_1_10kbp","JC",NA,"DNA","expA1_00001_0100_066_1_10kbp_random_trees.phy","expA1_00001_0100_066_1_10kbp_partitions.nex","expA1_00001_0100_066_1_10kbp_output_alignment"
"2967",67,100,1,1,10000,"expA1_00001_0100_067_1_10kbp","JC",NA,"DNA","expA1_00001_0100_067_1_10kbp_random_trees.phy","expA1_00001_0100_067_1_10kbp_partitions.nex","expA1_00001_0100_067_1_10kbp_output_alignment"
"2968",68,100,1,1,10000,"expA1_00001_0100_068_1_10kbp","JC",NA,"DNA","expA1_00001_0100_068_1_10kbp_random_trees.phy","expA1_00001_0100_068_1_10kbp_partitions.nex","expA1_00001_0100_068_1_10kbp_output_alignment"
"2969",69,100,1,1,10000,"expA1_00001_0100_069_1_10kbp","JC",NA,"DNA","expA1_00001_0100_069_1_10kbp_random_trees.phy","expA1_00001_0100_069_1_10kbp_partitions.nex","expA1_00001_0100_069_1_10kbp_output_alignment"
"2970",70,100,1,1,10000,"expA1_00001_0100_070_1_10kbp","JC",NA,"DNA","expA1_00001_0100_070_1_10kbp_random_trees.phy","expA1_00001_0100_070_1_10kbp_partitions.nex","expA1_00001_0100_070_1_10kbp_output_alignment"
"2971",71,100,1,1,10000,"expA1_00001_0100_071_1_10kbp","JC",NA,"DNA","expA1_00001_0100_071_1_10kbp_random_trees.phy","expA1_00001_0100_071_1_10kbp_partitions.nex","expA1_00001_0100_071_1_10kbp_output_alignment"
"2972",72,100,1,1,10000,"expA1_00001_0100_072_1_10kbp","JC",NA,"DNA","expA1_00001_0100_072_1_10kbp_random_trees.phy","expA1_00001_0100_072_1_10kbp_partitions.nex","expA1_00001_0100_072_1_10kbp_output_alignment"
"2973",73,100,1,1,10000,"expA1_00001_0100_073_1_10kbp","JC",NA,"DNA","expA1_00001_0100_073_1_10kbp_random_trees.phy","expA1_00001_0100_073_1_10kbp_partitions.nex","expA1_00001_0100_073_1_10kbp_output_alignment"
"2974",74,100,1,1,10000,"expA1_00001_0100_074_1_10kbp","JC",NA,"DNA","expA1_00001_0100_074_1_10kbp_random_trees.phy","expA1_00001_0100_074_1_10kbp_partitions.nex","expA1_00001_0100_074_1_10kbp_output_alignment"
"2975",75,100,1,1,10000,"expA1_00001_0100_075_1_10kbp","JC",NA,"DNA","expA1_00001_0100_075_1_10kbp_random_trees.phy","expA1_00001_0100_075_1_10kbp_partitions.nex","expA1_00001_0100_075_1_10kbp_output_alignment"
"2976",76,100,1,1,10000,"expA1_00001_0100_076_1_10kbp","JC",NA,"DNA","expA1_00001_0100_076_1_10kbp_random_trees.phy","expA1_00001_0100_076_1_10kbp_partitions.nex","expA1_00001_0100_076_1_10kbp_output_alignment"
"2977",77,100,1,1,10000,"expA1_00001_0100_077_1_10kbp","JC",NA,"DNA","expA1_00001_0100_077_1_10kbp_random_trees.phy","expA1_00001_0100_077_1_10kbp_partitions.nex","expA1_00001_0100_077_1_10kbp_output_alignment"
"2978",78,100,1,1,10000,"expA1_00001_0100_078_1_10kbp","JC",NA,"DNA","expA1_00001_0100_078_1_10kbp_random_trees.phy","expA1_00001_0100_078_1_10kbp_partitions.nex","expA1_00001_0100_078_1_10kbp_output_alignment"
"2979",79,100,1,1,10000,"expA1_00001_0100_079_1_10kbp","JC",NA,"DNA","expA1_00001_0100_079_1_10kbp_random_trees.phy","expA1_00001_0100_079_1_10kbp_partitions.nex","expA1_00001_0100_079_1_10kbp_output_alignment"
"2980",80,100,1,1,10000,"expA1_00001_0100_080_1_10kbp","JC",NA,"DNA","expA1_00001_0100_080_1_10kbp_random_trees.phy","expA1_00001_0100_080_1_10kbp_partitions.nex","expA1_00001_0100_080_1_10kbp_output_alignment"
"2981",81,100,1,1,10000,"expA1_00001_0100_081_1_10kbp","JC",NA,"DNA","expA1_00001_0100_081_1_10kbp_random_trees.phy","expA1_00001_0100_081_1_10kbp_partitions.nex","expA1_00001_0100_081_1_10kbp_output_alignment"
"2982",82,100,1,1,10000,"expA1_00001_0100_082_1_10kbp","JC",NA,"DNA","expA1_00001_0100_082_1_10kbp_random_trees.phy","expA1_00001_0100_082_1_10kbp_partitions.nex","expA1_00001_0100_082_1_10kbp_output_alignment"
"2983",83,100,1,1,10000,"expA1_00001_0100_083_1_10kbp","JC",NA,"DNA","expA1_00001_0100_083_1_10kbp_random_trees.phy","expA1_00001_0100_083_1_10kbp_partitions.nex","expA1_00001_0100_083_1_10kbp_output_alignment"
"2984",84,100,1,1,10000,"expA1_00001_0100_084_1_10kbp","JC",NA,"DNA","expA1_00001_0100_084_1_10kbp_random_trees.phy","expA1_00001_0100_084_1_10kbp_partitions.nex","expA1_00001_0100_084_1_10kbp_output_alignment"
"2985",85,100,1,1,10000,"expA1_00001_0100_085_1_10kbp","JC",NA,"DNA","expA1_00001_0100_085_1_10kbp_random_trees.phy","expA1_00001_0100_085_1_10kbp_partitions.nex","expA1_00001_0100_085_1_10kbp_output_alignment"
"2986",86,100,1,1,10000,"expA1_00001_0100_086_1_10kbp","JC",NA,"DNA","expA1_00001_0100_086_1_10kbp_random_trees.phy","expA1_00001_0100_086_1_10kbp_partitions.nex","expA1_00001_0100_086_1_10kbp_output_alignment"
"2987",87,100,1,1,10000,"expA1_00001_0100_087_1_10kbp","JC",NA,"DNA","expA1_00001_0100_087_1_10kbp_random_trees.phy","expA1_00001_0100_087_1_10kbp_partitions.nex","expA1_00001_0100_087_1_10kbp_output_alignment"
"2988",88,100,1,1,10000,"expA1_00001_0100_088_1_10kbp","JC",NA,"DNA","expA1_00001_0100_088_1_10kbp_random_trees.phy","expA1_00001_0100_088_1_10kbp_partitions.nex","expA1_00001_0100_088_1_10kbp_output_alignment"
"2989",89,100,1,1,10000,"expA1_00001_0100_089_1_10kbp","JC",NA,"DNA","expA1_00001_0100_089_1_10kbp_random_trees.phy","expA1_00001_0100_089_1_10kbp_partitions.nex","expA1_00001_0100_089_1_10kbp_output_alignment"
"2990",90,100,1,1,10000,"expA1_00001_0100_090_1_10kbp","JC",NA,"DNA","expA1_00001_0100_090_1_10kbp_random_trees.phy","expA1_00001_0100_090_1_10kbp_partitions.nex","expA1_00001_0100_090_1_10kbp_output_alignment"
"2991",91,100,1,1,10000,"expA1_00001_0100_091_1_10kbp","JC",NA,"DNA","expA1_00001_0100_091_1_10kbp_random_trees.phy","expA1_00001_0100_091_1_10kbp_partitions.nex","expA1_00001_0100_091_1_10kbp_output_alignment"
"2992",92,100,1,1,10000,"expA1_00001_0100_092_1_10kbp","JC",NA,"DNA","expA1_00001_0100_092_1_10kbp_random_trees.phy","expA1_00001_0100_092_1_10kbp_partitions.nex","expA1_00001_0100_092_1_10kbp_output_alignment"
"2993",93,100,1,1,10000,"expA1_00001_0100_093_1_10kbp","JC",NA,"DNA","expA1_00001_0100_093_1_10kbp_random_trees.phy","expA1_00001_0100_093_1_10kbp_partitions.nex","expA1_00001_0100_093_1_10kbp_output_alignment"
"2994",94,100,1,1,10000,"expA1_00001_0100_094_1_10kbp","JC",NA,"DNA","expA1_00001_0100_094_1_10kbp_random_trees.phy","expA1_00001_0100_094_1_10kbp_partitions.nex","expA1_00001_0100_094_1_10kbp_output_alignment"
"2995",95,100,1,1,10000,"expA1_00001_0100_095_1_10kbp","JC",NA,"DNA","expA1_00001_0100_095_1_10kbp_random_trees.phy","expA1_00001_0100_095_1_10kbp_partitions.nex","expA1_00001_0100_095_1_10kbp_output_alignment"
"2996",96,100,1,1,10000,"expA1_00001_0100_096_1_10kbp","JC",NA,"DNA","expA1_00001_0100_096_1_10kbp_random_trees.phy","expA1_00001_0100_096_1_10kbp_partitions.nex","expA1_00001_0100_096_1_10kbp_output_alignment"
"2997",97,100,1,1,10000,"expA1_00001_0100_097_1_10kbp","JC",NA,"DNA","expA1_00001_0100_097_1_10kbp_random_trees.phy","expA1_00001_0100_097_1_10kbp_partitions.nex","expA1_00001_0100_097_1_10kbp_output_alignment"
"2998",98,100,1,1,10000,"expA1_00001_0100_098_1_10kbp","JC",NA,"DNA","expA1_00001_0100_098_1_10kbp_random_trees.phy","expA1_00001_0100_098_1_10kbp_partitions.nex","expA1_00001_0100_098_1_10kbp_output_alignment"
"2999",99,100,1,1,10000,"expA1_00001_0100_099_1_10kbp","JC",NA,"DNA","expA1_00001_0100_099_1_10kbp_random_trees.phy","expA1_00001_0100_099_1_10kbp_partitions.nex","expA1_00001_0100_099_1_10kbp_output_alignment"
"3000",100,100,1,1,10000,"expA1_00001_0100_100_1_10kbp","JC",NA,"DNA","expA1_00001_0100_100_1_10kbp_random_trees.phy","expA1_00001_0100_100_1_10kbp_partitions.nex","expA1_00001_0100_100_1_10kbp_output_alignment"
